iri,label,domain,obo_id
http://purl.allotrope.org/ontologies/common#AFC_0000021,range,other,AFO_common#AFC:0000021
http://purl.allotrope.org/ontologies/common#AFC_0000036,codelist,other,AFO_common#AFC:0000036
http://purl.allotrope.org/ontologies/common#AFC_0000050,code,other,AFO_common#AFC:0000050
http://purl.allotrope.org/ontologies/common#AFC_0000090,condition,other,AFO_common#AFC:0000090
http://purl.allotrope.org/ontologies/common#AFC_0000091,and condition,other,AFO_common#AFC:0000091
http://purl.allotrope.org/ontologies/common#AFC_0000092,or condition,other,AFO_common#AFC:0000092
http://purl.allotrope.org/ontologies/common#AFC_0000093,one of condition,other,AFO_common#AFC:0000093
http://purl.allotrope.org/ontologies/common#AFC_0000160,list,other,AFO_common#AFC:0000160
http://purl.allotrope.org/ontologies/common#AFC_0000161,list item,other,AFO_common#AFC:0000161
http://purl.allotrope.org/ontologies/common#AFC_0000162,series,other,AFO_common#AFC:0000162
http://purl.allotrope.org/ontologies/common#AFC_0000163,series item,other,AFO_common#AFC:0000163
http://purl.allotrope.org/ontologies/common#AFC_0000166,collection,other,AFO_common#AFC:0000166
http://purl.allotrope.org/ontologies/common#AFC_0000167,item,other,AFO_common#AFC:0000167
http://purl.allotrope.org/ontologies/common#AFC_0000168,set,other,AFO_common#AFC:0000168
http://purl.allotrope.org/ontologies/equipment#AFE_0000004,ion source,equipment,AFO_equipment#AFE:0000004
http://purl.allotrope.org/ontologies/equipment#AFE_0000014,plumbing equipment,equipment,AFO_equipment#AFE:0000014
http://purl.allotrope.org/ontologies/equipment#AFE_0000022,sample passage,equipment,AFO_equipment#AFE:0000022
http://purl.allotrope.org/ontologies/equipment#AFE_0000023,calorimeter,equipment,AFO_equipment#AFE:0000023
http://purl.allotrope.org/ontologies/equipment#AFE_0000024,gas chromatograph,equipment,AFO_equipment#AFE:0000024
http://purl.allotrope.org/ontologies/equipment#AFE_0000029,well plate,equipment,AFO_equipment#AFE:0000029
http://purl.allotrope.org/ontologies/equipment#AFE_0000038,mass-to-charge analyzer,equipment,AFO_equipment#AFE:0000038
http://purl.allotrope.org/ontologies/equipment#AFE_0000040,barcode reader,equipment,AFO_equipment#AFE:0000040
http://purl.allotrope.org/ontologies/equipment#AFE_0000049,anode,equipment,AFO_equipment#AFE:0000049
http://purl.allotrope.org/ontologies/equipment#AFE_0000073,autosampler,equipment,AFO_equipment#AFE:0000073
http://purl.allotrope.org/ontologies/equipment#AFE_0000074,device system,equipment,AFO_equipment#AFE:0000074
http://purl.allotrope.org/ontologies/equipment#AFE_0000078,capillary column,equipment,AFO_equipment#AFE:0000078
http://purl.allotrope.org/ontologies/equipment#AFE_0000085,electrochemical coulometer,equipment,AFO_equipment#AFE:0000085
http://purl.allotrope.org/ontologies/equipment#AFE_0000088,fraction collector,equipment,AFO_equipment#AFE:0000088
http://purl.allotrope.org/ontologies/equipment#AFE_0000090,diode array detector,equipment,AFO_equipment#AFE:0000090
http://purl.allotrope.org/ontologies/equipment#AFE_0000097,electromagnetic radiation source,equipment,AFO_equipment#AFE:0000097
http://purl.allotrope.org/ontologies/equipment#AFE_0000105,flow cell,equipment,AFO_equipment#AFE:0000105
http://purl.allotrope.org/ontologies/equipment#AFE_0000107,Karl-Fischer coulometer,equipment,AFO_equipment#AFE:0000107
http://purl.allotrope.org/ontologies/equipment#AFE_0000112,porous-layer open-tubular column,equipment,AFO_equipment#AFE:0000112
http://purl.allotrope.org/ontologies/equipment#AFE_0000114,skimmer,equipment,AFO_equipment#AFE:0000114
http://purl.allotrope.org/ontologies/equipment#AFE_0000129,optical microscope,equipment,AFO_equipment#AFE:0000129
http://purl.allotrope.org/ontologies/equipment#AFE_0000135,analytical column,equipment,AFO_equipment#AFE:0000135
http://purl.allotrope.org/ontologies/equipment#AFE_0000139,overhead stirrer,equipment,AFO_equipment#AFE:0000139
http://purl.allotrope.org/ontologies/equipment#AFE_0000145,channel (communication),equipment,AFO_equipment#AFE:0000145
http://purl.allotrope.org/ontologies/equipment#AFE_0000153,reactor,equipment,AFO_equipment#AFE:0000153
http://purl.allotrope.org/ontologies/equipment#AFE_0000158,open chromatographic bed,equipment,AFO_equipment#AFE:0000158
http://purl.allotrope.org/ontologies/equipment#AFE_0000161,gas chromatograph inlet,equipment,AFO_equipment#AFE:0000161
http://purl.allotrope.org/ontologies/equipment#AFE_0000171,ultra high-performance liquid chromatograph,equipment,AFO_equipment#AFE:0000171
http://purl.allotrope.org/ontologies/equipment#AFE_0000185,spectrophotometer,equipment,AFO_equipment#AFE:0000185
http://purl.allotrope.org/ontologies/equipment#AFE_0000199,stir bar,equipment,AFO_equipment#AFE:0000199
http://purl.allotrope.org/ontologies/equipment#AFE_0000201,analytical balance,equipment,AFO_equipment#AFE:0000201
http://purl.allotrope.org/ontologies/equipment#AFE_0000209,flame ionization detector,equipment,AFO_equipment#AFE:0000209
http://purl.allotrope.org/ontologies/equipment#AFE_0000217,chromatography column,equipment,AFO_equipment#AFE:0000217
http://purl.allotrope.org/ontologies/equipment#AFE_0000223,electron ionization source,equipment,AFO_equipment#AFE:0000223
http://purl.allotrope.org/ontologies/equipment#AFE_0000224,high-performance liquid chromatograph,equipment,AFO_equipment#AFE:0000224
http://purl.allotrope.org/ontologies/equipment#AFE_0000231,high-performance liquid chromatography column,equipment,AFO_equipment#AFE:0000231
http://purl.allotrope.org/ontologies/equipment#AFE_0000246,chromatographic detector,equipment,AFO_equipment#AFE:0000246
http://purl.allotrope.org/ontologies/equipment#AFE_0000252,weighing device,equipment,AFO_equipment#AFE:0000252
http://purl.allotrope.org/ontologies/equipment#AFE_0000266,injection device,equipment,AFO_equipment#AFE:0000266
http://purl.allotrope.org/ontologies/equipment#AFE_0000277,strong anion-exchange column,equipment,AFO_equipment#AFE:0000277
http://purl.allotrope.org/ontologies/equipment#AFE_0000299,homogenizer,equipment,AFO_equipment#AFE:0000299
http://purl.allotrope.org/ontologies/equipment#AFE_0000301,weak anion-exchange column,equipment,AFO_equipment#AFE:0000301
http://purl.allotrope.org/ontologies/equipment#AFE_0000307,support-coated open-tubular column,equipment,AFO_equipment#AFE:0000307
http://purl.allotrope.org/ontologies/equipment#AFE_0000316,thermal conductivity detector,equipment,AFO_equipment#AFE:0000316
http://purl.allotrope.org/ontologies/equipment#AFE_0000317,detector,equipment,AFO_equipment#AFE:0000317
http://purl.allotrope.org/ontologies/equipment#AFE_0000322,compartment,equipment,AFO_equipment#AFE:0000322
http://purl.allotrope.org/ontologies/equipment#AFE_0000327,pressure sensor,equipment,AFO_equipment#AFE:0000327
http://purl.allotrope.org/ontologies/equipment#AFE_0000329,vial,equipment,AFO_equipment#AFE:0000329
http://purl.allotrope.org/ontologies/equipment#AFE_0000340,capillary,equipment,AFO_equipment#AFE:0000340
http://purl.allotrope.org/ontologies/equipment#AFE_0000350,temperature controlled chamber,equipment,AFO_equipment#AFE:0000350
http://purl.allotrope.org/ontologies/equipment#AFE_0000354,device,equipment,AFO_equipment#AFE:0000354
http://purl.allotrope.org/ontologies/equipment#AFE_0000360,strong cation-exchange column,equipment,AFO_equipment#AFE:0000360
http://purl.allotrope.org/ontologies/equipment#AFE_0000363,refractive index detector,equipment,AFO_equipment#AFE:0000363
http://purl.allotrope.org/ontologies/equipment#AFE_0000368,electrolytic conductivity detector,equipment,AFO_equipment#AFE:0000368
http://purl.allotrope.org/ontologies/equipment#AFE_0000370,chemical ionization source,equipment,AFO_equipment#AFE:0000370
http://purl.allotrope.org/ontologies/equipment#AFE_0000374,magnetic stirrer,equipment,AFO_equipment#AFE:0000374
http://purl.allotrope.org/ontologies/equipment#AFE_0000378,reservoir,equipment,AFO_equipment#AFE:0000378
http://purl.allotrope.org/ontologies/equipment#AFE_0000392,chromatograph,equipment,AFO_equipment#AFE:0000392
http://purl.allotrope.org/ontologies/equipment#AFE_0000407,container,equipment,AFO_equipment#AFE:0000407
http://purl.allotrope.org/ontologies/equipment#AFE_0000410,thermometer,equipment,AFO_equipment#AFE:0000410
http://purl.allotrope.org/ontologies/equipment#AFE_0000421,ultraviolet-visible spectrometer,equipment,AFO_equipment#AFE:0000421
http://purl.allotrope.org/ontologies/equipment#AFE_0000422,electrode,equipment,AFO_equipment#AFE:0000422
http://purl.allotrope.org/ontologies/equipment#AFE_0000430,guard column,equipment,AFO_equipment#AFE:0000430
http://purl.allotrope.org/ontologies/equipment#AFE_0000431,gel filtration chromatograph,equipment,AFO_equipment#AFE:0000431
http://purl.allotrope.org/ontologies/equipment#AFE_0000462,sample inlet,equipment,AFO_equipment#AFE:0000462
http://purl.allotrope.org/ontologies/equipment#AFE_0000466,optical spectrometer,equipment,AFO_equipment#AFE:0000466
http://purl.allotrope.org/ontologies/equipment#AFE_0000471,damper,equipment,AFO_equipment#AFE:0000471
http://purl.allotrope.org/ontologies/equipment#AFE_0000499,pump,equipment,AFO_equipment#AFE:0000499
http://purl.allotrope.org/ontologies/equipment#AFE_0000523,cation-exchange column,equipment,AFO_equipment#AFE:0000523
http://purl.allotrope.org/ontologies/equipment#AFE_0000524,cell counter,equipment,AFO_equipment#AFE:0000524
http://purl.allotrope.org/ontologies/equipment#AFE_0000527,quadrupole mass spectrometer,equipment,AFO_equipment#AFE:0000527
http://purl.allotrope.org/ontologies/equipment#AFE_0000528,temperature controller,equipment,AFO_equipment#AFE:0000528
http://purl.allotrope.org/ontologies/equipment#AFE_0000532,cathode,equipment,AFO_equipment#AFE:0000532
http://purl.allotrope.org/ontologies/equipment#AFE_0000534,electron capture detector,equipment,AFO_equipment#AFE:0000534
http://purl.allotrope.org/ontologies/equipment#AFE_0000540,vial rack,equipment,AFO_equipment#AFE:0000540
http://purl.allotrope.org/ontologies/equipment#AFE_0000541,Paul ion trap,equipment,AFO_equipment#AFE:0000541
http://purl.allotrope.org/ontologies/equipment#AFE_0000550,anion-exchange column,equipment,AFO_equipment#AFE:0000550
http://purl.allotrope.org/ontologies/equipment#AFE_0000551,Raman spectrometer,equipment,AFO_equipment#AFE:0000551
http://purl.allotrope.org/ontologies/equipment#AFE_0000554,ultraviolet spectrometer,equipment,AFO_equipment#AFE:0000554
http://purl.allotrope.org/ontologies/equipment#AFE_0000555,data acquisition device,equipment,AFO_equipment#AFE:0000555
http://purl.allotrope.org/ontologies/equipment#AFE_0000558,splitter,equipment,AFO_equipment#AFE:0000558
http://purl.allotrope.org/ontologies/equipment#AFE_0000567,fluorescence detector,equipment,AFO_equipment#AFE:0000567
http://purl.allotrope.org/ontologies/equipment#AFE_0000574,blood gas analyzer,equipment,AFO_equipment#AFE:0000574
http://purl.allotrope.org/ontologies/equipment#AFE_0000579,capillary electrophoresis column,equipment,AFO_equipment#AFE:0000579
http://purl.allotrope.org/ontologies/equipment#AFE_0000587,degasser,equipment,AFO_equipment#AFE:0000587
http://purl.allotrope.org/ontologies/equipment#AFE_0000625,ion trap,equipment,AFO_equipment#AFE:0000625
http://purl.allotrope.org/ontologies/equipment#AFE_0000642,ion detector,equipment,AFO_equipment#AFE:0000642
http://purl.allotrope.org/ontologies/equipment#AFE_0000646,measurement chamber,equipment,AFO_equipment#AFE:0000646
http://purl.allotrope.org/ontologies/equipment#AFE_0000648,mass spectrometer,equipment,AFO_equipment#AFE:0000648
http://purl.allotrope.org/ontologies/equipment#AFE_0000669,electrospray inlet,equipment,AFO_equipment#AFE:0000669
http://purl.allotrope.org/ontologies/equipment#AFE_0000673,supercritical-fluid chromatograph,equipment,AFO_equipment#AFE:0000673
http://purl.allotrope.org/ontologies/equipment#AFE_0000691,open-tubular column,equipment,AFO_equipment#AFE:0000691
http://purl.allotrope.org/ontologies/equipment#AFE_0000692,packed column,equipment,AFO_equipment#AFE:0000692
http://purl.allotrope.org/ontologies/equipment#AFE_0000693,balance,equipment,AFO_equipment#AFE:0000693
http://purl.allotrope.org/ontologies/equipment#AFE_0000711,ultraviolet detector,equipment,AFO_equipment#AFE:0000711
http://purl.allotrope.org/ontologies/equipment#AFE_0000718,tube,equipment,AFO_equipment#AFE:0000718
http://purl.allotrope.org/ontologies/equipment#AFE_0000733,differential scanning calorimeter,equipment,AFO_equipment#AFE:0000733
http://purl.allotrope.org/ontologies/equipment#AFE_0000734,electronic absorbance detector,equipment,AFO_equipment#AFE:0000734
http://purl.allotrope.org/ontologies/equipment#AFE_0000742,array column,equipment,AFO_equipment#AFE:0000742
http://purl.allotrope.org/ontologies/equipment#AFE_0000746,syringe,equipment,AFO_equipment#AFE:0000746
http://purl.allotrope.org/ontologies/equipment#AFE_0000753,ion optics,equipment,AFO_equipment#AFE:0000753
http://purl.allotrope.org/ontologies/equipment#AFE_0000755,splitless inlet,equipment,AFO_equipment#AFE:0000755
http://purl.allotrope.org/ontologies/equipment#AFE_0000761,display,equipment,AFO_equipment#AFE:0000761
http://purl.allotrope.org/ontologies/equipment#AFE_0000771,ion source inlet,equipment,AFO_equipment#AFE:0000771
http://purl.allotrope.org/ontologies/equipment#AFE_0000775,weak cation-exchange column,equipment,AFO_equipment#AFE:0000775
http://purl.allotrope.org/ontologies/equipment#AFE_0000776,single quadrupole mass spectrometer,equipment,AFO_equipment#AFE:0000776
http://purl.allotrope.org/ontologies/equipment#AFE_0000779,wall-coated open-tubular column,equipment,AFO_equipment#AFE:0000779
http://purl.allotrope.org/ontologies/equipment#AFE_0000785,cooling device,equipment,AFO_equipment#AFE:0000785
http://purl.allotrope.org/ontologies/equipment#AFE_0000795,valve,equipment,AFO_equipment#AFE:0000795
http://purl.allotrope.org/ontologies/equipment#AFE_0000800,ultraviolet-visible-near infrared spectrometer,equipment,AFO_equipment#AFE:0000800
http://purl.allotrope.org/ontologies/equipment#AFE_0000803,ion-exchange column,equipment,AFO_equipment#AFE:0000803
http://purl.allotrope.org/ontologies/equipment#AFE_0000808,liquid chromatograph,equipment,AFO_equipment#AFE:0000808
http://purl.allotrope.org/ontologies/equipment#AFE_0000811,split inlet,equipment,AFO_equipment#AFE:0000811
http://purl.allotrope.org/ontologies/equipment#AFE_0000812,stirrer,equipment,AFO_equipment#AFE:0000812
http://purl.allotrope.org/ontologies/equipment#AFE_0000816,oven,equipment,AFO_equipment#AFE:0000816
http://purl.allotrope.org/ontologies/equipment#AFE_0000825,microscope,equipment,AFO_equipment#AFE:0000825
http://purl.allotrope.org/ontologies/equipment#AFE_0000828,solvent channel,equipment,AFO_equipment#AFE:0000828
http://purl.allotrope.org/ontologies/equipment#AFE_0000847,port,equipment,AFO_equipment#AFE:0000847
http://purl.allotrope.org/ontologies/equipment#AFE_0000855,coulometer,equipment,AFO_equipment#AFE:0000855
http://purl.allotrope.org/ontologies/equipment#AFE_0000857,spectrometer,equipment,AFO_equipment#AFE:0000857
http://purl.allotrope.org/ontologies/equipment#AFE_0000876,titrator,equipment,AFO_equipment#AFE:0000876
http://purl.allotrope.org/ontologies/equipment#AFE_0000986,slit,equipment,AFO_equipment#AFE:0000986
http://purl.allotrope.org/ontologies/equipment#AFE_0001028,device region,equipment,AFO_equipment#AFE:0001028
http://purl.allotrope.org/ontologies/equipment#AFE_0001045,quadrupole,equipment,AFO_equipment#AFE:0001045
http://purl.allotrope.org/ontologies/equipment#AFE_0001121,bath,equipment,AFO_equipment#AFE:0001121
http://purl.allotrope.org/ontologies/equipment#AFE_0001128,heating device,equipment,AFO_equipment#AFE:0001128
http://purl.allotrope.org/ontologies/equipment#AFE_0001265,agitator,equipment,AFO_equipment#AFE:0001265
http://purl.allotrope.org/ontologies/equipment#AFE_0001266,mixer,equipment,AFO_equipment#AFE:0001266
http://purl.allotrope.org/ontologies/equipment#AFE_0001410,jar,equipment,AFO_equipment#AFE:0001410
http://purl.allotrope.org/ontologies/equipment#AFE_0001515,photometer,equipment,AFO_equipment#AFE:0001515
http://purl.allotrope.org/ontologies/equipment#AFE_0001519,controlled lab reactor,equipment,AFO_equipment#AFE:0001519
http://purl.allotrope.org/ontologies/equipment#AFE_0001622,differential scanning calorimetry pan,equipment,AFO_equipment#AFE:0001622
http://purl.allotrope.org/ontologies/equipment#AFE_0001623,pan,equipment,AFO_equipment#AFE:0001623
http://purl.allotrope.org/ontologies/equipment#AFE_0001671,mass flow controller,equipment,AFO_equipment#AFE:0001671
http://purl.allotrope.org/ontologies/equipment#AFE_0001695,computer,equipment,AFO_equipment#AFE:0001695
http://purl.allotrope.org/ontologies/equipment#AFE_0001703,pressure regulator,equipment,AFO_equipment#AFE:0001703
http://purl.allotrope.org/ontologies/equipment#AFE_0001711,sampler,equipment,AFO_equipment#AFE:0001711
http://purl.allotrope.org/ontologies/equipment#AFE_0001718,tablet press,equipment,AFO_equipment#AFE:0001718
http://purl.allotrope.org/ontologies/equipment#AFE_0001724,tablet weight monitoring device,equipment,AFO_equipment#AFE:0001724
http://purl.allotrope.org/ontologies/equipment#AFE_0001745,optical device,equipment,AFO_equipment#AFE:0001745
http://purl.allotrope.org/ontologies/equipment#AFE_0001747,cell holder,equipment,AFO_equipment#AFE:0001747
http://purl.allotrope.org/ontologies/equipment#AFE_0001754,excimer lamp,equipment,AFO_equipment#AFE:0001754
http://purl.allotrope.org/ontologies/equipment#AFE_0001755,UV lamp,equipment,AFO_equipment#AFE:0001755
http://purl.allotrope.org/ontologies/equipment#AFE_0001761,tubing connector,equipment,AFO_equipment#AFE:0001761
http://purl.allotrope.org/ontologies/equipment#AFE_0001763,spin column,equipment,AFO_equipment#AFE:0001763
http://purl.allotrope.org/ontologies/equipment#AFE_0001771,visible lamp,equipment,AFO_equipment#AFE:0001771
http://purl.allotrope.org/ontologies/equipment#AFE_0001772,deuterium lamp,equipment,AFO_equipment#AFE:0001772
http://purl.allotrope.org/ontologies/equipment#AFE_0001774,fibrette,equipment,AFO_equipment#AFE:0001774
http://purl.allotrope.org/ontologies/equipment#AFE_0001775,fibrette coupler,equipment,AFO_equipment#AFE:0001775
http://purl.allotrope.org/ontologies/equipment#AFE_0001797,bypass injector,equipment,AFO_equipment#AFE:0001797
http://purl.allotrope.org/ontologies/equipment#AFE_0001798,direct injector,equipment,AFO_equipment#AFE:0001798
http://purl.allotrope.org/ontologies/equipment#AFE_0001799,on-column injector,equipment,AFO_equipment#AFE:0001799
http://purl.allotrope.org/ontologies/equipment#AFE_0001860,diode,equipment,AFO_equipment#AFE:0001860
http://purl.allotrope.org/ontologies/equipment#AFE_0001875,lamp,equipment,AFO_equipment#AFE:0001875
http://purl.allotrope.org/ontologies/equipment#AFE_0002099,artifact,equipment,AFO_equipment#AFE:0002099
http://purl.allotrope.org/ontologies/equipment#AFE_0002102,needle,equipment,AFO_equipment#AFE:0002102
http://purl.allotrope.org/ontologies/equipment#AFE_0002141,measuring system,equipment,AFO_equipment#AFE:0002141
http://purl.allotrope.org/ontologies/equipment#AFE_0002144,LC-UV system,equipment,AFO_equipment#AFE:0002144
http://purl.allotrope.org/ontologies/equipment#AFE_0002145,measurement device,equipment,AFO_equipment#AFE:0002145
http://purl.allotrope.org/ontologies/equipment#AFE_0002148,controller,equipment,AFO_equipment#AFE:0002148
http://purl.allotrope.org/ontologies/equipment#AFE_0002151,coupling device,equipment,AFO_equipment#AFE:0002151
http://purl.allotrope.org/ontologies/equipment#AFE_0002153,plumbing system,equipment,AFO_equipment#AFE:0002153
http://purl.allotrope.org/ontologies/equipment#AFE_0002156,input device,equipment,AFO_equipment#AFE:0002156
http://purl.allotrope.org/ontologies/equipment#AFE_0002157,separation device,equipment,AFO_equipment#AFE:0002157
http://purl.allotrope.org/ontologies/equipment#AFE_0002158,artificial system,equipment,AFO_equipment#AFE:0002158
http://purl.allotrope.org/ontologies/equipment#AFE_0002165,separation column,equipment,AFO_equipment#AFE:0002165
http://purl.allotrope.org/ontologies/equipment#AFE_0002168,transferring device,equipment,AFO_equipment#AFE:0002168
http://purl.allotrope.org/ontologies/equipment#AFE_0002172,collecting device,equipment,AFO_equipment#AFE:0002172
http://purl.allotrope.org/ontologies/equipment#AFE_0002177,pump system,equipment,AFO_equipment#AFE:0002177
http://purl.allotrope.org/ontologies/equipment#AFE_0002184,sensor,equipment,AFO_equipment#AFE:0002184
http://purl.allotrope.org/ontologies/equipment#AFE_0002185,measurement component,equipment,AFO_equipment#AFE:0002185
http://purl.allotrope.org/ontologies/equipment#AFE_0002186,injection device component,equipment,AFO_equipment#AFE:0002186
http://purl.allotrope.org/ontologies/equipment#AFE_0002188,gas chromatography detector,equipment,AFO_equipment#AFE:0002188
http://purl.allotrope.org/ontologies/equipment#AFE_0002189,guiding device,equipment,AFO_equipment#AFE:0002189
http://purl.allotrope.org/ontologies/equipment#AFE_0002190,in port,equipment,AFO_equipment#AFE:0002190
http://purl.allotrope.org/ontologies/equipment#AFE_0002191,out port,equipment,AFO_equipment#AFE:0002191
http://purl.allotrope.org/ontologies/equipment#AFE_0002192,in/out port,equipment,AFO_equipment#AFE:0002192
http://purl.allotrope.org/ontologies/equipment#AFE_0002193,distribution device,equipment,AFO_equipment#AFE:0002193
http://purl.allotrope.org/ontologies/equipment#AFE_0002194,split/splitless inlet,equipment,AFO_equipment#AFE:0002194
http://purl.allotrope.org/ontologies/equipment#AFE_0002195,GC system,equipment,AFO_equipment#AFE:0002195
http://purl.allotrope.org/ontologies/equipment#AFE_0002197,LC system,equipment,AFO_equipment#AFE:0002197
http://purl.allotrope.org/ontologies/equipment#AFE_0002198,column compartment,equipment,AFO_equipment#AFE:0002198
http://purl.allotrope.org/ontologies/equipment#AFE_0002200,liquid chromatography detector,equipment,AFO_equipment#AFE:0002200
http://purl.allotrope.org/ontologies/equipment#AFE_0002201,packed injector,equipment,AFO_equipment#AFE:0002201
http://purl.allotrope.org/ontologies/equipment#AFE_0002202,monolithic column,equipment,AFO_equipment#AFE:0002202
http://purl.allotrope.org/ontologies/equipment#AFE_0002204,clock,equipment,AFO_equipment#AFE:0002204
http://purl.allotrope.org/ontologies/equipment#AFE_0002205,mass spectrometry system,equipment,AFO_equipment#AFE:0002205
http://purl.allotrope.org/ontologies/equipment#AFE_0002206,bench,equipment,AFO_equipment#AFE:0002206
http://purl.allotrope.org/ontologies/equipment#AFE_0002209,placement device,equipment,AFO_equipment#AFE:0002209
http://purl.allotrope.org/ontologies/equipment#AFE_0002210,table,equipment,AFO_equipment#AFE:0002210
http://purl.allotrope.org/ontologies/equipment#AFE_0002211,multimeter,equipment,AFO_equipment#AFE:0002211
http://purl.allotrope.org/ontologies/equipment#AFE_0002212,frequency synthesizer,equipment,AFO_equipment#AFE:0002212
http://purl.allotrope.org/ontologies/equipment#AFE_0002215,mass spectrometer ionization source,equipment,AFO_equipment#AFE:0002215
http://purl.allotrope.org/ontologies/equipment#AFE_0002217,filament (ms),equipment,AFO_equipment#AFE:0002217
http://purl.allotrope.org/ontologies/equipment#AFE_0002220,Karl-Fischer titrator,equipment,AFO_equipment#AFE:0002220
http://purl.allotrope.org/ontologies/equipment#AFE_0002221,backpressure regulator,equipment,AFO_equipment#AFE:0002221
http://purl.allotrope.org/ontologies/equipment#AFE_0002222,nozzle,equipment,AFO_equipment#AFE:0002222
http://purl.allotrope.org/ontologies/equipment#AFE_0002223,SFC system,equipment,AFO_equipment#AFE:0002223
http://purl.allotrope.org/ontologies/equipment#AFE_0002224,reactor jacket,equipment,AFO_equipment#AFE:0002224
http://purl.allotrope.org/ontologies/equipment#AFE_0002225,covering device,equipment,AFO_equipment#AFE:0002225
http://purl.allotrope.org/ontologies/equipment#AFE_0002226,jacket,equipment,AFO_equipment#AFE:0002226
http://purl.allotrope.org/ontologies/equipment#AFE_0002227,connecting device,equipment,AFO_equipment#AFE:0002227
http://purl.allotrope.org/ontologies/equipment#AFE_0002228,shaping device,equipment,AFO_equipment#AFE:0002228
http://purl.allotrope.org/ontologies/equipment#AFE_0002229,conversion device,equipment,AFO_equipment#AFE:0002229
http://purl.allotrope.org/ontologies/equipment#AFE_0002231,tray,equipment,AFO_equipment#AFE:0002231
http://purl.allotrope.org/ontologies/equipment#AFE_0002232,data system,equipment,AFO_equipment#AFE:0002232
http://purl.allotrope.org/ontologies/equipment#AFE_0002233,chromatography data system,equipment,AFO_equipment#AFE:0002233
http://purl.allotrope.org/ontologies/equipment#AFE_0002234,laboratory information management system,equipment,AFO_equipment#AFE:0002234
http://purl.allotrope.org/ontologies/equipment#AFE_0002235,communication device,equipment,AFO_equipment#AFE:0002235
http://purl.allotrope.org/ontologies/equipment#AFE_0002236,beamsplitter,equipment,AFO_equipment#AFE:0002236
http://purl.allotrope.org/ontologies/equipment#AFE_0002240,array card block,equipment,AFO_equipment#AFE:0002240
http://purl.allotrope.org/ontologies/equipment#AFE_0002241,well (plate),equipment,AFO_equipment#AFE:0002241
http://purl.allotrope.org/ontologies/equipment#AFE_0002242,observation device,equipment,AFO_equipment#AFE:0002242
http://purl.allotrope.org/ontologies/equipment#AFE_0002243,PCR reaction block,equipment,AFO_equipment#AFE:0002243
http://purl.allotrope.org/ontologies/equipment#AFE_0002248,probe,equipment,AFO_equipment#AFE:0002248
http://purl.allotrope.org/ontologies/equipment#AFE_0002250,radiation source,equipment,AFO_equipment#AFE:0002250
http://purl.allotrope.org/ontologies/equipment#AFE_0002251,fast protein liquid chromatograph,equipment,AFO_equipment#AFE:0002251
http://purl.allotrope.org/ontologies/equipment#AFE_0002252,aperture,equipment,AFO_equipment#AFE:0002252
http://purl.allotrope.org/ontologies/equipment#AFE_0002253,sample measurement interface,equipment,AFO_equipment#AFE:0002253
http://purl.allotrope.org/ontologies/equipment#AFE_0002254,inhibition device,equipment,AFO_equipment#AFE:0002254
http://purl.allotrope.org/ontologies/equipment#AFE_0002255,fast protein liquid chromatography system,equipment,AFO_equipment#AFE:0002255
http://purl.allotrope.org/ontologies/equipment#AFE_0002256,compression device,equipment,AFO_equipment#AFE:0002256
http://purl.allotrope.org/ontologies/equipment#AFE_0002257,disintegration apparatus,equipment,AFO_equipment#AFE:0002257
http://purl.allotrope.org/ontologies/equipment#AFE_0002258,disintegration apparatus disc,equipment,AFO_equipment#AFE:0002258
http://purl.allotrope.org/ontologies/equipment#AFE_0002259,basket,equipment,AFO_equipment#AFE:0002259
http://purl.allotrope.org/ontologies/equipment#AFE_0002260,disintegration apparatus basket,equipment,AFO_equipment#AFE:0002260
http://purl.allotrope.org/ontologies/equipment#AFE_0002261,lens,equipment,AFO_equipment#AFE:0002261
http://purl.allotrope.org/ontologies/equipment#AFE_0002262,condenser lens,equipment,AFO_equipment#AFE:0002262
http://purl.allotrope.org/ontologies/equipment#AFE_0002263,disconnecting device,equipment,AFO_equipment#AFE:0002263
http://purl.allotrope.org/ontologies/equipment#AFE_0002264,disintegration device,equipment,AFO_equipment#AFE:0002264
http://purl.allotrope.org/ontologies/equipment#AFE_0002267,plate heater,equipment,AFO_equipment#AFE:0002267
http://purl.allotrope.org/ontologies/equipment#AFE_0002268,force gauge,equipment,AFO_equipment#AFE:0002268
http://purl.allotrope.org/ontologies/equipment#AFE_0002269,heater bar,equipment,AFO_equipment#AFE:0002269
http://purl.allotrope.org/ontologies/equipment#AFE_0002270,heat seal,equipment,AFO_equipment#AFE:0002270
http://purl.allotrope.org/ontologies/equipment#AFE_0002271,gripping device,equipment,AFO_equipment#AFE:0002271
http://purl.allotrope.org/ontologies/equipment#AFE_0002272,dissolution vessel,equipment,AFO_equipment#AFE:0002272
http://purl.allotrope.org/ontologies/equipment#AFE_0002273,nitrogen-phosphorus detector,equipment,AFO_equipment#AFE:0002273
http://purl.allotrope.org/ontologies/equipment#AFE_0002274,nitrogen chemiluminescence detector,equipment,AFO_equipment#AFE:0002274
http://purl.allotrope.org/ontologies/equipment#AFE_0002275,sulfur chemiluminescence detector,equipment,AFO_equipment#AFE:0002275
http://purl.allotrope.org/ontologies/equipment#AFE_0002276,flame photometric detector,equipment,AFO_equipment#AFE:0002276
http://purl.allotrope.org/ontologies/equipment#AFE_0002277,evaporative light scattering detector,equipment,AFO_equipment#AFE:0002277
http://purl.allotrope.org/ontologies/equipment#AFE_0002278,vial container,equipment,AFO_equipment#AFE:0002278
http://purl.allotrope.org/ontologies/equipment#AFE_0002280,nuclear magnetic resonance spectrometer,equipment,AFO_equipment#AFE:0002280
http://purl.allotrope.org/ontologies/equipment#AFE_0002281,nuclear magnetic resonance tube,equipment,AFO_equipment#AFE:0002281
http://purl.allotrope.org/ontologies/equipment#AFE_0002283,bob,equipment,AFO_equipment#AFE:0002283
http://purl.allotrope.org/ontologies/equipment#AFE_0002284,cup,equipment,AFO_equipment#AFE:0002284
http://purl.allotrope.org/ontologies/equipment#AFE_0002285,sensor chip (surface plasmon resonance),equipment,AFO_equipment#AFE:0002285
http://purl.allotrope.org/ontologies/equipment#AFE_0002286,electronic lab notebook system,equipment,AFO_equipment#AFE:0002286
http://purl.allotrope.org/ontologies/equipment#AFE_0002288,divergence slit,equipment,AFO_equipment#AFE:0002288
http://purl.allotrope.org/ontologies/equipment#AFE_0002289,Soller slit,equipment,AFO_equipment#AFE:0002289
http://purl.allotrope.org/ontologies/equipment#AFE_0002290,guard slit,equipment,AFO_equipment#AFE:0002290
http://purl.allotrope.org/ontologies/equipment#AFE_0002291,receiving slit,equipment,AFO_equipment#AFE:0002291
http://purl.allotrope.org/ontologies/function#AFFN_0000002,to deliver material,other,AFO_function#AFFN:0000002
http://purl.allotrope.org/ontologies/function#AFFN_0000003,to deliver mobile phase,other,AFO_function#AFFN:0000003
http://purl.allotrope.org/ontologies/function#AFFN_0000004,to equilibrate,other,AFO_function#AFFN:0000004
http://purl.allotrope.org/ontologies/function#AFFN_0000006,to calibrate,other,AFO_function#AFFN:0000006
http://purl.allotrope.org/ontologies/function#AFFN_0000007,to collect,other,AFO_function#AFFN:0000007
http://purl.allotrope.org/ontologies/function#AFFN_0000008,to connect,other,AFO_function#AFFN:0000008
http://purl.allotrope.org/ontologies/function#AFFN_0000009,to consume,other,AFO_function#AFFN:0000009
http://purl.allotrope.org/ontologies/function#AFFN_0000010,to indicate,other,AFO_function#AFFN:0000010
http://purl.allotrope.org/ontologies/function#AFFN_0000014,to control,other,AFO_function#AFFN:0000014
http://purl.allotrope.org/ontologies/function#AFFN_0000023,to sense,other,AFO_function#AFFN:0000023
http://purl.allotrope.org/ontologies/function#AFFN_0000024,to secure,other,AFO_function#AFFN:0000024
http://purl.allotrope.org/ontologies/function#AFFN_0000025,to transform data,other,AFO_function#AFFN:0000025
http://purl.allotrope.org/ontologies/function#AFFN_0000026,to integrate (math),other,AFO_function#AFFN:0000026
http://purl.allotrope.org/ontologies/function#AFFN_0000027,to calculate,other,AFO_function#AFFN:0000027
http://purl.allotrope.org/ontologies/function#AFFN_0000028,to support,other,AFO_function#AFFN:0000028
http://purl.allotrope.org/ontologies/function#AFFN_0000029,to clean,other,AFO_function#AFFN:0000029
http://purl.allotrope.org/ontologies/function#AFFN_0000030,to inject,other,AFO_function#AFFN:0000030
http://purl.allotrope.org/ontologies/function#AFFN_0000031,to separate material,other,AFO_function#AFFN:0000031
http://purl.allotrope.org/ontologies/function#AFFN_0000032,to separate material by chromatography,other,AFO_function#AFFN:0000032
http://purl.allotrope.org/ontologies/function#AFFN_0000036,to count,other,AFO_function#AFFN:0000036
http://purl.allotrope.org/ontologies/function#AFFN_0000037,to detect,other,AFO_function#AFFN:0000037
http://purl.allotrope.org/ontologies/function#AFFN_0000041,to measure,other,AFO_function#AFFN:0000041
http://purl.allotrope.org/ontologies/function#AFFN_0000043,to transmit energy,other,AFO_function#AFFN:0000043
http://purl.allotrope.org/ontologies/function#AFFN_0000044,to heat,other,AFO_function#AFFN:0000044
http://purl.allotrope.org/ontologies/function#AFFN_0000045,to communicate,other,AFO_function#AFFN:0000045
http://purl.allotrope.org/ontologies/function#AFFN_0000046,to pump,other,AFO_function#AFFN:0000046
http://purl.allotrope.org/ontologies/function#AFFN_0000049,to filter material,other,AFO_function#AFFN:0000049
http://purl.allotrope.org/ontologies/function#AFFN_0000052,to display,other,AFO_function#AFFN:0000052
http://purl.allotrope.org/ontologies/function#AFFN_0000053,to convert a signal,other,AFO_function#AFFN:0000053
http://purl.allotrope.org/ontologies/function#AFFN_0000055,to store,other,AFO_function#AFFN:0000055
http://purl.allotrope.org/ontologies/function#AFFN_0000076,material function,other,AFO_function#AFFN:0000076
http://purl.allotrope.org/ontologies/function#AFFN_0000089,to cool,other,AFO_function#AFFN:0000089
http://purl.allotrope.org/ontologies/function#AFFN_0000093,to consume energy,other,AFO_function#AFFN:0000093
http://purl.allotrope.org/ontologies/function#AFFN_0000103,to plan,other,AFO_function#AFFN:0000103
http://purl.allotrope.org/ontologies/function#AFFN_0000104,to branch,other,AFO_function#AFFN:0000104
http://purl.allotrope.org/ontologies/function#AFFN_0000105,to separate,other,AFO_function#AFFN:0000105
http://purl.allotrope.org/ontologies/function#AFFN_0000106,to distribute,other,AFO_function#AFFN:0000106
http://purl.allotrope.org/ontologies/function#AFFN_0000107,to divide,other,AFO_function#AFFN:0000107
http://purl.allotrope.org/ontologies/function#AFFN_0000108,to remove,other,AFO_function#AFFN:0000108
http://purl.allotrope.org/ontologies/function#AFFN_0000109,to extract,other,AFO_function#AFFN:0000109
http://purl.allotrope.org/ontologies/function#AFFN_0000110,to sort,other,AFO_function#AFFN:0000110
http://purl.allotrope.org/ontologies/function#AFFN_0000111,to localize,other,AFO_function#AFFN:0000111
http://purl.allotrope.org/ontologies/function#AFFN_0000112,to export,other,AFO_function#AFFN:0000112
http://purl.allotrope.org/ontologies/function#AFFN_0000113,to import,other,AFO_function#AFFN:0000113
http://purl.allotrope.org/ontologies/function#AFFN_0000115,to guide,other,AFO_function#AFFN:0000115
http://purl.allotrope.org/ontologies/function#AFFN_0000116,to allow degree of freedom,other,AFO_function#AFFN:0000116
http://purl.allotrope.org/ontologies/function#AFFN_0000117,to rotate,other,AFO_function#AFFN:0000117
http://purl.allotrope.org/ontologies/function#AFFN_0000118,to translate,other,AFO_function#AFFN:0000118
http://purl.allotrope.org/ontologies/function#AFFN_0000119,to mix,other,AFO_function#AFFN:0000119
http://purl.allotrope.org/ontologies/function#AFFN_0000120,to couple,other,AFO_function#AFFN:0000120
http://purl.allotrope.org/ontologies/function#AFFN_0000121,to link,other,AFO_function#AFFN:0000121
http://purl.allotrope.org/ontologies/function#AFFN_0000122,to join,other,AFO_function#AFFN:0000122
http://purl.allotrope.org/ontologies/function#AFFN_0000123,to regulate,other,AFO_function#AFFN:0000123
http://purl.allotrope.org/ontologies/function#AFFN_0000124,to actuate,other,AFO_function#AFFN:0000124
http://purl.allotrope.org/ontologies/function#AFFN_0000125,to increase,other,AFO_function#AFFN:0000125
http://purl.allotrope.org/ontologies/function#AFFN_0000126,to decrease,other,AFO_function#AFFN:0000126
http://purl.allotrope.org/ontologies/function#AFFN_0000127,to change,other,AFO_function#AFFN:0000127
http://purl.allotrope.org/ontologies/function#AFFN_0000128,to increment,other,AFO_function#AFFN:0000128
http://purl.allotrope.org/ontologies/function#AFFN_0000129,to decrement,other,AFO_function#AFFN:0000129
http://purl.allotrope.org/ontologies/function#AFFN_0000130,to shape,other,AFO_function#AFFN:0000130
http://purl.allotrope.org/ontologies/function#AFFN_0000131,to condition,other,AFO_function#AFFN:0000131
http://purl.allotrope.org/ontologies/function#AFFN_0000132,to stop,other,AFO_function#AFFN:0000132
http://purl.allotrope.org/ontologies/function#AFFN_0000134,to prevent,other,AFO_function#AFFN:0000134
http://purl.allotrope.org/ontologies/function#AFFN_0000135,to inhibit,other,AFO_function#AFFN:0000135
http://purl.allotrope.org/ontologies/function#AFFN_0000136,to convert,other,AFO_function#AFFN:0000136
http://purl.allotrope.org/ontologies/function#AFFN_0000137,to provision,other,AFO_function#AFFN:0000137
http://purl.allotrope.org/ontologies/function#AFFN_0000138,to signal,other,AFO_function#AFFN:0000138
http://purl.allotrope.org/ontologies/function#AFFN_0000139,to contain,other,AFO_function#AFFN:0000139
http://purl.allotrope.org/ontologies/function#AFFN_0000140,to supply,other,AFO_function#AFFN:0000140
http://purl.allotrope.org/ontologies/function#AFFN_0000141,to track,other,AFO_function#AFFN:0000141
http://purl.allotrope.org/ontologies/function#AFFN_0000142,to stabilize,other,AFO_function#AFFN:0000142
http://purl.allotrope.org/ontologies/function#AFFN_0000143,to position,other,AFO_function#AFFN:0000143
http://purl.allotrope.org/ontologies/function#AFFN_0000144,to remove material,other,AFO_function#AFFN:0000144
http://purl.allotrope.org/ontologies/function#AFFN_0000185,to decompose,other,AFO_function#AFFN:0000185
http://purl.allotrope.org/ontologies/function#AFFN_0000186,to transport,other,AFO_function#AFFN:0000186
http://purl.allotrope.org/ontologies/function#AFFN_0000187,to transfer,other,AFO_function#AFFN:0000187
http://purl.allotrope.org/ontologies/function#AFFN_0000191,to maintain,other,AFO_function#AFFN:0000191
http://purl.allotrope.org/ontologies/function#AFFN_0000195,to combine,other,AFO_function#AFFN:0000195
http://purl.allotrope.org/ontologies/function#AFFN_0000196,to produce,other,AFO_function#AFFN:0000196
http://purl.allotrope.org/ontologies/function#AFFN_0000198,to count cells,other,AFO_function#AFFN:0000198
http://purl.allotrope.org/ontologies/function#AFFN_0000201,to sample,other,AFO_function#AFFN:0000201
http://purl.allotrope.org/ontologies/function#AFFN_0000203,to cover,other,AFO_function#AFFN:0000203
http://purl.allotrope.org/ontologies/function#AFFN_0000205,to stir,other,AFO_function#AFFN:0000205
http://purl.allotrope.org/ontologies/function#AFFN_0000206,to compare,other,AFO_function#AFFN:0000206
http://purl.allotrope.org/ontologies/function#AFFN_0000208,to dye,other,AFO_function#AFFN:0000208
http://purl.allotrope.org/ontologies/function#AFFN_0000209,to compress,other,AFO_function#AFFN:0000209
http://purl.allotrope.org/ontologies/function#AFFN_0000210,to disconnect,other,AFO_function#AFFN:0000210
http://purl.allotrope.org/ontologies/function#AFFN_0000211,to disintegrate,other,AFO_function#AFFN:0000211
http://purl.allotrope.org/ontologies/function#AFFN_0000213,to grip,other,AFO_function#AFFN:0000213
http://purl.allotrope.org/ontologies/material#AFM_0000012,solution,material,AFO_material#AFM:0000012
http://purl.allotrope.org/ontologies/material#AFM_0000077,ion,material,AFO_material#AFM:0000077
http://purl.allotrope.org/ontologies/material#AFM_0000085,dye,material,AFO_material#AFM:0000085
http://purl.allotrope.org/ontologies/material#AFM_0000105,portion of water,material,AFO_material#AFM:0000105
http://purl.allotrope.org/ontologies/material#AFM_0000154,gas,material,AFO_material#AFM:0000154
http://purl.allotrope.org/ontologies/material#AFM_0000161,anion,material,AFO_material#AFM:0000161
http://purl.allotrope.org/ontologies/material#AFM_0000189,cation,material,AFO_material#AFM:0000189
http://purl.allotrope.org/ontologies/material#AFM_0000226,nucleus,material,AFO_material#AFM:0000226
http://purl.allotrope.org/ontologies/material#AFM_0000275,material,material,AFO_material#AFM:0000275
http://purl.allotrope.org/ontologies/material#AFM_0000341,cell,material,AFO_material#AFM:0000341
http://purl.allotrope.org/ontologies/material#AFM_0000386,solid,material,AFO_material#AFM:0000386
http://purl.allotrope.org/ontologies/material#AFM_0000394,fluid,material,AFO_material#AFM:0000394
http://purl.allotrope.org/ontologies/material#AFM_0000401,supercritical fluid,material,AFO_material#AFM:0000401
http://purl.allotrope.org/ontologies/material#AFM_0000403,liquid,material,AFO_material#AFM:0000403
http://purl.allotrope.org/ontologies/material#AFM_0000404,plasma,material,AFO_material#AFM:0000404
http://purl.allotrope.org/ontologies/material#AFM_0000418,electron,material,AFO_material#AFM:0000418
http://purl.allotrope.org/ontologies/material#AFM_0000435,particle (physics),material,AFO_material#AFM:0000435
http://purl.allotrope.org/ontologies/material#AFM_0000442,suspension,material,AFO_material#AFM:0000442
http://purl.allotrope.org/ontologies/material#AFM_0000494,spray,material,AFO_material#AFM:0000494
http://purl.allotrope.org/ontologies/material#AFM_0000877,natural material,material,AFO_material#AFM:0000877
http://purl.allotrope.org/ontologies/material#AFM_0000880,energy,material,AFO_material#AFM:0000880
http://purl.allotrope.org/ontologies/material#AFM_0000881,thermal energy,material,AFO_material#AFM:0000881
http://purl.allotrope.org/ontologies/material#AFM_0000882,mechanic translational energy,material,AFO_material#AFM:0000882
http://purl.allotrope.org/ontologies/material#AFM_0000883,chemical energy,material,AFO_material#AFM:0000883
http://purl.allotrope.org/ontologies/material#AFM_0000884,electrical energy,material,AFO_material#AFM:0000884
http://purl.allotrope.org/ontologies/material#AFM_0000885,mechanic rotational energy,material,AFO_material#AFM:0000885
http://purl.allotrope.org/ontologies/material#AFM_0000886,hydraulic energy,material,AFO_material#AFM:0000886
http://purl.allotrope.org/ontologies/material#AFM_0000888,electromagnetic energy,material,AFO_material#AFM:0000888
http://purl.allotrope.org/ontologies/material#AFM_0000889,pneumatic energy,material,AFO_material#AFM:0000889
http://purl.allotrope.org/ontologies/material#AFM_0001016,emulsion,material,AFO_material#AFM:0001016
http://purl.allotrope.org/ontologies/material#AFM_0001023,proton,material,AFO_material#AFM:0001023
http://purl.allotrope.org/ontologies/material#AFM_0001027,neutron,material,AFO_material#AFM:0001027
http://purl.allotrope.org/ontologies/material#AFM_0001028,atom,material,AFO_material#AFM:0001028
http://purl.allotrope.org/ontologies/material#AFM_0001030,association colloid,material,AFO_material#AFM:0001030
http://purl.allotrope.org/ontologies/material#AFM_0001031,dispersion colloid,material,AFO_material#AFM:0001031
http://purl.allotrope.org/ontologies/material#AFM_0001032,foam,material,AFO_material#AFM:0001032
http://purl.allotrope.org/ontologies/material#AFM_0001033,gel,material,AFO_material#AFM:0001033
http://purl.allotrope.org/ontologies/material#AFM_0001034,heterogeneous mixture,material,AFO_material#AFM:0001034
http://purl.allotrope.org/ontologies/material#AFM_0001035,homogeneous mixture,material,AFO_material#AFM:0001035
http://purl.allotrope.org/ontologies/material#AFM_0001036,liquid aerosol,material,AFO_material#AFM:0001036
http://purl.allotrope.org/ontologies/material#AFM_0001037,molecular colloid,material,AFO_material#AFM:0001037
http://purl.allotrope.org/ontologies/material#AFM_0001038,portion of mixed material,material,AFO_material#AFM:0001038
http://purl.allotrope.org/ontologies/material#AFM_0001039,portion of pure substance,material,AFO_material#AFM:0001039
http://purl.allotrope.org/ontologies/material#AFM_0001041,sol,material,AFO_material#AFM:0001041
http://purl.allotrope.org/ontologies/material#AFM_0001042,solid heterogeneous mixture,material,AFO_material#AFM:0001042
http://purl.allotrope.org/ontologies/material#AFM_0001044,colloid,material,AFO_material#AFM:0001044
http://purl.allotrope.org/ontologies/material#AFM_0001054,X-ray radiation,material,AFO_material#AFM:0001054
http://purl.allotrope.org/ontologies/material#AFM_0001055,visible light,material,AFO_material#AFM:0001055
http://purl.allotrope.org/ontologies/material#AFM_0001056,ultraviolet radiation,material,AFO_material#AFM:0001056
http://purl.allotrope.org/ontologies/material#AFM_0001057,infrared radiation,material,AFO_material#AFM:0001057
http://purl.allotrope.org/ontologies/material#AFM_0001058,gamma radiation,material,AFO_material#AFM:0001058
http://purl.allotrope.org/ontologies/material#AFM_0001059,natural system,material,AFO_material#AFM:0001059
http://purl.allotrope.org/ontologies/material#AFM_0001060,portion of compound,material,AFO_material#AFM:0001060
http://purl.allotrope.org/ontologies/material#AFM_0001061,portion of element,material,AFO_material#AFM:0001061
http://purl.allotrope.org/ontologies/material#AFM_0001064,portion of bulk stuff,material,AFO_material#AFM:0001064
http://purl.allotrope.org/ontologies/material#AFM_0001065,gas mixture,material,AFO_material#AFM:0001065
http://purl.allotrope.org/ontologies/material#AFM_0001066,gas in solid solution,material,AFO_material#AFM:0001066
http://purl.allotrope.org/ontologies/material#AFM_0001067,gas in liquid solution,material,AFO_material#AFM:0001067
http://purl.allotrope.org/ontologies/material#AFM_0001068,liquid in liquid solution,material,AFO_material#AFM:0001068
http://purl.allotrope.org/ontologies/material#AFM_0001069,solid in liquid solution,material,AFO_material#AFM:0001069
http://purl.allotrope.org/ontologies/material#AFM_0001070,liquid in solid solution,material,AFO_material#AFM:0001070
http://purl.allotrope.org/ontologies/material#AFM_0001071,solid in solid solution,material,AFO_material#AFM:0001071
http://purl.allotrope.org/ontologies/material#AFM_0001076,solid aerosol,material,AFO_material#AFM:0001076
http://purl.allotrope.org/ontologies/material#AFM_0001077,solid foam,material,AFO_material#AFM:0001077
http://purl.allotrope.org/ontologies/material#AFM_0001078,solid sol,material,AFO_material#AFM:0001078
http://purl.allotrope.org/ontologies/material#AFM_0001079,dispersion,material,AFO_material#AFM:0001079
http://purl.allotrope.org/ontologies/material#AFM_0001083,person,material,AFO_material#AFM:0001083
http://purl.allotrope.org/ontologies/material#AFM_0001084,group,material,AFO_material#AFM:0001084
http://purl.allotrope.org/ontologies/material#AFM_0001085,organization,material,AFO_material#AFM:0001085
http://purl.allotrope.org/ontologies/material#AFM_0001086,formal organization,material,AFO_material#AFM:0001086
http://purl.allotrope.org/ontologies/material#AFM_0001087,organizational unit,material,AFO_material#AFM:0001087
http://purl.allotrope.org/ontologies/material#AFM_0001090,organizational entity,material,AFO_material#AFM:0001090
http://purl.allotrope.org/ontologies/material#AFM_0001095,zero grade air,material,AFO_material#AFM:0001095
http://purl.allotrope.org/ontologies/material#AFM_0001096,chromatographic packing,material,AFO_material#AFM:0001096
http://purl.allotrope.org/ontologies/material#AFM_0001097,chemical substance,material,AFO_material#AFM:0001097
http://purl.allotrope.org/ontologies/material#AFM_0001099,chemical mixture,material,AFO_material#AFM:0001099
http://purl.allotrope.org/ontologies/material#AFM_0001101,collision energy (material entity),material,AFO_material#AFM:0001101
http://purl.allotrope.org/ontologies/material#AFM_0001103,titration solvent,material,AFO_material#AFM:0001103
http://purl.allotrope.org/ontologies/material#AFM_0001104,titrant solution,material,AFO_material#AFM:0001104
http://purl.allotrope.org/ontologies/material#AFM_0001105,portion of salt,material,AFO_material#AFM:0001105
http://purl.allotrope.org/ontologies/material#AFM_0001106,portion of silver nitrate,material,AFO_material#AFM:0001106
http://purl.allotrope.org/ontologies/material#AFM_0001107,Karl-Fischer titrant solution,material,AFO_material#AFM:0001107
http://purl.allotrope.org/ontologies/material#AFM_0001108,hydrochloric acid titrant solution,material,AFO_material#AFM:0001108
http://purl.allotrope.org/ontologies/material#AFM_0001109,perchloric acid titrant solution,material,AFO_material#AFM:0001109
http://purl.allotrope.org/ontologies/material#AFM_0001110,silver nitrate titrant solution,material,AFO_material#AFM:0001110
http://purl.allotrope.org/ontologies/material#AFM_0001111,sodium hydroxide titrant solution,material,AFO_material#AFM:0001111
http://purl.allotrope.org/ontologies/material#AFM_0001112,hydrogen gas,material,AFO_material#AFM:0001112
http://purl.allotrope.org/ontologies/material#AFM_0001113,oxygen gas,material,AFO_material#AFM:0001113
http://purl.allotrope.org/ontologies/material#AFM_0001114,nitrogen gas,material,AFO_material#AFM:0001114
http://purl.allotrope.org/ontologies/material#AFM_0001115,helium gas,material,AFO_material#AFM:0001115
http://purl.allotrope.org/ontologies/material#AFM_0001116,carbon dioxide gas,material,AFO_material#AFM:0001116
http://purl.allotrope.org/ontologies/material#AFM_0001117,ammonia gas,material,AFO_material#AFM:0001117
http://purl.allotrope.org/ontologies/material#AFM_0001118,methane gas,material,AFO_material#AFM:0001118
http://purl.allotrope.org/ontologies/material#AFM_0001122,material flow,material,AFO_material#AFM:0001122
http://purl.allotrope.org/ontologies/material#AFM_0001123,ion flow,material,AFO_material#AFM:0001123
http://purl.allotrope.org/ontologies/material#AFM_0001125,bubble,material,AFO_material#AFM:0001125
http://purl.allotrope.org/ontologies/material#AFM_0001126,ozone gas,material,AFO_material#AFM:0001126
http://purl.allotrope.org/ontologies/material#AFM_0001127,ethene gas,material,AFO_material#AFM:0001127
http://purl.allotrope.org/ontologies/material#AFM_0001128,acetylene gas,material,AFO_material#AFM:0001128
http://purl.allotrope.org/ontologies/material#AFM_0001129,carbon monoxide gas,material,AFO_material#AFM:0001129
http://purl.allotrope.org/ontologies/material#AFM_0001130,argon gas,material,AFO_material#AFM:0001130
http://purl.allotrope.org/ontologies/material#AFM_0001131,liquid nitrogen,material,AFO_material#AFM:0001131
http://purl.allotrope.org/ontologies/material#AFM_0001135,nuclear magnetic resonance solvent,material,AFO_material#AFM:0001135
http://purl.allotrope.org/ontologies/material#AFM_0001136,radical ion,material,AFO_material#AFM:0001136
http://purl.allotrope.org/ontologies/process#AFP_0000021,hydrophilic interaction chromatography,process,AFO_process#AFP:0000021
http://purl.allotrope.org/ontologies/process#AFP_0000022,volumetry,process,AFO_process#AFP:0000022
http://purl.allotrope.org/ontologies/process#AFP_0000032,cell counter assay,process,AFO_process#AFP:0000032
http://purl.allotrope.org/ontologies/process#AFP_0000039,magnetic stirring,process,AFO_process#AFP:0000039
http://purl.allotrope.org/ontologies/process#AFP_0000044,microscopy,process,AFO_process#AFP:0000044
http://purl.allotrope.org/ontologies/process#AFP_0000047,Raman spectroscopy,process,AFO_process#AFP:0000047
http://purl.allotrope.org/ontologies/process#AFP_0000057,granulometry,process,AFO_process#AFP:0000057
http://purl.allotrope.org/ontologies/process#AFP_0000078,argentometric titration,process,AFO_process#AFP:0000078
http://purl.allotrope.org/ontologies/process#AFP_0000080,optical density measurement,process,AFO_process#AFP:0000080
http://purl.allotrope.org/ontologies/process#AFP_0000109,zeta-potential measurement,process,AFO_process#AFP:0000109
http://purl.allotrope.org/ontologies/process#AFP_0000112,dissolving,process,AFO_process#AFP:0000112
http://purl.allotrope.org/ontologies/process#AFP_0000119,Karl-Fischer volumetric titration,process,AFO_process#AFP:0000119
http://purl.allotrope.org/ontologies/process#AFP_0000131,partition chromatography,process,AFO_process#AFP:0000131
http://purl.allotrope.org/ontologies/process#AFP_0000142,flame ionization measurement,process,AFO_process#AFP:0000142
http://purl.allotrope.org/ontologies/process#AFP_0000161,cleaning,process,AFO_process#AFP:0000161
http://purl.allotrope.org/ontologies/process#AFP_0000225,liquid chromatography,process,AFO_process#AFP:0000225
http://purl.allotrope.org/ontologies/process#AFP_0000229,reflectometry,process,AFO_process#AFP:0000229
http://purl.allotrope.org/ontologies/process#AFP_0000246,ultraviolet absorbance measurement,process,AFO_process#AFP:0000246
http://purl.allotrope.org/ontologies/process#AFP_0000253,supercritical-fluid chromatography,process,AFO_process#AFP:0000253
http://purl.allotrope.org/ontologies/process#AFP_0000254,vortexing,process,AFO_process#AFP:0000254
http://purl.allotrope.org/ontologies/process#AFP_0000260,porosimetry,process,AFO_process#AFP:0000260
http://purl.allotrope.org/ontologies/process#AFP_0000264,fraction collection,process,AFO_process#AFP:0000264
http://purl.allotrope.org/ontologies/process#AFP_0000266,spectrophotometry,process,AFO_process#AFP:0000266
http://purl.allotrope.org/ontologies/process#AFP_0000304,coulometric titration,process,AFO_process#AFP:0000304
http://purl.allotrope.org/ontologies/process#AFP_0000307,information process,process,AFO_process#AFP:0000307
http://purl.allotrope.org/ontologies/process#AFP_0000310,gas chromatography,process,AFO_process#AFP:0000310
http://purl.allotrope.org/ontologies/process#AFP_0000326,nuclear magnetic resonance spectroscopy,process,AFO_process#AFP:0000326
http://purl.allotrope.org/ontologies/process#AFP_0000373,dilatometry,process,AFO_process#AFP:0000373
http://purl.allotrope.org/ontologies/process#AFP_0000378,cellular assay,process,AFO_process#AFP:0000378
http://purl.allotrope.org/ontologies/process#AFP_0000391,diffuse reflectance ultraviolet-visible spectrophotometry,process,AFO_process#AFP:0000391
http://purl.allotrope.org/ontologies/process#AFP_0000422,separating,process,AFO_process#AFP:0000422
http://purl.allotrope.org/ontologies/process#AFP_0000441,Karl-Fischer titration,process,AFO_process#AFP:0000441
http://purl.allotrope.org/ontologies/process#AFP_0000474,capillary electrophoresis,process,AFO_process#AFP:0000474
http://purl.allotrope.org/ontologies/process#AFP_0000498,planning,process,AFO_process#AFP:0000498
http://purl.allotrope.org/ontologies/process#AFP_0000503,weighing,process,AFO_process#AFP:0000503
http://purl.allotrope.org/ontologies/process#AFP_0000516,peak picking,process,AFO_process#AFP:0000516
http://purl.allotrope.org/ontologies/process#AFP_0000525,conductometry,process,AFO_process#AFP:0000525
http://purl.allotrope.org/ontologies/process#AFP_0000527,spectrometry,process,AFO_process#AFP:0000527
http://purl.allotrope.org/ontologies/process#AFP_0000588,column chromatography,process,AFO_process#AFP:0000588
http://purl.allotrope.org/ontologies/process#AFP_0000593,degassing,process,AFO_process#AFP:0000593
http://purl.allotrope.org/ontologies/process#AFP_0000611,calorimetry,process,AFO_process#AFP:0000611
http://purl.allotrope.org/ontologies/process#AFP_0000620,osmometry,process,AFO_process#AFP:0000620
http://purl.allotrope.org/ontologies/process#AFP_0000634,volumetric titration,process,AFO_process#AFP:0000634
http://purl.allotrope.org/ontologies/process#AFP_0000669,electrophoresis,process,AFO_process#AFP:0000669
http://purl.allotrope.org/ontologies/process#AFP_0000698,nanoflow high-performance liquid chromatography,process,AFO_process#AFP:0000698
http://purl.allotrope.org/ontologies/process#AFP_0000708,loading,process,AFO_process#AFP:0000708
http://purl.allotrope.org/ontologies/process#AFP_0000733,amperometry,process,AFO_process#AFP:0000733
http://purl.allotrope.org/ontologies/process#AFP_0000747,catalymetric titration,process,AFO_process#AFP:0000747
http://purl.allotrope.org/ontologies/process#AFP_0000748,high-performance liquid chromatography,process,AFO_process#AFP:0000748
http://purl.allotrope.org/ontologies/process#AFP_0000759,nuclear magnetic resonance assay,process,AFO_process#AFP:0000759
http://purl.allotrope.org/ontologies/process#AFP_0000780,vibrational spectroscopy,process,AFO_process#AFP:0000780
http://purl.allotrope.org/ontologies/process#AFP_0000785,dilution,process,AFO_process#AFP:0000785
http://purl.allotrope.org/ontologies/process#AFP_0000792,annealing,process,AFO_process#AFP:0000792
http://purl.allotrope.org/ontologies/process#AFP_0000801,spectra combination,process,AFO_process#AFP:0000801
http://purl.allotrope.org/ontologies/process#AFP_0000812,purification,process,AFO_process#AFP:0000812
http://purl.allotrope.org/ontologies/process#AFP_0000813,equimolar spectrophotometry,process,AFO_process#AFP:0000813
http://purl.allotrope.org/ontologies/process#AFP_0000840,rheometry,process,AFO_process#AFP:0000840
http://purl.allotrope.org/ontologies/process#AFP_0000843,size-exclusion chromatography,process,AFO_process#AFP:0000843
http://purl.allotrope.org/ontologies/process#AFP_0000855,sorption-desorption measurements,process,AFO_process#AFP:0000855
http://purl.allotrope.org/ontologies/process#AFP_0000862,gravimetry,process,AFO_process#AFP:0000862
http://purl.allotrope.org/ontologies/process#AFP_0000869,voltammetry,process,AFO_process#AFP:0000869
http://purl.allotrope.org/ontologies/process#AFP_0000872,differential optical absorption spectrophotometry,process,AFO_process#AFP:0000872
http://purl.allotrope.org/ontologies/process#AFP_0000896,ultraviolet spectrophotometry,process,AFO_process#AFP:0000896
http://purl.allotrope.org/ontologies/process#AFP_0000925,detecting,process,AFO_process#AFP:0000925
http://purl.allotrope.org/ontologies/process#AFP_0000955,ultraviolet-visible spectrophotometry,process,AFO_process#AFP:0000955
http://purl.allotrope.org/ontologies/process#AFP_0000970,integration,process,AFO_process#AFP:0000970
http://purl.allotrope.org/ontologies/process#AFP_0000979,peak separation,process,AFO_process#AFP:0000979
http://purl.allotrope.org/ontologies/process#AFP_0000983,removing data,process,AFO_process#AFP:0000983
http://purl.allotrope.org/ontologies/process#AFP_0001001,Karl-Fischer coulometric titration,process,AFO_process#AFP:0001001
http://purl.allotrope.org/ontologies/process#AFP_0001023,adsorption chromatography,process,AFO_process#AFP:0001023
http://purl.allotrope.org/ontologies/process#AFP_0001026,chemical ionization,process,AFO_process#AFP:0001026
http://purl.allotrope.org/ontologies/process#AFP_0001046,liquid chromatography at the critical condition,process,AFO_process#AFP:0001046
http://purl.allotrope.org/ontologies/process#AFP_0001047,blood gas analysis,process,AFO_process#AFP:0001047
http://purl.allotrope.org/ontologies/process#AFP_0001062,Fourier transform Raman spectroscopy,process,AFO_process#AFP:0001062
http://purl.allotrope.org/ontologies/process#AFP_0001106,reflectance ultraviolet-visible spectrophotometry,process,AFO_process#AFP:0001106
http://purl.allotrope.org/ontologies/process#AFP_0001109,quadrupole mass spectrometry,process,AFO_process#AFP:0001109
http://purl.allotrope.org/ontologies/process#AFP_0001113,electron capture measurement,process,AFO_process#AFP:0001113
http://purl.allotrope.org/ontologies/process#AFP_0001114,blood measurement method,process,AFO_process#AFP:0001114
http://purl.allotrope.org/ontologies/process#AFP_0001116,biological measurement method,process,AFO_process#AFP:0001116
http://purl.allotrope.org/ontologies/process#AFP_0001134,polarimetry,process,AFO_process#AFP:0001134
http://purl.allotrope.org/ontologies/process#AFP_0001135,mixing,process,AFO_process#AFP:0001135
http://purl.allotrope.org/ontologies/process#AFP_0001146,scanning,process,AFO_process#AFP:0001146
http://purl.allotrope.org/ontologies/process#AFP_0001159,sample preparation,process,AFO_process#AFP:0001159
http://purl.allotrope.org/ontologies/process#AFP_0001183,normal-phase chromatography,process,AFO_process#AFP:0001183
http://purl.allotrope.org/ontologies/process#AFP_0001185,quantitative analysis assay,process,AFO_process#AFP:0001185
http://purl.allotrope.org/ontologies/process#AFP_0001192,liquid-solid chromatography,process,AFO_process#AFP:0001192
http://purl.allotrope.org/ontologies/process#AFP_0001227,charge transport measurement,process,AFO_process#AFP:0001227
http://purl.allotrope.org/ontologies/process#AFP_0001266,magnetometry,process,AFO_process#AFP:0001266
http://purl.allotrope.org/ontologies/process#AFP_0001292,oxidation-reduction titration,process,AFO_process#AFP:0001292
http://purl.allotrope.org/ontologies/process#AFP_0001319,sampling material,process,AFO_process#AFP:0001319
http://purl.allotrope.org/ontologies/process#AFP_0001321,chromatography,process,AFO_process#AFP:0001321
http://purl.allotrope.org/ontologies/process#AFP_0001348,synthesis,process,AFO_process#AFP:0001348
http://purl.allotrope.org/ontologies/process#AFP_0001367,electroporation,process,AFO_process#AFP:0001367
http://purl.allotrope.org/ontologies/process#AFP_0001404,optical microscopy,process,AFO_process#AFP:0001404
http://purl.allotrope.org/ontologies/process#AFP_0001405,chelatometric titration,process,AFO_process#AFP:0001405
http://purl.allotrope.org/ontologies/process#AFP_0001410,reversed-phase liquid chromatography,process,AFO_process#AFP:0001410
http://purl.allotrope.org/ontologies/process#AFP_0001426,formulation process,process,AFO_process#AFP:0001426
http://purl.allotrope.org/ontologies/process#AFP_0001427,mass spectrometry,process,AFO_process#AFP:0001427
http://purl.allotrope.org/ontologies/process#AFP_0001457,physical blending,process,AFO_process#AFP:0001457
http://purl.allotrope.org/ontologies/process#AFP_0001462,scattering spectroscopy,process,AFO_process#AFP:0001462
http://purl.allotrope.org/ontologies/process#AFP_0001478,cooling,process,AFO_process#AFP:0001478
http://purl.allotrope.org/ontologies/process#AFP_0001499,differentiation,process,AFO_process#AFP:0001499
http://purl.allotrope.org/ontologies/process#AFP_0001510,acid-base titration,process,AFO_process#AFP:0001510
http://purl.allotrope.org/ontologies/process#AFP_0001530,filtration,process,AFO_process#AFP:0001530
http://purl.allotrope.org/ontologies/process#AFP_0001543,liquid-liquid chromatography,process,AFO_process#AFP:0001543
http://purl.allotrope.org/ontologies/process#AFP_0001606,equilibration,process,AFO_process#AFP:0001606
http://purl.allotrope.org/ontologies/process#AFP_0001611,injection (chromatography),process,AFO_process#AFP:0001611
http://purl.allotrope.org/ontologies/process#AFP_0001640,assembling,process,AFO_process#AFP:0001640
http://purl.allotrope.org/ontologies/process#AFP_0001645,piece counting,process,AFO_process#AFP:0001645
http://purl.allotrope.org/ontologies/process#AFP_0001649,homogenization,process,AFO_process#AFP:0001649
http://purl.allotrope.org/ontologies/process#AFP_0001650,dielectrometry,process,AFO_process#AFP:0001650
http://purl.allotrope.org/ontologies/process#AFP_0001655,electronic spectrometry,process,AFO_process#AFP:0001655
http://purl.allotrope.org/ontologies/process#AFP_0001657,Fourier transform near infrared absorption spectrometry,process,AFO_process#AFP:0001657
http://purl.allotrope.org/ontologies/process#AFP_0001666,densitometry,process,AFO_process#AFP:0001666
http://purl.allotrope.org/ontologies/process#AFP_0001677,chiral chromatography,process,AFO_process#AFP:0001677
http://purl.allotrope.org/ontologies/process#AFP_0001698,stirring,process,AFO_process#AFP:0001698
http://purl.allotrope.org/ontologies/process#AFP_0001701,electron ionization,process,AFO_process#AFP:0001701
http://purl.allotrope.org/ontologies/process#AFP_0001707,multiple-stage mass spectrometry,process,AFO_process#AFP:0001707
http://purl.allotrope.org/ontologies/process#AFP_0001719,reversed-phase high-performance liquid chromatography,process,AFO_process#AFP:0001719
http://purl.allotrope.org/ontologies/process#AFP_0001750,rinsing,process,AFO_process#AFP:0001750
http://purl.allotrope.org/ontologies/process#AFP_0001756,Fourier transformation,process,AFO_process#AFP:0001756
http://purl.allotrope.org/ontologies/process#AFP_0001760,visible spectrophotometry,process,AFO_process#AFP:0001760
http://purl.allotrope.org/ontologies/process#AFP_0001763,capillary high-performance liquid chromatography,process,AFO_process#AFP:0001763
http://purl.allotrope.org/ontologies/process#AFP_0001787,Fourier transform infrared absorption spectroscopy,process,AFO_process#AFP:0001787
http://purl.allotrope.org/ontologies/process#AFP_0001801,imaging assay,process,AFO_process#AFP:0001801
http://purl.allotrope.org/ontologies/process#AFP_0001824,aspirating,process,AFO_process#AFP:0001824
http://purl.allotrope.org/ontologies/process#AFP_0001861,pH measurement,process,AFO_process#AFP:0001861
http://purl.allotrope.org/ontologies/process#AFP_0001876,drying,process,AFO_process#AFP:0001876
http://purl.allotrope.org/ontologies/process#AFP_0001878,washing,process,AFO_process#AFP:0001878
http://purl.allotrope.org/ontologies/process#AFP_0001909,luminescence measurement,process,AFO_process#AFP:0001909
http://purl.allotrope.org/ontologies/process#AFP_0001916,titration,process,AFO_process#AFP:0001916
http://purl.allotrope.org/ontologies/process#AFP_0001936,scanning calorimetry,process,AFO_process#AFP:0001936
http://purl.allotrope.org/ontologies/process#AFP_0001951,priming,process,AFO_process#AFP:0001951
http://purl.allotrope.org/ontologies/process#AFP_0001953,inverting,process,AFO_process#AFP:0001953
http://purl.allotrope.org/ontologies/process#AFP_0001955,coulometry,process,AFO_process#AFP:0001955
http://purl.allotrope.org/ontologies/process#AFP_0001986,coating,process,AFO_process#AFP:0001986
http://purl.allotrope.org/ontologies/process#AFP_0001993,ionization,process,AFO_process#AFP:0001993
http://purl.allotrope.org/ontologies/process#AFP_0001994,trending,process,AFO_process#AFP:0001994
http://purl.allotrope.org/ontologies/process#AFP_0002008,selected reaction monitoring,process,AFO_process#AFP:0002008
http://purl.allotrope.org/ontologies/process#AFP_0002014,planar chromatography,process,AFO_process#AFP:0002014
http://purl.allotrope.org/ontologies/process#AFP_0002016,infrared absorption spectroscopy,process,AFO_process#AFP:0002016
http://purl.allotrope.org/ontologies/process#AFP_0002033,normal-phase high-performance liquid chromatography,process,AFO_process#AFP:0002033
http://purl.allotrope.org/ontologies/process#AFP_0002059,ultra high-performance liquid chromatography,process,AFO_process#AFP:0002059
http://purl.allotrope.org/ontologies/process#AFP_0002065,interferometry,process,AFO_process#AFP:0002065
http://purl.allotrope.org/ontologies/process#AFP_0002089,chromatography data processing,process,AFO_process#AFP:0002089
http://purl.allotrope.org/ontologies/process#AFP_0002103,electrospray ionization,process,AFO_process#AFP:0002103
http://purl.allotrope.org/ontologies/process#AFP_0002122,tensiometry,process,AFO_process#AFP:0002122
http://purl.allotrope.org/ontologies/process#AFP_0002124,differential scanning calorimetry,process,AFO_process#AFP:0002124
http://purl.allotrope.org/ontologies/process#AFP_0002142,hydrophobic interaction chromatography,process,AFO_process#AFP:0002142
http://purl.allotrope.org/ontologies/process#AFP_0002171,viscometry,process,AFO_process#AFP:0002171
http://purl.allotrope.org/ontologies/process#AFP_0002185,concentrating,process,AFO_process#AFP:0002185
http://purl.allotrope.org/ontologies/process#AFP_0002188,electronic absorbance measurement,process,AFO_process#AFP:0002188
http://purl.allotrope.org/ontologies/process#AFP_0002204,passaging,process,AFO_process#AFP:0002204
http://purl.allotrope.org/ontologies/process#AFP_0002206,thermal conductivity measurement,process,AFO_process#AFP:0002206
http://purl.allotrope.org/ontologies/process#AFP_0002211,magnetic resonance assay,process,AFO_process#AFP:0002211
http://purl.allotrope.org/ontologies/process#AFP_0002212,clinical measurement method,process,AFO_process#AFP:0002212
http://purl.allotrope.org/ontologies/process#AFP_0002216,oximetry,process,AFO_process#AFP:0002216
http://purl.allotrope.org/ontologies/process#AFP_0002224,separation method-detection method,process,AFO_process#AFP:0002224
http://purl.allotrope.org/ontologies/process#AFP_0002228,ultraviolet-visible-near infrared spectrophotometry,process,AFO_process#AFP:0002228
http://purl.allotrope.org/ontologies/process#AFP_0002239,refractive index measurement,process,AFO_process#AFP:0002239
http://purl.allotrope.org/ontologies/process#AFP_0002243,chiral stationary phase high-performance liquid chromatography,process,AFO_process#AFP:0002243
http://purl.allotrope.org/ontologies/process#AFP_0002276,infrared transmission spectroscopy,process,AFO_process#AFP:0002276
http://purl.allotrope.org/ontologies/process#AFP_0002293,sonication,process,AFO_process#AFP:0002293
http://purl.allotrope.org/ontologies/process#AFP_0002294,measuring,process,AFO_process#AFP:0002294
http://purl.allotrope.org/ontologies/process#AFP_0002296,data apodization,process,AFO_process#AFP:0002296
http://purl.allotrope.org/ontologies/process#AFP_0002305,capillary liquid chromatography,process,AFO_process#AFP:0002305
http://purl.allotrope.org/ontologies/process#AFP_0002309,colorimetry,process,AFO_process#AFP:0002309
http://purl.allotrope.org/ontologies/process#AFP_0002313,thermal analysis,process,AFO_process#AFP:0002313
http://purl.allotrope.org/ontologies/process#AFP_0002314,displacement chromatography,process,AFO_process#AFP:0002314
http://purl.allotrope.org/ontologies/process#AFP_0002328,normal-phase liquid chromatography,process,AFO_process#AFP:0002328
http://purl.allotrope.org/ontologies/process#AFP_0002361,reversed-phase chromatography,process,AFO_process#AFP:0002361
http://purl.allotrope.org/ontologies/process#AFP_0002389,calibration,process,AFO_process#AFP:0002389
http://purl.allotrope.org/ontologies/process#AFP_0002397,pipeting,process,AFO_process#AFP:0002397
http://purl.allotrope.org/ontologies/process#AFP_0002421,near infrared absorption spectroscopy,process,AFO_process#AFP:0002421
http://purl.allotrope.org/ontologies/process#AFP_0002423,ion-exchange high-performance liquid chromatography,process,AFO_process#AFP:0002423
http://purl.allotrope.org/ontologies/process#AFP_0002434,velocimetry,process,AFO_process#AFP:0002434
http://purl.allotrope.org/ontologies/process#AFP_0002437,selected ion monitoring,process,AFO_process#AFP:0002437
http://purl.allotrope.org/ontologies/process#AFP_0002484,headspace chromatography,process,AFO_process#AFP:0002484
http://purl.allotrope.org/ontologies/process#AFP_0002515,mass spectrometry scan,process,AFO_process#AFP:0002515
http://purl.allotrope.org/ontologies/process#AFP_0002535,multiple reaction monitoring,process,AFO_process#AFP:0002535
http://purl.allotrope.org/ontologies/process#AFP_0002541,ion detection,process,AFO_process#AFP:0002541
http://purl.allotrope.org/ontologies/process#AFP_0002567,mass analysis,process,AFO_process#AFP:0002567
http://purl.allotrope.org/ontologies/process#AFP_0002573,spray ionization,process,AFO_process#AFP:0002573
http://purl.allotrope.org/ontologies/process#AFP_0002655,mixed-mode chromatography,process,AFO_process#AFP:0002655
http://purl.allotrope.org/ontologies/process#AFP_0002662,signal averaging,process,AFO_process#AFP:0002662
http://purl.allotrope.org/ontologies/process#AFP_0002666,background measurement,process,AFO_process#AFP:0002666
http://purl.allotrope.org/ontologies/process#AFP_0002668,hardness test,process,AFO_process#AFP:0002668
http://purl.allotrope.org/ontologies/process#AFP_0002670,vapor generation,process,AFO_process#AFP:0002670
http://purl.allotrope.org/ontologies/process#AFP_0002677,pressure measurement,process,AFO_process#AFP:0002677
http://purl.allotrope.org/ontologies/process#AFP_0002680,assay,process,AFO_process#AFP:0002680
http://purl.allotrope.org/ontologies/process#AFP_0002683,dedusting,process,AFO_process#AFP:0002683
http://purl.allotrope.org/ontologies/process#AFP_0002691,fingerprinting,process,AFO_process#AFP:0002691
http://purl.allotrope.org/ontologies/process#AFP_0002693,t-test,process,AFO_process#AFP:0002693
http://purl.allotrope.org/ontologies/process#AFP_0002702,closed loop vapor generation,process,AFO_process#AFP:0002702
http://purl.allotrope.org/ontologies/process#AFP_0002715,sieve analysis,process,AFO_process#AFP:0002715
http://purl.allotrope.org/ontologies/process#AFP_0002716,particle sizing,process,AFO_process#AFP:0002716
http://purl.allotrope.org/ontologies/process#AFP_0002744,disintegration test,process,AFO_process#AFP:0002744
http://purl.allotrope.org/ontologies/process#AFP_0002764,tube breeding,process,AFO_process#AFP:0002764
http://purl.allotrope.org/ontologies/process#AFP_0002788,fluorimetry,process,AFO_process#AFP:0002788
http://purl.allotrope.org/ontologies/process#AFP_0002792,packing,process,AFO_process#AFP:0002792
http://purl.allotrope.org/ontologies/process#AFP_0002800,concentration measurement,process,AFO_process#AFP:0002800
http://purl.allotrope.org/ontologies/process#AFP_0002821,tablet compression,process,AFO_process#AFP:0002821
http://purl.allotrope.org/ontologies/process#AFP_0002832,pressure control,process,AFO_process#AFP:0002832
http://purl.allotrope.org/ontologies/process#AFP_0002833,temperature control,process,AFO_process#AFP:0002833
http://purl.allotrope.org/ontologies/process#AFP_0002834,test,process,AFO_process#AFP:0002834
http://purl.allotrope.org/ontologies/process#AFP_0002843,compression,process,AFO_process#AFP:0002843
http://purl.allotrope.org/ontologies/process#AFP_0002846,membrane chromatography,process,AFO_process#AFP:0002846
http://purl.allotrope.org/ontologies/process#AFP_0002849,quantification,process,AFO_process#AFP:0002849
http://purl.allotrope.org/ontologies/process#AFP_0003095,data acquisition,process,AFO_process#AFP:0003095
http://purl.allotrope.org/ontologies/process#AFP_0003274,structure determination,process,AFO_process#AFP:0003274
http://purl.allotrope.org/ontologies/process#AFP_0003275,material process,process,AFO_process#AFP:0003275
http://purl.allotrope.org/ontologies/process#AFP_0003281,quality process profile,process,AFO_process#AFP:0003281
http://purl.allotrope.org/ontologies/process#AFP_0003282,calculation,process,AFO_process#AFP:0003282
http://purl.allotrope.org/ontologies/process#AFP_0003284,drawing,process,AFO_process#AFP:0003284
http://purl.allotrope.org/ontologies/process#AFP_0003286,end,process,AFO_process#AFP:0003286
http://purl.allotrope.org/ontologies/process#AFP_0003289,mobile phase delivery,process,AFO_process#AFP:0003289
http://purl.allotrope.org/ontologies/process#AFP_0003290,peak analysis,process,AFO_process#AFP:0003290
http://purl.allotrope.org/ontologies/process#AFP_0003294,pressure process profile,process,AFO_process#AFP:0003294
http://purl.allotrope.org/ontologies/process#AFP_0003297,ratio calculation,process,AFO_process#AFP:0003297
http://purl.allotrope.org/ontologies/process#AFP_0003298,relative retention calculation,process,AFO_process#AFP:0003298
http://purl.allotrope.org/ontologies/process#AFP_0003299,specifying,process,AFO_process#AFP:0003299
http://purl.allotrope.org/ontologies/process#AFP_0003300,temperature process profile,process,AFO_process#AFP:0003300
http://purl.allotrope.org/ontologies/process#AFP_0003305,observing,process,AFO_process#AFP:0003305
http://purl.allotrope.org/ontologies/process#AFP_0003306,containing state,process,AFO_process#AFP:0003306
http://purl.allotrope.org/ontologies/process#AFP_0003312,transferring,process,AFO_process#AFP:0003312
http://purl.allotrope.org/ontologies/process#AFP_0003313,transmitting energy,process,AFO_process#AFP:0003313
http://purl.allotrope.org/ontologies/process#AFP_0003314,communicating,process,AFO_process#AFP:0003314
http://purl.allotrope.org/ontologies/process#AFP_0003315,producing,process,AFO_process#AFP:0003315
http://purl.allotrope.org/ontologies/process#AFP_0003316,consuming,process,AFO_process#AFP:0003316
http://purl.allotrope.org/ontologies/process#AFP_0003318,consuming energy,process,AFO_process#AFP:0003318
http://purl.allotrope.org/ontologies/process#AFP_0003319,producing energy,process,AFO_process#AFP:0003319
http://purl.allotrope.org/ontologies/process#AFP_0003321,energetic process,process,AFO_process#AFP:0003321
http://purl.allotrope.org/ontologies/process#AFP_0003323,storing material,process,AFO_process#AFP:0003323
http://purl.allotrope.org/ontologies/process#AFP_0003324,storing energy,process,AFO_process#AFP:0003324
http://purl.allotrope.org/ontologies/process#AFP_0003325,recording,process,AFO_process#AFP:0003325
http://purl.allotrope.org/ontologies/process#AFP_0003328,start,process,AFO_process#AFP:0003328
http://purl.allotrope.org/ontologies/process#AFP_0003329,selecting,process,AFO_process#AFP:0003329
http://purl.allotrope.org/ontologies/process#AFP_0003330,referencing,process,AFO_process#AFP:0003330
http://purl.allotrope.org/ontologies/process#AFP_0003331,maintaining,process,AFO_process#AFP:0003331
http://purl.allotrope.org/ontologies/process#AFP_0003332,branching,process,AFO_process#AFP:0003332
http://purl.allotrope.org/ontologies/process#AFP_0003335,dividing,process,AFO_process#AFP:0003335
http://purl.allotrope.org/ontologies/process#AFP_0003336,extracting,process,AFO_process#AFP:0003336
http://purl.allotrope.org/ontologies/process#AFP_0003348,localizing,process,AFO_process#AFP:0003348
http://purl.allotrope.org/ontologies/process#AFP_0003349,importing,process,AFO_process#AFP:0003349
http://purl.allotrope.org/ontologies/process#AFP_0003350,exporting,process,AFO_process#AFP:0003350
http://purl.allotrope.org/ontologies/process#AFP_0003351,guiding,process,AFO_process#AFP:0003351
http://purl.allotrope.org/ontologies/process#AFP_0003354,connecting,process,AFO_process#AFP:0003354
http://purl.allotrope.org/ontologies/process#AFP_0003356,coupling,process,AFO_process#AFP:0003356
http://purl.allotrope.org/ontologies/process#AFP_0003357,joining,process,AFO_process#AFP:0003357
http://purl.allotrope.org/ontologies/process#AFP_0003358,linking,process,AFO_process#AFP:0003358
http://purl.allotrope.org/ontologies/process#AFP_0003359,controlling,process,AFO_process#AFP:0003359
http://purl.allotrope.org/ontologies/process#AFP_0003360,actuating,process,AFO_process#AFP:0003360
http://purl.allotrope.org/ontologies/process#AFP_0003361,regulating material,process,AFO_process#AFP:0003361
http://purl.allotrope.org/ontologies/process#AFP_0003362,changing material,process,AFO_process#AFP:0003362
http://purl.allotrope.org/ontologies/process#AFP_0003364,shaping,process,AFO_process#AFP:0003364
http://purl.allotrope.org/ontologies/process#AFP_0003367,decrementing,process,AFO_process#AFP:0003367
http://purl.allotrope.org/ontologies/process#AFP_0003368,incrementing,process,AFO_process#AFP:0003368
http://purl.allotrope.org/ontologies/process#AFP_0003370,achievement,process,AFO_process#AFP:0003370
http://purl.allotrope.org/ontologies/process#AFP_0003371,accomplishment,process,AFO_process#AFP:0003371
http://purl.allotrope.org/ontologies/process#AFP_0003374,state,process,AFO_process#AFP:0003374
http://purl.allotrope.org/ontologies/process#AFP_0003385,collecting,process,AFO_process#AFP:0003385
http://purl.allotrope.org/ontologies/process#AFP_0003393,arrival,process,AFO_process#AFP:0003393
http://purl.allotrope.org/ontologies/process#AFP_0003394,repelling,process,AFO_process#AFP:0003394
http://purl.allotrope.org/ontologies/process#AFP_0003395,resting state,process,AFO_process#AFP:0003395
http://purl.allotrope.org/ontologies/process#AFP_0003396,attracting,process,AFO_process#AFP:0003396
http://purl.allotrope.org/ontologies/process#AFP_0003398,inserting material,process,AFO_process#AFP:0003398
http://purl.allotrope.org/ontologies/process#AFP_0003400,mereotopological process,process,AFO_process#AFP:0003400
http://purl.allotrope.org/ontologies/process#AFP_0003403,partitioning,process,AFO_process#AFP:0003403
http://purl.allotrope.org/ontologies/process#AFP_0003404,blocking,process,AFO_process#AFP:0003404
http://purl.allotrope.org/ontologies/process#AFP_0003408,departure,process,AFO_process#AFP:0003408
http://purl.allotrope.org/ontologies/process#AFP_0003409,positioning,process,AFO_process#AFP:0003409
http://purl.allotrope.org/ontologies/process#AFP_0003416,converting energy,process,AFO_process#AFP:0003416
http://purl.allotrope.org/ontologies/process#AFP_0003419,charging,process,AFO_process#AFP:0003419
http://purl.allotrope.org/ontologies/process#AFP_0003420,discharging,process,AFO_process#AFP:0003420
http://purl.allotrope.org/ontologies/process#AFP_0003424,stopping,process,AFO_process#AFP:0003424
http://purl.allotrope.org/ontologies/process#AFP_0003431,receiving,process,AFO_process#AFP:0003431
http://purl.allotrope.org/ontologies/process#AFP_0003432,sending,process,AFO_process#AFP:0003432
http://purl.allotrope.org/ontologies/process#AFP_0003433,sensing state,process,AFO_process#AFP:0003433
http://purl.allotrope.org/ontologies/process#AFP_0003434,displaying,process,AFO_process#AFP:0003434
http://purl.allotrope.org/ontologies/process#AFP_0003437,emission,process,AFO_process#AFP:0003437
http://purl.allotrope.org/ontologies/process#AFP_0003449,holding in place,process,AFO_process#AFP:0003449
http://purl.allotrope.org/ontologies/process#AFP_0003450,reception,process,AFO_process#AFP:0003450
http://purl.allotrope.org/ontologies/process#AFP_0003452,mental process,process,AFO_process#AFP:0003452
http://purl.allotrope.org/ontologies/process#AFP_0003454,rate process profile,process,AFO_process#AFP:0003454
http://purl.allotrope.org/ontologies/process#AFP_0003455,cyclic rate process profile,process,AFO_process#AFP:0003455
http://purl.allotrope.org/ontologies/process#AFP_0003456,disconnected state,process,AFO_process#AFP:0003456
http://purl.allotrope.org/ontologies/process#AFP_0003457,connected state,process,AFO_process#AFP:0003457
http://purl.allotrope.org/ontologies/process#AFP_0003458,melting,process,AFO_process#AFP:0003458
http://purl.allotrope.org/ontologies/process#AFP_0003459,solidifying,process,AFO_process#AFP:0003459
http://purl.allotrope.org/ontologies/process#AFP_0003464,moving,process,AFO_process#AFP:0003464
http://purl.allotrope.org/ontologies/process#AFP_0003467,changing energy,process,AFO_process#AFP:0003467
http://purl.allotrope.org/ontologies/process#AFP_0003469,transporting material,process,AFO_process#AFP:0003469
http://purl.allotrope.org/ontologies/process#AFP_0003470,indicating state,process,AFO_process#AFP:0003470
http://purl.allotrope.org/ontologies/process#AFP_0003471,tracking,process,AFO_process#AFP:0003471
http://purl.allotrope.org/ontologies/process#AFP_0003472,sorting material,process,AFO_process#AFP:0003472
http://purl.allotrope.org/ontologies/process#AFP_0003473,removing,process,AFO_process#AFP:0003473
http://purl.allotrope.org/ontologies/process#AFP_0003475,combining,process,AFO_process#AFP:0003475
http://purl.allotrope.org/ontologies/process#AFP_0003481,energizing state,process,AFO_process#AFP:0003481
http://purl.allotrope.org/ontologies/process#AFP_0003485,regulating,process,AFO_process#AFP:0003485
http://purl.allotrope.org/ontologies/process#AFP_0003486,changing,process,AFO_process#AFP:0003486
http://purl.allotrope.org/ontologies/process#AFP_0003488,indicating,process,AFO_process#AFP:0003488
http://purl.allotrope.org/ontologies/process#AFP_0003490,material test,process,AFO_process#AFP:0003490
http://purl.allotrope.org/ontologies/process#AFP_0003491,analysis assay,process,AFO_process#AFP:0003491
http://purl.allotrope.org/ontologies/process#AFP_0003533,separating material,process,AFO_process#AFP:0003533
http://purl.allotrope.org/ontologies/process#AFP_0003538,assessing,process,AFO_process#AFP:0003538
http://purl.allotrope.org/ontologies/process#AFP_0003540,image analysis,process,AFO_process#AFP:0003540
http://purl.allotrope.org/ontologies/process#AFP_0003541,temperature measurement,process,AFO_process#AFP:0003541
http://purl.allotrope.org/ontologies/process#AFP_0003551,storing state,process,AFO_process#AFP:0003551
http://purl.allotrope.org/ontologies/process#AFP_0003552,signaling,process,AFO_process#AFP:0003552
http://purl.allotrope.org/ontologies/process#AFP_0003553,supplying state,process,AFO_process#AFP:0003553
http://purl.allotrope.org/ontologies/process#AFP_0003554,consuming signal,process,AFO_process#AFP:0003554
http://purl.allotrope.org/ontologies/process#AFP_0003556,physical characterization assay,process,AFO_process#AFP:0003556
http://purl.allotrope.org/ontologies/process#AFP_0003563,providing state,process,AFO_process#AFP:0003563
http://purl.allotrope.org/ontologies/process#AFP_0003564,collecting state,process,AFO_process#AFP:0003564
http://purl.allotrope.org/ontologies/process#AFP_0003565,converting,process,AFO_process#AFP:0003565
http://purl.allotrope.org/ontologies/process#AFP_0003566,converting material,process,AFO_process#AFP:0003566
http://purl.allotrope.org/ontologies/process#AFP_0003568,interpolation,process,AFO_process#AFP:0003568
http://purl.allotrope.org/ontologies/process#AFP_0003570,peak height analysis,process,AFO_process#AFP:0003570
http://purl.allotrope.org/ontologies/process#AFP_0003571,peak width analysis,process,AFO_process#AFP:0003571
http://purl.allotrope.org/ontologies/process#AFP_0003572,totaling,process,AFO_process#AFP:0003572
http://purl.allotrope.org/ontologies/process#AFP_0003573,sorting,process,AFO_process#AFP:0003573
http://purl.allotrope.org/ontologies/process#AFP_0003574,removing material,process,AFO_process#AFP:0003574
http://purl.allotrope.org/ontologies/process#AFP_0003575,delivering material,process,AFO_process#AFP:0003575
http://purl.allotrope.org/ontologies/process#AFP_0003576,taking,process,AFO_process#AFP:0003576
http://purl.allotrope.org/ontologies/process#AFP_0003577,pumping,process,AFO_process#AFP:0003577
http://purl.allotrope.org/ontologies/process#AFP_0003581,data collection,process,AFO_process#AFP:0003581
http://purl.allotrope.org/ontologies/process#AFP_0003582,ordering data,process,AFO_process#AFP:0003582
http://purl.allotrope.org/ontologies/process#AFP_0003583,denoting,process,AFO_process#AFP:0003583
http://purl.allotrope.org/ontologies/process#AFP_0003584,describing,process,AFO_process#AFP:0003584
http://purl.allotrope.org/ontologies/process#AFP_0003585,identifying,process,AFO_process#AFP:0003585
http://purl.allotrope.org/ontologies/process#AFP_0003586,indexing,process,AFO_process#AFP:0003586
http://purl.allotrope.org/ontologies/process#AFP_0003591,reflection,process,AFO_process#AFP:0003591
http://purl.allotrope.org/ontologies/process#AFP_0003592,specular reflection,process,AFO_process#AFP:0003592
http://purl.allotrope.org/ontologies/process#AFP_0003593,diffuse reflection,process,AFO_process#AFP:0003593
http://purl.allotrope.org/ontologies/process#AFP_0003594,scattering,process,AFO_process#AFP:0003594
http://purl.allotrope.org/ontologies/process#AFP_0003595,deflecting,process,AFO_process#AFP:0003595
http://purl.allotrope.org/ontologies/process#AFP_0003596,inhibiting,process,AFO_process#AFP:0003596
http://purl.allotrope.org/ontologies/process#AFP_0003597,preventing,process,AFO_process#AFP:0003597
http://purl.allotrope.org/ontologies/process#AFP_0003598,data transformation,process,AFO_process#AFP:0003598
http://purl.allotrope.org/ontologies/process#AFP_0003599,comparing,process,AFO_process#AFP:0003599
http://purl.allotrope.org/ontologies/process#AFP_0003603,assigning,process,AFO_process#AFP:0003603
http://purl.allotrope.org/ontologies/process#AFP_0003618,peak identification,process,AFO_process#AFP:0003618
http://purl.allotrope.org/ontologies/process#AFP_0003619,peak detection,process,AFO_process#AFP:0003619
http://purl.allotrope.org/ontologies/process#AFP_0003620,activity,process,AFO_process#AFP:0003620
http://purl.allotrope.org/ontologies/process#AFP_0003623,containing,process,AFO_process#AFP:0003623
http://purl.allotrope.org/ontologies/process#AFP_0003627,number density measurement,process,AFO_process#AFP:0003627
http://purl.allotrope.org/ontologies/process#AFP_0003628,cell density measurement,process,AFO_process#AFP:0003628
http://purl.allotrope.org/ontologies/process#AFP_0003629,cell counting,process,AFO_process#AFP:0003629
http://purl.allotrope.org/ontologies/process#AFP_0003634,sampling,process,AFO_process#AFP:0003634
http://purl.allotrope.org/ontologies/process#AFP_0003635,sampling data,process,AFO_process#AFP:0003635
http://purl.allotrope.org/ontologies/process#AFP_0003636,descriptive statistics,process,AFO_process#AFP:0003636
http://purl.allotrope.org/ontologies/process#AFP_0003637,inferring,process,AFO_process#AFP:0003637
http://purl.allotrope.org/ontologies/process#AFP_0003638,statistical inference,process,AFO_process#AFP:0003638
http://purl.allotrope.org/ontologies/process#AFP_0003639,marking,process,AFO_process#AFP:0003639
http://purl.allotrope.org/ontologies/process#AFP_0003640,dispersed state,process,AFO_process#AFP:0003640
http://purl.allotrope.org/ontologies/process#AFP_0003641,degradation,process,AFO_process#AFP:0003641
http://purl.allotrope.org/ontologies/process#AFP_0003643,approving,process,AFO_process#AFP:0003643
http://purl.allotrope.org/ontologies/process#AFP_0003644,deciding,process,AFO_process#AFP:0003644
http://purl.allotrope.org/ontologies/process#AFP_0003645,signing,process,AFO_process#AFP:0003645
http://purl.allotrope.org/ontologies/process#AFP_0003646,submitting,process,AFO_process#AFP:0003646
http://purl.allotrope.org/ontologies/process#AFP_0003654,summarizing,process,AFO_process#AFP:0003654
http://purl.allotrope.org/ontologies/process#AFP_0003655,data reduction,process,AFO_process#AFP:0003655
http://purl.allotrope.org/ontologies/process#AFP_0003656,data aggregation,process,AFO_process#AFP:0003656
http://purl.allotrope.org/ontologies/process#AFP_0003657,averaging,process,AFO_process#AFP:0003657
http://purl.allotrope.org/ontologies/process#AFP_0003660,pre injection needle washing,process,AFO_process#AFP:0003660
http://purl.allotrope.org/ontologies/process#AFP_0003661,post injection needle washing,process,AFO_process#AFP:0003661
http://purl.allotrope.org/ontologies/process#AFP_0003663,injection needle washing,process,AFO_process#AFP:0003663
http://purl.allotrope.org/ontologies/process#AFP_0003664,detecting state,process,AFO_process#AFP:0003664
http://purl.allotrope.org/ontologies/process#AFP_0003665,running state,process,AFO_process#AFP:0003665
http://purl.allotrope.org/ontologies/process#AFP_0003666,injecting,process,AFO_process#AFP:0003666
http://purl.allotrope.org/ontologies/process#AFP_0003667,idle state,process,AFO_process#AFP:0003667
http://purl.allotrope.org/ontologies/process#AFP_0003668,completed state,process,AFO_process#AFP:0003668
http://purl.allotrope.org/ontologies/process#AFP_0003669,paused state,process,AFO_process#AFP:0003669
http://purl.allotrope.org/ontologies/process#AFP_0003670,aborted state,process,AFO_process#AFP:0003670
http://purl.allotrope.org/ontologies/process#AFP_0003671,stopped state,process,AFO_process#AFP:0003671
http://purl.allotrope.org/ontologies/process#AFP_0003672,held state,process,AFO_process#AFP:0003672
http://purl.allotrope.org/ontologies/process#AFP_0003673,process state,process,AFO_process#AFP:0003673
http://purl.allotrope.org/ontologies/process#AFP_0003674,diode array detector process,process,AFO_process#AFP:0003674
http://purl.allotrope.org/ontologies/process#AFP_0003677,pump system process,process,AFO_process#AFP:0003677
http://purl.allotrope.org/ontologies/process#AFP_0003678,autosampler process,process,AFO_process#AFP:0003678
http://purl.allotrope.org/ontologies/process#AFP_0003679,LC-UV system process,process,AFO_process#AFP:0003679
http://purl.allotrope.org/ontologies/process#AFP_0003681,monitoring,process,AFO_process#AFP:0003681
http://purl.allotrope.org/ontologies/process#AFP_0003682,time domain zero padding,process,AFO_process#AFP:0003682
http://purl.allotrope.org/ontologies/process#AFP_0003683,gas chromatography injection,process,AFO_process#AFP:0003683
http://purl.allotrope.org/ontologies/process#AFP_0003684,splitless injection,process,AFO_process#AFP:0003684
http://purl.allotrope.org/ontologies/process#AFP_0003685,split injection,process,AFO_process#AFP:0003685
http://purl.allotrope.org/ontologies/process#AFP_0003686,packed injection,process,AFO_process#AFP:0003686
http://purl.allotrope.org/ontologies/process#AFP_0003687,coated state,process,AFO_process#AFP:0003687
http://purl.allotrope.org/ontologies/process#AFP_0003691,sequential process,process,AFO_process#AFP:0003691
http://purl.allotrope.org/ontologies/process#AFP_0003692,sequential analysis process,process,AFO_process#AFP:0003692
http://purl.allotrope.org/ontologies/process#AFP_0003693,linear calibration,process,AFO_process#AFP:0003693
http://purl.allotrope.org/ontologies/process#AFP_0003694,exponential calibration,process,AFO_process#AFP:0003694
http://purl.allotrope.org/ontologies/process#AFP_0003695,polynomial calibration,process,AFO_process#AFP:0003695
http://purl.allotrope.org/ontologies/process#AFP_0003700,time measurement,process,AFO_process#AFP:0003700
http://purl.allotrope.org/ontologies/process#AFP_0003701,calibration reference profile,process,AFO_process#AFP:0003701
http://purl.allotrope.org/ontologies/process#AFP_0003703,adjusting,process,AFO_process#AFP:0003703
http://purl.allotrope.org/ontologies/process#AFP_0003704,standard preparation,process,AFO_process#AFP:0003704
http://purl.allotrope.org/ontologies/process#AFP_0003706,analyte calibration,process,AFO_process#AFP:0003706
http://purl.allotrope.org/ontologies/process#AFP_0003710,ion selection,process,AFO_process#AFP:0003710
http://purl.allotrope.org/ontologies/process#AFP_0003711,chemical reaction (molecular),process,AFO_process#AFP:0003711
http://purl.allotrope.org/ontologies/process#AFP_0003712,ion reaction,process,AFO_process#AFP:0003712
http://purl.allotrope.org/ontologies/process#AFP_0003713,LC-MS reaction monitoring data processing,process,AFO_process#AFP:0003713
http://purl.allotrope.org/ontologies/process#AFP_0003715,constant pressure mobile phase delivery,process,AFO_process#AFP:0003715
http://purl.allotrope.org/ontologies/process#AFP_0003716,combining material,process,AFO_process#AFP:0003716
http://purl.allotrope.org/ontologies/process#AFP_0003717,interpolation (calibration),process,AFO_process#AFP:0003717
http://purl.allotrope.org/ontologies/process#AFP_0003719,nebulizing,process,AFO_process#AFP:0003719
http://purl.allotrope.org/ontologies/process#AFP_0003721,background correction,process,AFO_process#AFP:0003721
http://purl.allotrope.org/ontologies/process#AFP_0003722,data extraction,process,AFO_process#AFP:0003722
http://purl.allotrope.org/ontologies/process#AFP_0003725,high performance liquid chromatography system process,process,AFO_process#AFP:0003725
http://purl.allotrope.org/ontologies/process#AFP_0003726,device process,process,AFO_process#AFP:0003726
http://purl.allotrope.org/ontologies/process#AFP_0003727,repeated process,process,AFO_process#AFP:0003727
http://purl.allotrope.org/ontologies/process#AFP_0003729,reporting,process,AFO_process#AFP:0003729
http://purl.allotrope.org/ontologies/process#AFP_0003730,project,process,AFO_process#AFP:0003730
http://purl.allotrope.org/ontologies/process#AFP_0003735,experiment,process,AFO_process#AFP:0003735
http://purl.allotrope.org/ontologies/process#AFP_0003736,thermal event,process,AFO_process#AFP:0003736
http://purl.allotrope.org/ontologies/process#AFP_0003737,event,process,AFO_process#AFP:0003737
http://purl.allotrope.org/ontologies/process#AFP_0003738,precipitation titration,process,AFO_process#AFP:0003738
http://purl.allotrope.org/ontologies/process#AFP_0003739,preventative maintenance,process,AFO_process#AFP:0003739
http://purl.allotrope.org/ontologies/process#AFP_0003740,titrant standardization,process,AFO_process#AFP:0003740
http://purl.allotrope.org/ontologies/process#AFP_0003741,addition rate process profile,process,AFO_process#AFP:0003741
http://purl.allotrope.org/ontologies/process#AFP_0003742,volume process profile,process,AFO_process#AFP:0003742
http://purl.allotrope.org/ontologies/process#AFP_0003743,adding (material),process,AFO_process#AFP:0003743
http://purl.allotrope.org/ontologies/process#AFP_0003744,material flow rate process profile,process,AFO_process#AFP:0003744
http://purl.allotrope.org/ontologies/process#AFP_0003745,covered state,process,AFO_process#AFP:0003745
http://purl.allotrope.org/ontologies/process#AFP_0003746,covering,process,AFO_process#AFP:0003746
http://purl.allotrope.org/ontologies/process#AFP_0003747,single quadrupole mass spectrometry,process,AFO_process#AFP:0003747
http://purl.allotrope.org/ontologies/process#AFP_0003748,constant flow rate mobile phase delivery,process,AFO_process#AFP:0003748
http://purl.allotrope.org/ontologies/process#AFP_0003749,overhead stirring,process,AFO_process#AFP:0003749
http://purl.allotrope.org/ontologies/process#AFP_0003750,stirring rate process profile,process,AFO_process#AFP:0003750
http://purl.allotrope.org/ontologies/process#AFP_0003751,heat transfer coefficient process profile,process,AFO_process#AFP:0003751
http://purl.allotrope.org/ontologies/process#AFP_0003752,angular velocity process profile,process,AFO_process#AFP:0003752
http://purl.allotrope.org/ontologies/process#AFP_0003753,area process profile,process,AFO_process#AFP:0003753
http://purl.allotrope.org/ontologies/process#AFP_0003755,heating or cooling rate process profile,process,AFO_process#AFP:0003755
http://purl.allotrope.org/ontologies/process#AFP_0003757,approval state,process,AFO_process#AFP:0003757
http://purl.allotrope.org/ontologies/process#AFP_0003758,is approved,process,AFO_process#AFP:0003758
http://purl.allotrope.org/ontologies/process#AFP_0003759,is denied,process,AFO_process#AFP:0003759
http://purl.allotrope.org/ontologies/process#AFP_0003761,BET analysis,process,AFO_process#AFP:0003761
http://purl.allotrope.org/ontologies/process#AFP_0003762,nephelometry,process,AFO_process#AFP:0003762
http://purl.allotrope.org/ontologies/process#AFP_0003763,differential scanning calorimetry cycle,process,AFO_process#AFP:0003763
http://purl.allotrope.org/ontologies/process#AFP_0003764,hygroscopy,process,AFO_process#AFP:0003764
http://purl.allotrope.org/ontologies/process#AFP_0003765,dynamic vapor sorption,process,AFO_process#AFP:0003765
http://purl.allotrope.org/ontologies/process#AFP_0003766,electrolytic conductivity measurement,process,AFO_process#AFP:0003766
http://purl.allotrope.org/ontologies/process#AFP_0003767,quantitative nuclear magnetic resonance spectroscopy,process,AFO_process#AFP:0003767
http://purl.allotrope.org/ontologies/process#AFP_0003769,quantitative polymerase chain reaction,process,AFO_process#AFP:0003769
http://purl.allotrope.org/ontologies/process#AFP_0003770,polymerase chain reaction,process,AFO_process#AFP:0003770
http://purl.allotrope.org/ontologies/process#AFP_0003771,dyeing,process,AFO_process#AFP:0003771
http://purl.allotrope.org/ontologies/process#AFP_0003772,baseline determination,process,AFO_process#AFP:0003772
http://purl.allotrope.org/ontologies/process#AFP_0003774,imaging,process,AFO_process#AFP:0003774
http://purl.allotrope.org/ontologies/process#AFP_0003775,standard curve qPCR experiment,process,AFO_process#AFP:0003775
http://purl.allotrope.org/ontologies/process#AFP_0003776,relative standard curve qPCR experiment,process,AFO_process#AFP:0003776
http://purl.allotrope.org/ontologies/process#AFP_0003777,comparative CT qPCR experiment,process,AFO_process#AFP:0003777
http://purl.allotrope.org/ontologies/process#AFP_0003778,melt curve qPCR experiment,process,AFO_process#AFP:0003778
http://purl.allotrope.org/ontologies/process#AFP_0003779,genotyping qPCR experiment,process,AFO_process#AFP:0003779
http://purl.allotrope.org/ontologies/process#AFP_0003780,presence/absence qPCR experiment,process,AFO_process#AFP:0003780
http://purl.allotrope.org/ontologies/process#AFP_0003781,bulk density,process,AFO_process#AFP:0003781
http://purl.allotrope.org/ontologies/process#AFP_0003782,powder tap density,process,AFO_process#AFP:0003782
http://purl.allotrope.org/ontologies/process#AFP_0003783,powder bulk density,process,AFO_process#AFP:0003783
http://purl.allotrope.org/ontologies/process#AFP_0003784,qPCR experiment,process,AFO_process#AFP:0003784
http://purl.allotrope.org/ontologies/process#AFP_0003785,evacuating (chem),process,AFO_process#AFP:0003785
http://purl.allotrope.org/ontologies/process#AFP_0003787,near infrared transmission spectroscopy,process,AFO_process#AFP:0003787
http://purl.allotrope.org/ontologies/process#AFP_0003788,focused beam reflectance measurement,process,AFO_process#AFP:0003788
http://purl.allotrope.org/ontologies/process#AFP_0003789,fast protein liquid chromatography,process,AFO_process#AFP:0003789
http://purl.allotrope.org/ontologies/process#AFP_0003795,heat flow process profile,process,AFO_process#AFP:0003795
http://purl.allotrope.org/ontologies/process#AFP_0003796,mass process profile,process,AFO_process#AFP:0003796
http://purl.allotrope.org/ontologies/process#AFP_0003797,concentration process profile,process,AFO_process#AFP:0003797
http://purl.allotrope.org/ontologies/process#AFP_0003798,pH process profile,process,AFO_process#AFP:0003798
http://purl.allotrope.org/ontologies/process#AFP_0003801,configuration process profile,process,AFO_process#AFP:0003801
http://purl.allotrope.org/ontologies/process#AFP_0003802,shaking,process,AFO_process#AFP:0003802
http://purl.allotrope.org/ontologies/process#AFP_0003803,luminescence process profile,process,AFO_process#AFP:0003803
http://purl.allotrope.org/ontologies/process#AFP_0003804,area scanning,process,AFO_process#AFP:0003804
http://purl.allotrope.org/ontologies/process#AFP_0003805,read,process,AFO_process#AFP:0003805
http://purl.allotrope.org/ontologies/process#AFP_0003806,disintegrated state,process,AFO_process#AFP:0003806
http://purl.allotrope.org/ontologies/process#AFP_0003807,disintegrating,process,AFO_process#AFP:0003807
http://purl.allotrope.org/ontologies/process#AFP_0003808,disconnecting,process,AFO_process#AFP:0003808
http://purl.allotrope.org/ontologies/process#AFP_0003809,charge deconvolution,process,AFO_process#AFP:0003809
http://purl.allotrope.org/ontologies/process#AFP_0003810,polarity control,process,AFO_process#AFP:0003810
http://purl.allotrope.org/ontologies/process#AFP_0003811,flowing,process,AFO_process#AFP:0003811
http://purl.allotrope.org/ontologies/process#AFP_0003813,sample introduction,process,AFO_process#AFP:0003813
http://purl.allotrope.org/ontologies/process#AFP_0003814,code scanning,process,AFO_process#AFP:0003814
http://purl.allotrope.org/ontologies/process#AFP_0003815,carrying state,process,AFO_process#AFP:0003815
http://purl.allotrope.org/ontologies/process#AFP_0003816,changing quality state,process,AFO_process#AFP:0003816
http://purl.allotrope.org/ontologies/process#AFP_0003817,constant quality state,process,AFO_process#AFP:0003817
http://purl.allotrope.org/ontologies/process#AFP_0003818,constant quality process profile,process,AFO_process#AFP:0003818
http://purl.allotrope.org/ontologies/process#AFP_0003819,increasing quality process profile,process,AFO_process#AFP:0003819
http://purl.allotrope.org/ontologies/process#AFP_0003820,decreasing quality process profile,process,AFO_process#AFP:0003820
http://purl.allotrope.org/ontologies/process#AFP_0003821,changing quality process profile,process,AFO_process#AFP:0003821
http://purl.allotrope.org/ontologies/process#AFP_0003822,proper changing quality process profile,process,AFO_process#AFP:0003822
http://purl.allotrope.org/ontologies/process#AFP_0003823,state of matter state,process,AFO_process#AFP:0003823
http://purl.allotrope.org/ontologies/process#AFP_0003824,mereotopological state,process,AFO_process#AFP:0003824
http://purl.allotrope.org/ontologies/process#AFP_0003825,quality state,process,AFO_process#AFP:0003825
http://purl.allotrope.org/ontologies/process#AFP_0003826,spatial state,process,AFO_process#AFP:0003826
http://purl.allotrope.org/ontologies/process#AFP_0003828,gel transition,process,AFO_process#AFP:0003828
http://purl.allotrope.org/ontologies/process#AFP_0003829,dielectric polarization measurement,process,AFO_process#AFP:0003829
http://purl.allotrope.org/ontologies/process#AFP_0003830,abrading,process,AFO_process#AFP:0003830
http://purl.allotrope.org/ontologies/process#AFP_0003831,heat sealing,process,AFO_process#AFP:0003831
http://purl.allotrope.org/ontologies/process#AFP_0003832,gripping,process,AFO_process#AFP:0003832
http://purl.allotrope.org/ontologies/process#AFP_0003833,nitrogen-phosphorus detection,process,AFO_process#AFP:0003833
http://purl.allotrope.org/ontologies/process#AFP_0003834,nitrogen chemiluminescence detection,process,AFO_process#AFP:0003834
http://purl.allotrope.org/ontologies/process#AFP_0003835,sulfur chemiluminescence detection,process,AFO_process#AFP:0003835
http://purl.allotrope.org/ontologies/process#AFP_0003836,flame photometric detection,process,AFO_process#AFP:0003836
http://purl.allotrope.org/ontologies/process#AFP_0003837,evaporative light scattering detection,process,AFO_process#AFP:0003837
http://purl.allotrope.org/ontologies/process#AFP_0003838,dispensing,process,AFO_process#AFP:0003838
http://purl.allotrope.org/ontologies/process#AFP_0003840,denaturing,process,AFO_process#AFP:0003840
http://purl.allotrope.org/ontologies/process#AFP_0003841,primer extension,process,AFO_process#AFP:0003841
http://purl.allotrope.org/ontologies/process#AFP_0003842,PCR experiment,process,AFO_process#AFP:0003842
http://purl.allotrope.org/ontologies/process#AFP_0003843,multi analyte profiling,process,AFO_process#AFP:0003843
http://purl.allotrope.org/ontologies/process#AFP_0003844,solution-state nuclear magnetic resonance spectroscopy,process,AFO_process#AFP:0003844
http://purl.allotrope.org/ontologies/process#AFP_0003845,J-coupling,process,AFO_process#AFP:0003845
http://purl.allotrope.org/ontologies/process#AFP_0003846,fluorescence process profile,process,AFO_process#AFP:0003846
http://purl.allotrope.org/ontologies/process#AFP_0003847,absorbance process profile,process,AFO_process#AFP:0003847
http://purl.allotrope.org/ontologies/process#AFP_0003849,binding affinity assay,process,AFO_process#AFP:0003849
http://purl.allotrope.org/ontologies/process#AFP_0003850,flow cytometry,process,AFO_process#AFP:0003850
http://purl.allotrope.org/ontologies/process#AFP_0003851,laser desorption ionization,process,AFO_process#AFP:0003851
http://purl.allotrope.org/ontologies/process#AFP_0003852,matrix-assisted laser desorption ionization,process,AFO_process#AFP:0003852
http://purl.allotrope.org/ontologies/process#AFP_0003854,fragmentation,process,AFO_process#AFP:0003854
http://purl.allotrope.org/ontologies/process#AFP_0003855,system suitability,process,AFO_process#AFP:0003855
http://purl.allotrope.org/ontologies/process#AFP_0003856,life cycle state,process,AFO_process#AFP:0003856
http://purl.allotrope.org/ontologies/process#AFP_0003857,draft life cycle state,process,AFO_process#AFP:0003857
http://purl.allotrope.org/ontologies/process#AFP_0003858,approved life cycle state,process,AFO_process#AFP:0003858
http://purl.allotrope.org/ontologies/process#AFP_0003859,rejected life cycle state,process,AFO_process#AFP:0003859
http://purl.allotrope.org/ontologies/process#AFP_0003860,effective life cycle state,process,AFO_process#AFP:0003860
http://purl.allotrope.org/ontologies/process#AFP_0003861,obsolete life cycle state,process,AFO_process#AFP:0003861
http://purl.allotrope.org/ontologies/process#AFP_0003862,thermogravimetry,process,AFO_process#AFP:0003862
http://purl.allotrope.org/ontologies/process#AFP_0003864,X-ray spectrometry,process,AFO_process#AFP:0003864
http://purl.allotrope.org/ontologies/process#AFP_0003865,X-ray reflection spectroscopy,process,AFO_process#AFP:0003865
http://purl.allotrope.org/ontologies/process#AFP_0003866,X-ray absorption spectroscopy,process,AFO_process#AFP:0003866
http://purl.allotrope.org/ontologies/process#AFP_0003867,X-ray emission spectroscopy,process,AFO_process#AFP:0003867
http://purl.allotrope.org/ontologies/process#AFP_0003868,clustering,process,AFO_process#AFP:0003868
http://purl.allotrope.org/ontologies/process#AFP_0003869,program,process,AFO_process#AFP:0003869
http://purl.allotrope.org/ontologies/process#AFP_0003871,study,process,AFO_process#AFP:0003871
http://purl.allotrope.org/ontologies/process#AFP_0003872,mercury porosimetry,process,AFO_process#AFP:0003872
http://purl.allotrope.org/ontologies/quality#AFQ_0000005,ratio,property,AFO_quality#AFQ:0000005
http://purl.allotrope.org/ontologies/quality#AFQ_0000014,chromatography column length (quality),property,AFO_quality#AFQ:0000014
http://purl.allotrope.org/ontologies/quality#AFQ_0000016,column inner diameter (quality),property,AFO_quality#AFQ:0000016
http://purl.allotrope.org/ontologies/quality#AFQ_0000018,inner diameter (quality),property,AFO_quality#AFQ:0000018
http://purl.allotrope.org/ontologies/quality#AFQ_0000019,relative retention time (quality),property,AFO_quality#AFQ:0000019
http://purl.allotrope.org/ontologies/quality#AFQ_0000020,cylinder length (quality),property,AFO_quality#AFQ:0000020
http://purl.allotrope.org/ontologies/quality#AFQ_0000026,particle size (quality),property,AFO_quality#AFQ:0000026
http://purl.allotrope.org/ontologies/quality#AFQ_0000029,detection wavelength,property,AFO_quality#AFQ:0000029
http://purl.allotrope.org/ontologies/quality#AFQ_0000032,distance,property,AFO_quality#AFQ:0000032
http://purl.allotrope.org/ontologies/quality#AFQ_0000036,system configuration,property,AFO_quality#AFQ:0000036
http://purl.allotrope.org/ontologies/quality#AFQ_0000042,heat rate,property,AFO_quality#AFQ:0000042
http://purl.allotrope.org/ontologies/quality#AFQ_0000043,linear velocity (quality),property,AFO_quality#AFQ:0000043
http://purl.allotrope.org/ontologies/quality#AFQ_0000045,torque (quality),property,AFO_quality#AFQ:0000045
http://purl.allotrope.org/ontologies/quality#AFQ_0000048,voltage (quality),property,AFO_quality#AFQ:0000048
http://purl.allotrope.org/ontologies/quality#AFQ_0000049,electric current (quality),property,AFO_quality#AFQ:0000049
http://purl.allotrope.org/ontologies/quality#AFQ_0000056,thermal quality,property,AFO_quality#AFQ:0000056
http://purl.allotrope.org/ontologies/quality#AFQ_0000057,thermal conductivity (quality),property,AFO_quality#AFQ:0000057
http://purl.allotrope.org/ontologies/quality#AFQ_0000058,heat capacity (quality),property,AFO_quality#AFQ:0000058
http://purl.allotrope.org/ontologies/quality#AFQ_0000059,radiative emissivity,property,AFO_quality#AFQ:0000059
http://purl.allotrope.org/ontologies/quality#AFQ_0000061,absorbance (quality),property,AFO_quality#AFQ:0000061
http://purl.allotrope.org/ontologies/quality#AFQ_0000062,focal length,property,AFO_quality#AFQ:0000062
http://purl.allotrope.org/ontologies/quality#AFQ_0000064,reflectance (quality),property,AFO_quality#AFQ:0000064
http://purl.allotrope.org/ontologies/quality#AFQ_0000065,electrical and magnetic quality,property,AFO_quality#AFQ:0000065
http://purl.allotrope.org/ontologies/quality#AFQ_0000067,electric resistance (quality),property,AFO_quality#AFQ:0000067
http://purl.allotrope.org/ontologies/quality#AFQ_0000111,state of matter,property,AFO_quality#AFQ:0000111
http://purl.allotrope.org/ontologies/quality#AFQ_0000112,solid,property,AFO_quality#AFQ:0000112
http://purl.allotrope.org/ontologies/quality#AFQ_0000113,liquid,property,AFO_quality#AFQ:0000113
http://purl.allotrope.org/ontologies/quality#AFQ_0000114,gas,property,AFO_quality#AFQ:0000114
http://purl.allotrope.org/ontologies/quality#AFQ_0000115,plasma,property,AFO_quality#AFQ:0000115
http://purl.allotrope.org/ontologies/quality#AFQ_0000116,shear modulus (quality),property,AFO_quality#AFQ:0000116
http://purl.allotrope.org/ontologies/quality#AFQ_0000118,shear modulus of zero magnitude,property,AFO_quality#AFQ:0000118
http://purl.allotrope.org/ontologies/quality#AFQ_0000119,supercritical fluid,property,AFO_quality#AFQ:0000119
http://purl.allotrope.org/ontologies/quality#AFQ_0000120,gel (quality),property,AFO_quality#AFQ:0000120
http://purl.allotrope.org/ontologies/quality#AFQ_0000121,particle size above one micrometer,property,AFO_quality#AFQ:0000121
http://purl.allotrope.org/ontologies/quality#AFQ_0000123,exact mass,property,AFO_quality#AFQ:0000123
http://purl.allotrope.org/ontologies/quality#AFQ_0000129,fugacity,property,AFO_quality#AFQ:0000129
http://purl.allotrope.org/ontologies/quality#AFQ_0000138,acoustic quality,property,AFO_quality#AFQ:0000138
http://purl.allotrope.org/ontologies/quality#AFQ_0000139,frequency response,property,AFO_quality#AFQ:0000139
http://purl.allotrope.org/ontologies/quality#AFQ_0000141,audible device noise,property,AFO_quality#AFQ:0000141
http://purl.allotrope.org/ontologies/quality#AFQ_0000142,polarization,property,AFO_quality#AFQ:0000142
http://purl.allotrope.org/ontologies/quality#AFQ_0000144,flowability,property,AFO_quality#AFQ:0000144
http://purl.allotrope.org/ontologies/quality#AFQ_0000145,friction (quality),property,AFO_quality#AFQ:0000145
http://purl.allotrope.org/ontologies/quality#AFQ_0000149,ionization polarity,property,AFO_quality#AFQ:0000149
http://purl.allotrope.org/ontologies/quality#AFQ_0000150,negative ionization polarity,property,AFO_quality#AFQ:0000150
http://purl.allotrope.org/ontologies/quality#AFQ_0000151,positive ionization polarity,property,AFO_quality#AFQ:0000151
http://purl.allotrope.org/ontologies/quality#AFQ_0000152,alternating ionization polarity,property,AFO_quality#AFQ:0000152
http://purl.allotrope.org/ontologies/quality#AFQ_0000166,amount of substance (quality),property,AFO_quality#AFQ:0000166
http://purl.allotrope.org/ontologies/quality#AFQ_0000167,mass concentration (quality),property,AFO_quality#AFQ:0000167
http://purl.allotrope.org/ontologies/quality#AFQ_0000168,molar concentration (quality),property,AFO_quality#AFQ:0000168
http://purl.allotrope.org/ontologies/quality#AFQ_0000169,volume fraction (quality),property,AFO_quality#AFQ:0000169
http://purl.allotrope.org/ontologies/quality#AFQ_0000170,hold-up volume (quality),property,AFO_quality#AFQ:0000170
http://purl.allotrope.org/ontologies/quality#AFQ_0000171,retention volume (quality),property,AFO_quality#AFQ:0000171
http://purl.allotrope.org/ontologies/quality#AFQ_0000172,fraction (quality),property,AFO_quality#AFQ:0000172
http://purl.allotrope.org/ontologies/quality#AFQ_0000173,mass fraction (quality),property,AFO_quality#AFQ:0000173
http://purl.allotrope.org/ontologies/quality#AFQ_0000174,amount fraction (quality),property,AFO_quality#AFQ:0000174
http://purl.allotrope.org/ontologies/quality#AFQ_0000175,volume concentration (quality),property,AFO_quality#AFQ:0000175
http://purl.allotrope.org/ontologies/quality#AFQ_0000176,number concentration (quality),property,AFO_quality#AFQ:0000176
http://purl.allotrope.org/ontologies/quality#AFQ_0000177,dilution ratio,property,AFO_quality#AFQ:0000177
http://purl.allotrope.org/ontologies/quality#AFQ_0000178,dilution factor (quality),property,AFO_quality#AFQ:0000178
http://purl.allotrope.org/ontologies/quality#AFQ_0000179,amount (quality),property,AFO_quality#AFQ:0000179
http://purl.allotrope.org/ontologies/quality#AFQ_0000180,number density,property,AFO_quality#AFQ:0000180
http://purl.allotrope.org/ontologies/quality#AFQ_0000181,cell density,property,AFO_quality#AFQ:0000181
http://purl.allotrope.org/ontologies/quality#AFQ_0000182,viable cell density (quality),property,AFO_quality#AFQ:0000182
http://purl.allotrope.org/ontologies/quality#AFQ_0000183,total cell density (quality),property,AFO_quality#AFQ:0000183
http://purl.allotrope.org/ontologies/quality#AFQ_0000184,cell count,property,AFO_quality#AFQ:0000184
http://purl.allotrope.org/ontologies/quality#AFQ_0000185,viable cell count (quality),property,AFO_quality#AFQ:0000185
http://purl.allotrope.org/ontologies/quality#AFQ_0000186,total cell count (quality),property,AFO_quality#AFQ:0000186
http://purl.allotrope.org/ontologies/quality#AFQ_0000187,dead cell count (quality),property,AFO_quality#AFQ:0000187
http://purl.allotrope.org/ontologies/quality#AFQ_0000188,cell counter configuration,property,AFO_quality#AFQ:0000188
http://purl.allotrope.org/ontologies/quality#AFQ_0000189,cell diameter,property,AFO_quality#AFQ:0000189
http://purl.allotrope.org/ontologies/quality#AFQ_0000195,pO2 (quality),property,AFO_quality#AFQ:0000195
http://purl.allotrope.org/ontologies/quality#AFQ_0000196,pCO2 (quality),property,AFO_quality#AFQ:0000196
http://purl.allotrope.org/ontologies/quality#AFQ_0000197,electronic absorbance detection wavelength,property,AFO_quality#AFQ:0000197
http://purl.allotrope.org/ontologies/quality#AFQ_0000198,detection bandwidth,property,AFO_quality#AFQ:0000198
http://purl.allotrope.org/ontologies/quality#AFQ_0000199,detector configuration,property,AFO_quality#AFQ:0000199
http://purl.allotrope.org/ontologies/quality#AFQ_0000200,signal configuration,property,AFO_quality#AFQ:0000200
http://purl.allotrope.org/ontologies/quality#AFQ_0000201,signal gain configuration,property,AFO_quality#AFQ:0000201
http://purl.allotrope.org/ontologies/quality#AFQ_0000202,signal offset configuration,property,AFO_quality#AFQ:0000202
http://purl.allotrope.org/ontologies/quality#AFQ_0000203,temperature configuration,property,AFO_quality#AFQ:0000203
http://purl.allotrope.org/ontologies/quality#AFQ_0000204,controller configuration,property,AFO_quality#AFQ:0000204
http://purl.allotrope.org/ontologies/quality#AFQ_0000205,trigger configuration,property,AFO_quality#AFQ:0000205
http://purl.allotrope.org/ontologies/quality#AFQ_0000206,notification configuration,property,AFO_quality#AFQ:0000206
http://purl.allotrope.org/ontologies/quality#AFQ_0000208,partial pressure (quality),property,AFO_quality#AFQ:0000208
http://purl.allotrope.org/ontologies/quality#AFQ_0000209,purity (quality),property,AFO_quality#AFQ:0000209
http://purl.allotrope.org/ontologies/quality#AFQ_0000210,mechanical quality,property,AFO_quality#AFQ:0000210
http://purl.allotrope.org/ontologies/quality#AFQ_0000211,strain (quality),property,AFO_quality#AFQ:0000211
http://purl.allotrope.org/ontologies/quality#AFQ_0000212,shear stress (quality),property,AFO_quality#AFQ:0000212
http://purl.allotrope.org/ontologies/quality#AFQ_0000213,normal strain,property,AFO_quality#AFQ:0000213
http://purl.allotrope.org/ontologies/quality#AFQ_0000214,shear strain,property,AFO_quality#AFQ:0000214
http://purl.allotrope.org/ontologies/quality#AFQ_0000215,total impurities,property,AFO_quality#AFQ:0000215
http://purl.allotrope.org/ontologies/quality#AFQ_0000216,stereochemical purity,property,AFO_quality#AFQ:0000216
http://purl.allotrope.org/ontologies/quality#AFQ_0000217,diastereomeric excess,property,AFO_quality#AFQ:0000217
http://purl.allotrope.org/ontologies/quality#AFQ_0000218,diastereomeric ratio,property,AFO_quality#AFQ:0000218
http://purl.allotrope.org/ontologies/quality#AFQ_0000219,enantiomeric ratio,property,AFO_quality#AFQ:0000219
http://purl.allotrope.org/ontologies/quality#AFQ_0000220,enantiomeric excess,property,AFO_quality#AFQ:0000220
http://purl.allotrope.org/ontologies/quality#AFQ_0000221,excess,property,AFO_quality#AFQ:0000221
http://purl.allotrope.org/ontologies/quality#AFQ_0000222,impurity (quality),property,AFO_quality#AFQ:0000222
http://purl.allotrope.org/ontologies/quality#AFQ_0000223,stereochemical composition,property,AFO_quality#AFQ:0000223
http://purl.allotrope.org/ontologies/quality#AFQ_0000224,dilution composition,property,AFO_quality#AFQ:0000224
http://purl.allotrope.org/ontologies/quality#AFQ_0000225,reaction composition,property,AFO_quality#AFQ:0000225
http://purl.allotrope.org/ontologies/quality#AFQ_0000226,conversion (quality),property,AFO_quality#AFQ:0000226
http://purl.allotrope.org/ontologies/quality#AFQ_0000227,yield (quality),property,AFO_quality#AFQ:0000227
http://purl.allotrope.org/ontologies/quality#AFQ_0000228,reaction selectivity,property,AFO_quality#AFQ:0000228
http://purl.allotrope.org/ontologies/quality#AFQ_0000231,membership,property,AFO_quality#AFQ:0000231
http://purl.allotrope.org/ontologies/quality#AFQ_0000232,plumbing configuration,property,AFO_quality#AFQ:0000232
http://purl.allotrope.org/ontologies/quality#AFQ_0000233,injection device configuration,property,AFO_quality#AFQ:0000233
http://purl.allotrope.org/ontologies/quality#AFQ_0000235,wavenumber (quality),property,AFO_quality#AFQ:0000235
http://purl.allotrope.org/ontologies/quality#AFQ_0000236,Raman spectrometer configuration,property,AFO_quality#AFQ:0000236
http://purl.allotrope.org/ontologies/quality#AFQ_0000237,resolution (quality),property,AFO_quality#AFQ:0000237
http://purl.allotrope.org/ontologies/quality#AFQ_0000238,melting point,property,AFO_quality#AFQ:0000238
http://purl.allotrope.org/ontologies/quality#AFQ_0000239,flow rate configuration,property,AFO_quality#AFQ:0000239
http://purl.allotrope.org/ontologies/quality#AFQ_0000240,concentration ratio configuration,property,AFO_quality#AFQ:0000240
http://purl.allotrope.org/ontologies/quality#AFQ_0000241,volume configuration,property,AFO_quality#AFQ:0000241
http://purl.allotrope.org/ontologies/quality#AFQ_0000242,polarity (quality),property,AFO_quality#AFQ:0000242
http://purl.allotrope.org/ontologies/quality#AFQ_0000243,polarity configuration,property,AFO_quality#AFQ:0000243
http://purl.allotrope.org/ontologies/quality#AFQ_0000244,pore size,property,AFO_quality#AFQ:0000244
http://purl.allotrope.org/ontologies/quality#AFQ_0000245,fused core,property,AFO_quality#AFQ:0000245
http://purl.allotrope.org/ontologies/quality#AFQ_0000247,bonded phase,property,AFO_quality#AFQ:0000247
http://purl.allotrope.org/ontologies/quality#AFQ_0000250,chemical substance quality,property,AFO_quality#AFQ:0000250
http://purl.allotrope.org/ontologies/quality#AFQ_0000252,molecular entity quality,property,AFO_quality#AFQ:0000252
http://purl.allotrope.org/ontologies/quality#AFQ_0000253,energy (quality),property,AFO_quality#AFQ:0000253
http://purl.allotrope.org/ontologies/quality#AFQ_0000254,mass spectrometry system configuration,property,AFO_quality#AFQ:0000254
http://purl.allotrope.org/ontologies/quality#AFQ_0000256,molecular mass (molecular quality),property,AFO_quality#AFQ:0000256
http://purl.allotrope.org/ontologies/quality#AFQ_0000257,mass-to-charge ratio (molecular quality),property,AFO_quality#AFQ:0000257
http://purl.allotrope.org/ontologies/quality#AFQ_0000263,molecular formula (molecular quality),property,AFO_quality#AFQ:0000263
http://purl.allotrope.org/ontologies/quality#AFQ_0000264,electron energy,property,AFO_quality#AFQ:0000264
http://purl.allotrope.org/ontologies/quality#AFQ_0000265,isotopic distribution (molecular quality),property,AFO_quality#AFQ:0000265
http://purl.allotrope.org/ontologies/quality#AFQ_0000266,electric resistivity (quality),property,AFO_quality#AFQ:0000266
http://purl.allotrope.org/ontologies/quality#AFQ_0000267,electric conductance (quality),property,AFO_quality#AFQ:0000267
http://purl.allotrope.org/ontologies/quality#AFQ_0000268,cell path length (quality),property,AFO_quality#AFQ:0000268
http://purl.allotrope.org/ontologies/quality#AFQ_0000269,enthalpy (quality),property,AFO_quality#AFQ:0000269
http://purl.allotrope.org/ontologies/quality#AFQ_0000271,specific heat capacity (quality),property,AFO_quality#AFQ:0000271
http://purl.allotrope.org/ontologies/quality#AFQ_0000273,electric charge (quality),property,AFO_quality#AFQ:0000273
http://purl.allotrope.org/ontologies/quality#AFQ_0000275,saturation vapor pressure (quality),property,AFO_quality#AFQ:0000275
http://purl.allotrope.org/ontologies/quality#AFQ_0000276,evacuation rate (quality),property,AFO_quality#AFQ:0000276
http://purl.allotrope.org/ontologies/quality#AFQ_0000277,measurement chamber free space volume (quality),property,AFO_quality#AFQ:0000277
http://purl.allotrope.org/ontologies/quality#AFQ_0000279,hygroscopicity,property,AFO_quality#AFQ:0000279
http://purl.allotrope.org/ontologies/quality#AFQ_0000280,enthalpy of fusion (quality),property,AFO_quality#AFQ:0000280
http://purl.allotrope.org/ontologies/quality#AFQ_0000281,enthalpy of vaporization (quality),property,AFO_quality#AFQ:0000281
http://purl.allotrope.org/ontologies/quality#AFQ_0000282,specific enthalpy of vaporization (quality),property,AFO_quality#AFQ:0000282
http://purl.allotrope.org/ontologies/quality#AFQ_0000283,molar enthalpy of vaporization (quality),property,AFO_quality#AFQ:0000283
http://purl.allotrope.org/ontologies/quality#AFQ_0000284,molar enthalpy of fusion (quality),property,AFO_quality#AFQ:0000284
http://purl.allotrope.org/ontologies/quality#AFQ_0000285,specific enthalpy of fusion (quality),property,AFO_quality#AFQ:0000285
http://purl.allotrope.org/ontologies/quality#AFQ_0000286,enthalpy of sublimation (quality),property,AFO_quality#AFQ:0000286
http://purl.allotrope.org/ontologies/quality#AFQ_0000287,specific enthalpy of sublimation (quality),property,AFO_quality#AFQ:0000287
http://purl.allotrope.org/ontologies/quality#AFQ_0000288,molar enthalpy of sublimation (quality),property,AFO_quality#AFQ:0000288
http://purl.allotrope.org/ontologies/quality#AFQ_0000290,turbidity (quality),property,AFO_quality#AFQ:0000290
http://purl.allotrope.org/ontologies/quality#AFQ_0000291,count fraction (quality),property,AFO_quality#AFQ:0000291
http://purl.allotrope.org/ontologies/quality#AFQ_0000292,refractive index (quality),property,AFO_quality#AFQ:0000292
http://purl.allotrope.org/ontologies/quality#AFQ_0000293,detector gain,property,AFO_quality#AFQ:0000293
http://purl.allotrope.org/ontologies/quality#AFQ_0000295,birefringence (quality),property,AFO_quality#AFQ:0000295
http://purl.allotrope.org/ontologies/quality#AFQ_0000297,gain,property,AFO_quality#AFQ:0000297
http://purl.allotrope.org/ontologies/quality#AFQ_0000298,acicular particle shape,property,AFO_quality#AFQ:0000298
http://purl.allotrope.org/ontologies/quality#AFQ_0000299,columnar particle shape,property,AFO_quality#AFQ:0000299
http://purl.allotrope.org/ontologies/quality#AFQ_0000300,flake particle shape,property,AFO_quality#AFQ:0000300
http://purl.allotrope.org/ontologies/quality#AFQ_0000301,plate particle shape,property,AFO_quality#AFQ:0000301
http://purl.allotrope.org/ontologies/quality#AFQ_0000302,lath particle shape,property,AFO_quality#AFQ:0000302
http://purl.allotrope.org/ontologies/quality#AFQ_0000303,equant particle shape,property,AFO_quality#AFQ:0000303
http://purl.allotrope.org/ontologies/quality#AFQ_0000304,association state (quality),property,AFO_quality#AFQ:0000304
http://purl.allotrope.org/ontologies/quality#AFQ_0000305,lamellar association state,property,AFO_quality#AFQ:0000305
http://purl.allotrope.org/ontologies/quality#AFQ_0000306,aggregate association state,property,AFO_quality#AFQ:0000306
http://purl.allotrope.org/ontologies/quality#AFQ_0000307,agglomerate association state,property,AFO_quality#AFQ:0000307
http://purl.allotrope.org/ontologies/quality#AFQ_0000308,conglomerate association state,property,AFO_quality#AFQ:0000308
http://purl.allotrope.org/ontologies/quality#AFQ_0000309,spherulite association state,property,AFO_quality#AFQ:0000309
http://purl.allotrope.org/ontologies/quality#AFQ_0000310,drusy association state,property,AFO_quality#AFQ:0000310
http://purl.allotrope.org/ontologies/quality#AFQ_0000311,particle shape (quality),property,AFO_quality#AFQ:0000311
http://purl.allotrope.org/ontologies/quality#AFQ_0000313,chord length (quality),property,AFO_quality#AFQ:0000313
http://purl.allotrope.org/ontologies/quality#AFQ_0000314,current configuration,property,AFO_quality#AFQ:0000314
http://purl.allotrope.org/ontologies/quality#AFQ_0000315,voltage configuration,property,AFO_quality#AFQ:0000315
http://purl.allotrope.org/ontologies/quality#AFQ_0000316,circular birefringence (quality),property,AFO_quality#AFQ:0000316
http://purl.allotrope.org/ontologies/quality#AFQ_0000317,specific rotation (quality),property,AFO_quality#AFQ:0000317
http://purl.allotrope.org/ontologies/quality#AFQ_0000318,temperature rate (quality),property,AFO_quality#AFQ:0000318
http://purl.allotrope.org/ontologies/quality#AFQ_0000319,chemical shift (molecular quality),property,AFO_quality#AFQ:0000319
http://purl.allotrope.org/ontologies/quality#AFQ_0000321,relative permittivity (quality),property,AFO_quality#AFQ:0000321
http://purl.allotrope.org/ontologies/quality#AFQ_0000323,thermal conductance (quality),property,AFO_quality#AFQ:0000323
http://purl.allotrope.org/ontologies/quality#AFQ_0000325,luminescence (quality),property,AFO_quality#AFQ:0000325
http://purl.allotrope.org/ontologies/quality#AFQ_0000326,angle (quality),property,AFO_quality#AFQ:0000326
http://purl.allotrope.org/ontologies/quality#AFQ_0000327,particle density (quality),property,AFO_quality#AFQ:0000327
http://purl.allotrope.org/ontologies/quality#AFQ_0000328,cumulative particle density (quality),property,AFO_quality#AFQ:0000328
http://purl.allotrope.org/ontologies/quality#AFQ_0000329,differential particle density (quality),property,AFO_quality#AFQ:0000329
http://purl.allotrope.org/ontologies/quality#AFQ_0000330,scan position configuration (plate reader),property,AFO_quality#AFQ:0000330
http://purl.allotrope.org/ontologies/quality#AFQ_0000331,top scan position (plate reader),property,AFO_quality#AFQ:0000331
http://purl.allotrope.org/ontologies/quality#AFQ_0000332,bottom scan position (plate reader),property,AFO_quality#AFQ:0000332
http://purl.allotrope.org/ontologies/quality#AFQ_0000333,vertical position (quality),property,AFO_quality#AFQ:0000333
http://purl.allotrope.org/ontologies/quality#AFQ_0000334,above of (quality),property,AFO_quality#AFQ:0000334
http://purl.allotrope.org/ontologies/quality#AFQ_0000335,below of (quality),property,AFO_quality#AFQ:0000335
http://purl.allotrope.org/ontologies/quality#AFQ_0000337,pressure configuration,property,AFO_quality#AFQ:0000337
http://purl.allotrope.org/ontologies/quality#AFQ_0000338,ion current (quality),property,AFO_quality#AFQ:0000338
http://purl.allotrope.org/ontologies/quality#AFQ_0000339,electric impedance (quality),property,AFO_quality#AFQ:0000339
http://purl.allotrope.org/ontologies/quality#AFQ_0000340,stress (quality),property,AFO_quality#AFQ:0000340
http://purl.allotrope.org/ontologies/quality#AFQ_0000341,Young modulus (quality),property,AFO_quality#AFQ:0000341
http://purl.allotrope.org/ontologies/quality#AFQ_0000343,sampling orientation,property,AFO_quality#AFQ:0000343
http://purl.allotrope.org/ontologies/quality#AFQ_0000346,eccentricity (quality),property,AFO_quality#AFQ:0000346
http://purl.allotrope.org/ontologies/quality#AFQ_0000347,height (quality),property,AFO_quality#AFQ:0000347
http://purl.allotrope.org/ontologies/quality#AFQ_0000348,dielectric polarization (quality),property,AFO_quality#AFQ:0000348
http://purl.allotrope.org/ontologies/quality#AFQ_0000349,gloss (quality),property,AFO_quality#AFQ:0000349
http://purl.allotrope.org/ontologies/quality#AFQ_0000351,velocity configuration,property,AFO_quality#AFQ:0000351
http://purl.allotrope.org/ontologies/quality#AFQ_0000352,distance configuration,property,AFO_quality#AFQ:0000352
http://purl.allotrope.org/ontologies/quality#AFQ_0000353,relative response (quality),property,AFO_quality#AFQ:0000353
http://purl.allotrope.org/ontologies/quality#AFQ_0000359,rotational speed (quality),property,AFO_quality#AFQ:0000359
http://purl.allotrope.org/ontologies/quality#AFQ_0000360,circularity (quality),property,AFO_quality#AFQ:0000360
http://purl.allotrope.org/ontologies/quality#AFQ_0000361,dead cell density (quality),property,AFO_quality#AFQ:0000361
http://purl.allotrope.org/ontologies/quality#AFQ_0000362,fluorescent tag positive count (quality),property,AFO_quality#AFQ:0000362
http://purl.allotrope.org/ontologies/quality#AFQ_0000363,fluorescent tag positive cell density (quality),property,AFO_quality#AFQ:0000363
http://purl.allotrope.org/ontologies/quality#AFQ_0000365,polymer length (quality),property,AFO_quality#AFQ:0000365
http://purl.allotrope.org/ontologies/quality#AFQ_0000367,hydrogen-bond acidity (quality),property,AFO_quality#AFQ:0000367
http://purl.allotrope.org/ontologies/quality#AFQ_0000368,hydrogen-bond basicity (quality),property,AFO_quality#AFQ:0000368
http://purl.allotrope.org/ontologies/quality#AFQ_0000369,steric resistance (quality),property,AFO_quality#AFQ:0000369
http://purl.allotrope.org/ontologies/quality#AFQ_0000370,resonance (quality),property,AFO_quality#AFQ:0000370
http://purl.allotrope.org/ontologies/quality#AFQ_0000371,polarization orientation,property,AFO_quality#AFQ:0000371
http://purl.allotrope.org/ontologies/quality#AFQ_0000372,biological activity (quality),property,AFO_quality#AFQ:0000372
http://purl.allotrope.org/ontologies/quality#AFQ_0000373,pharmaceutical strength (quality),property,AFO_quality#AFQ:0000373
http://purl.allotrope.org/ontologies/quality#AFQ_0000374,partial pressure configuration,property,AFO_quality#AFQ:0000374
http://purl.allotrope.org/ontologies/quality#AFQ_0000375,relative humidity configuration,property,AFO_quality#AFQ:0000375
http://purl.allotrope.org/ontologies/realizable#AFRE_0000001,action,other,AFO_realizable#AFRE:0000001
http://purl.allotrope.org/ontologies/realizable#AFRE_0000002,procedure,other,AFO_realizable#AFRE:0000002
http://purl.allotrope.org/ontologies/realizable#AFRE_0000003,situation,other,AFO_realizable#AFRE:0000003
http://purl.allotrope.org/ontologies/realizable#AFRE_0000004,configuration,other,AFO_realizable#AFRE:0000004
http://purl.allotrope.org/ontologies/realizable#AFRE_0000005,environmental situation,other,AFO_realizable#AFRE:0000005
http://purl.allotrope.org/ontologies/realizable#AFRE_0000006,operational situation,other,AFO_realizable#AFRE:0000006
http://purl.allotrope.org/ontologies/realizable#AFRE_0000007,transition,other,AFO_realizable#AFRE:0000007
http://purl.allotrope.org/ontologies/realizable#AFRE_0000008,trigger,other,AFO_realizable#AFRE:0000008
http://purl.allotrope.org/ontologies/realizable#AFRE_0000011,chemical disposition,other,AFO_realizable#AFRE:0000011
http://purl.allotrope.org/ontologies/realizable#AFRE_0000012,detergent,other,AFO_realizable#AFRE:0000012
http://purl.allotrope.org/ontologies/realizable#AFRE_0000013,surfactant,other,AFO_realizable#AFRE:0000013
http://purl.allotrope.org/ontologies/realizable#AFRE_0000014,surface-active disposition,other,AFO_realizable#AFRE:0000014
http://purl.allotrope.org/ontologies/realizable#AFRE_0000015,chemical reaction disposition,other,AFO_realizable#AFRE:0000015
http://purl.allotrope.org/ontologies/realizable#AFRE_0000016,reaction selectivity disposition,other,AFO_realizable#AFRE:0000016
http://purl.allotrope.org/ontologies/realizable#AFRE_0000019,hysteresis,other,AFO_realizable#AFRE:0000019
http://purl.allotrope.org/ontologies/realizable#AFRE_0000021,study point,other,AFO_realizable#AFRE:0000021
http://purl.allotrope.org/ontologies/result#AFR_0000001,Auger spectrum,result,AFO_result#AFR:0000001
http://purl.allotrope.org/ontologies/result#AFR_0000007,differential scanning calorimetry curve,result,AFO_result#AFR:0000007
http://purl.allotrope.org/ontologies/result#AFR_0000015,chromatography peak,result,AFO_result#AFR:0000015
http://purl.allotrope.org/ontologies/result#AFR_0000020,microwave spectrum,result,AFO_result#AFR:0000020
http://purl.allotrope.org/ontologies/result#AFR_0000023,Karl-Fischer titration curve,result,AFO_result#AFR:0000023
http://purl.allotrope.org/ontologies/result#AFR_0000024,peak assignment target,result,AFO_result#AFR:0000024
http://purl.allotrope.org/ontologies/result#AFR_0000035,selected ion monitoring chromatogram,result,AFO_result#AFR:0000035
http://purl.allotrope.org/ontologies/result#AFR_0000044,conversion spectrum,result,AFO_result#AFR:0000044
http://purl.allotrope.org/ontologies/result#AFR_0000046,photoelectron spectrum,result,AFO_result#AFR:0000046
http://purl.allotrope.org/ontologies/result#AFR_0000053,circular dichroism spectrum,result,AFO_result#AFR:0000053
http://purl.allotrope.org/ontologies/result#AFR_0000057,alpha-particle spectrum,result,AFO_result#AFR:0000057
http://purl.allotrope.org/ontologies/result#AFR_0000062,weighing result,result,AFO_result#AFR:0000062
http://purl.allotrope.org/ontologies/result#AFR_0000064,structure data,result,AFO_result#AFR:0000064
http://purl.allotrope.org/ontologies/result#AFR_0000066,ultraviolet-visible-near infrared spectrum,result,AFO_result#AFR:0000066
http://purl.allotrope.org/ontologies/result#AFR_0000068,spectrum,result,AFO_result#AFR:0000068
http://purl.allotrope.org/ontologies/result#AFR_0000070,voltammogram,result,AFO_result#AFR:0000070
http://purl.allotrope.org/ontologies/result#AFR_0000079,selected ion current chromatogram,result,AFO_result#AFR:0000079
http://purl.allotrope.org/ontologies/result#AFR_0000090,chemical map,result,AFO_result#AFR:0000090
http://purl.allotrope.org/ontologies/result#AFR_0000091,isothermal titration calorimetry curve,result,AFO_result#AFR:0000091
http://purl.allotrope.org/ontologies/result#AFR_0000105,thermogravimetry result,result,AFO_result#AFR:0000105
http://purl.allotrope.org/ontologies/result#AFR_0000110,gamma-ray spectrum,result,AFO_result#AFR:0000110
http://purl.allotrope.org/ontologies/result#AFR_0000120,temperature measurement result,result,AFO_result#AFR:0000120
http://purl.allotrope.org/ontologies/result#AFR_0000132,gas chromatogram,result,AFO_result#AFR:0000132
http://purl.allotrope.org/ontologies/result#AFR_0000133,electropherogram,result,AFO_result#AFR:0000133
http://purl.allotrope.org/ontologies/result#AFR_0000136,fluorescence emission spectrum,result,AFO_result#AFR:0000136
http://purl.allotrope.org/ontologies/result#AFR_0000142,electron energy-loss spectrum,result,AFO_result#AFR:0000142
http://purl.allotrope.org/ontologies/result#AFR_0000146,excitation spectrum,result,AFO_result#AFR:0000146
http://purl.allotrope.org/ontologies/result#AFR_0000155,blood gas analysis result,result,AFO_result#AFR:0000155
http://purl.allotrope.org/ontologies/result#AFR_0000160,mass chromatogram,result,AFO_result#AFR:0000160
http://purl.allotrope.org/ontologies/result#AFR_0000164,photoacoustic spectrum,result,AFO_result#AFR:0000164
http://purl.allotrope.org/ontologies/result#AFR_0000166,adsorption-desorption isotherm,result,AFO_result#AFR:0000166
http://purl.allotrope.org/ontologies/result#AFR_0000186,data point,result,AFO_result#AFR:0000186
http://purl.allotrope.org/ontologies/result#AFR_0000192,thermogravimetric analysis curve,result,AFO_result#AFR:0000192
http://purl.allotrope.org/ontologies/result#AFR_0000204,extracted ion chromatogram,result,AFO_result#AFR:0000204
http://purl.allotrope.org/ontologies/result#AFR_0000207,assay result,result,AFO_result#AFR:0000207
http://purl.allotrope.org/ontologies/result#AFR_0000222,absorption spectrum,result,AFO_result#AFR:0000222
http://purl.allotrope.org/ontologies/result#AFR_0000231,peak group,result,AFO_result#AFR:0000231
http://purl.allotrope.org/ontologies/result#AFR_0000236,chromatogram,result,AFO_result#AFR:0000236
http://purl.allotrope.org/ontologies/result#AFR_0000246,ultraviolet spectrum,result,AFO_result#AFR:0000246
http://purl.allotrope.org/ontologies/result#AFR_0000251,infrared spectrum,result,AFO_result#AFR:0000251
http://purl.allotrope.org/ontologies/result#AFR_0000263,nuclear magnetic resonance spectrum,result,AFO_result#AFR:0000263
http://purl.allotrope.org/ontologies/result#AFR_0000284,optical extinction spectrum,result,AFO_result#AFR:0000284
http://purl.allotrope.org/ontologies/result#AFR_0000289,atomic spectrum,result,AFO_result#AFR:0000289
http://purl.allotrope.org/ontologies/result#AFR_0000294,inelastic tunneling spectrum,result,AFO_result#AFR:0000294
http://purl.allotrope.org/ontologies/result#AFR_0000297,melting curve,result,AFO_result#AFR:0000297
http://purl.allotrope.org/ontologies/result#AFR_0000300,gas-phase electrophoretic mobility molecular analysis spectrum,result,AFO_result#AFR:0000300
http://purl.allotrope.org/ontologies/result#AFR_0000304,certificate,result,AFO_result#AFR:0000304
http://purl.allotrope.org/ontologies/result#AFR_0000308,electromagnetic radiation chromatogram,result,AFO_result#AFR:0000308
http://purl.allotrope.org/ontologies/result#AFR_0000317,visible spectrum,result,AFO_result#AFR:0000317
http://purl.allotrope.org/ontologies/result#AFR_0000319,action spectrum,result,AFO_result#AFR:0000319
http://purl.allotrope.org/ontologies/result#AFR_0000323,oximetry spectrum,result,AFO_result#AFR:0000323
http://purl.allotrope.org/ontologies/result#AFR_0000325,acoustic emission spectrum,result,AFO_result#AFR:0000325
http://purl.allotrope.org/ontologies/result#AFR_0000336,flow curve,result,AFO_result#AFR:0000336
http://purl.allotrope.org/ontologies/result#AFR_0000341,X-ray spectrum,result,AFO_result#AFR:0000341
http://purl.allotrope.org/ontologies/result#AFR_0000345,beta-particle spectrum,result,AFO_result#AFR:0000345
http://purl.allotrope.org/ontologies/result#AFR_0000360,ultraviolet-visible spectrum,result,AFO_result#AFR:0000360
http://purl.allotrope.org/ontologies/result#AFR_0000369,impedance spectrum,result,AFO_result#AFR:0000369
http://purl.allotrope.org/ontologies/result#AFR_0000373,Tauc plot,result,AFO_result#AFR:0000373
http://purl.allotrope.org/ontologies/result#AFR_0000386,SIM spectrum,result,AFO_result#AFR:0000386
http://purl.allotrope.org/ontologies/result#AFR_0000410,size-exclusion chromatogram,result,AFO_result#AFR:0000410
http://purl.allotrope.org/ontologies/result#AFR_0000412,excitation-emission spectrum,result,AFO_result#AFR:0000412
http://purl.allotrope.org/ontologies/result#AFR_0000413,peak,result,AFO_result#AFR:0000413
http://purl.allotrope.org/ontologies/result#AFR_0000417,electromagnetic radiation spectrum,result,AFO_result#AFR:0000417
http://purl.allotrope.org/ontologies/result#AFR_0000432,peak list,result,AFO_result#AFR:0000432
http://purl.allotrope.org/ontologies/result#AFR_0000438,incident photon conversion efficiency spectrum,result,AFO_result#AFR:0000438
http://purl.allotrope.org/ontologies/result#AFR_0000439,mass spectrum,result,AFO_result#AFR:0000439
http://purl.allotrope.org/ontologies/result#AFR_0000443,ion chromatogram,result,AFO_result#AFR:0000443
http://purl.allotrope.org/ontologies/result#AFR_0000468,Karl-Fischer titration result,result,AFO_result#AFR:0000468
http://purl.allotrope.org/ontologies/result#AFR_0000471,cell counter result,result,AFO_result#AFR:0000471
http://purl.allotrope.org/ontologies/result#AFR_0000490,titration curve,result,AFO_result#AFR:0000490
http://purl.allotrope.org/ontologies/result#AFR_0000491,luminescence spectrum,result,AFO_result#AFR:0000491
http://purl.allotrope.org/ontologies/result#AFR_0000496,Mossbauer spectrum,result,AFO_result#AFR:0000496
http://purl.allotrope.org/ontologies/result#AFR_0000504,titration result,result,AFO_result#AFR:0000504
http://purl.allotrope.org/ontologies/result#AFR_0000507,gel filtration chromatogram,result,AFO_result#AFR:0000507
http://purl.allotrope.org/ontologies/result#AFR_0000514,electronic absorption spectrum,result,AFO_result#AFR:0000514
http://purl.allotrope.org/ontologies/result#AFR_0000519,Raman spectrum,result,AFO_result#AFR:0000519
http://purl.allotrope.org/ontologies/result#AFR_0000523,chromatography result,result,AFO_result#AFR:0000523
http://purl.allotrope.org/ontologies/result#AFR_0000525,capillary electrophoresis result,result,AFO_result#AFR:0000525
http://purl.allotrope.org/ontologies/result#AFR_0000561,extracted ion profile,result,AFO_result#AFR:0000561
http://purl.allotrope.org/ontologies/result#AFR_0000570,isotope cluster,result,AFO_result#AFR:0000570
http://purl.allotrope.org/ontologies/result#AFR_0000576,profile,result,AFO_result#AFR:0000576
http://purl.allotrope.org/ontologies/result#AFR_0000580,total ion current profile,result,AFO_result#AFR:0000580
http://purl.allotrope.org/ontologies/result#AFR_0000628,microplate reader measurement result,result,AFO_result#AFR:0000628
http://purl.allotrope.org/ontologies/result#AFR_0000632,melting peak,result,AFO_result#AFR:0000632
http://purl.allotrope.org/ontologies/result#AFR_0000633,transition peak,result,AFO_result#AFR:0000633
http://purl.allotrope.org/ontologies/result#AFR_0000634,trend,result,AFO_result#AFR:0000634
http://purl.allotrope.org/ontologies/result#AFR_0000639,file,result,AFO_result#AFR:0000639
http://purl.allotrope.org/ontologies/result#AFR_0000647,differential scanning calorimetry peak,result,AFO_result#AFR:0000647
http://purl.allotrope.org/ontologies/result#AFR_0000682,differential scanning calorimetry result,result,AFO_result#AFR:0000682
http://purl.allotrope.org/ontologies/result#AFR_0000694,prediction,result,AFO_result#AFR:0000694
http://purl.allotrope.org/ontologies/result#AFR_0000700,fingerprint,result,AFO_result#AFR:0000700
http://purl.allotrope.org/ontologies/result#AFR_0000733,distribution,result,AFO_result#AFR:0000733
http://purl.allotrope.org/ontologies/result#AFR_0000745,particle sizing result,result,AFO_result#AFR:0000745
http://purl.allotrope.org/ontologies/result#AFR_0000754,spectroscopy result,result,AFO_result#AFR:0000754
http://purl.allotrope.org/ontologies/result#AFR_0000761,glass transition peak,result,AFO_result#AFR:0000761
http://purl.allotrope.org/ontologies/result#AFR_0000774,overlay of scans,result,AFO_result#AFR:0000774
http://purl.allotrope.org/ontologies/result#AFR_0000776,exothermic peak,result,AFO_result#AFR:0000776
http://purl.allotrope.org/ontologies/result#AFR_0000780,endothermic peak,result,AFO_result#AFR:0000780
http://purl.allotrope.org/ontologies/result#AFR_0000788,calibration curve,result,AFO_result#AFR:0000788
http://purl.allotrope.org/ontologies/result#AFR_0000860,mass spectrometry tune file,result,AFO_result#AFR:0000860
http://purl.allotrope.org/ontologies/result#AFR_0000894,analysis sequence,result,AFO_result#AFR:0000894
http://purl.allotrope.org/ontologies/result#AFR_0000895,analytical method,result,AFO_result#AFR:0000895
http://purl.allotrope.org/ontologies/result#AFR_0000896,cubic interpolation algorithm,result,AFO_result#AFR:0000896
http://purl.allotrope.org/ontologies/result#AFR_0000898,interpolation algorithm,result,AFO_result#AFR:0000898
http://purl.allotrope.org/ontologies/result#AFR_0000899,linear interpolation algorithm,result,AFO_result#AFR:0000899
http://purl.allotrope.org/ontologies/result#AFR_0000900,log,result,AFO_result#AFR:0000900
http://purl.allotrope.org/ontologies/result#AFR_0000901,log entry,result,AFO_result#AFR:0000901
http://purl.allotrope.org/ontologies/result#AFR_0000902,quality profile control command,result,AFO_result#AFR:0000902
http://purl.allotrope.org/ontologies/result#AFR_0000905,unretained peak,result,AFO_result#AFR:0000905
http://purl.allotrope.org/ontologies/result#AFR_0000908,level of measurement,result,AFO_result#AFR:0000908
http://purl.allotrope.org/ontologies/result#AFR_0000909,nominal scale,result,AFO_result#AFR:0000909
http://purl.allotrope.org/ontologies/result#AFR_0000910,ordinal scale,result,AFO_result#AFR:0000910
http://purl.allotrope.org/ontologies/result#AFR_0000911,interval scale,result,AFO_result#AFR:0000911
http://purl.allotrope.org/ontologies/result#AFR_0000912,ratio scale,result,AFO_result#AFR:0000912
http://purl.allotrope.org/ontologies/result#AFR_0000913,log-interval scale,result,AFO_result#AFR:0000913
http://purl.allotrope.org/ontologies/result#AFR_0000914,cyclic scale,result,AFO_result#AFR:0000914
http://purl.allotrope.org/ontologies/result#AFR_0000915,counts,result,AFO_result#AFR:0000915
http://purl.allotrope.org/ontologies/result#AFR_0000916,classification,result,AFO_result#AFR:0000916
http://purl.allotrope.org/ontologies/result#AFR_0000917,identifier,result,AFO_result#AFR:0000917
http://purl.allotrope.org/ontologies/result#AFR_0000918,globally unique identifier,result,AFO_result#AFR:0000918
http://purl.allotrope.org/ontologies/result#AFR_0000919,local identifier,result,AFO_result#AFR:0000919
http://purl.allotrope.org/ontologies/result#AFR_0000920,quantity range,result,AFO_result#AFR:0000920
http://purl.allotrope.org/ontologies/result#AFR_0000921,list index,result,AFO_result#AFR:0000921
http://purl.allotrope.org/ontologies/result#AFR_0000922,description,result,AFO_result#AFR:0000922
http://purl.allotrope.org/ontologies/result#AFR_0000923,facet,result,AFO_result#AFR:0000923
http://purl.allotrope.org/ontologies/result#AFR_0000924,factor,result,AFO_result#AFR:0000924
http://purl.allotrope.org/ontologies/result#AFR_0000925,complex factor,result,AFO_result#AFR:0000925
http://purl.allotrope.org/ontologies/result#AFR_0000926,integer factor,result,AFO_result#AFR:0000926
http://purl.allotrope.org/ontologies/result#AFR_0000927,real factor,result,AFO_result#AFR:0000927
http://purl.allotrope.org/ontologies/result#AFR_0000928,index,result,AFO_result#AFR:0000928
http://purl.allotrope.org/ontologies/result#AFR_0000929,matrix index,result,AFO_result#AFR:0000929
http://purl.allotrope.org/ontologies/result#AFR_0000930,tensor index,result,AFO_result#AFR:0000930
http://purl.allotrope.org/ontologies/result#AFR_0000931,vector index,result,AFO_result#AFR:0000931
http://purl.allotrope.org/ontologies/result#AFR_0000932,order,result,AFO_result#AFR:0000932
http://purl.allotrope.org/ontologies/result#AFR_0000933,predecessor,result,AFO_result#AFR:0000933
http://purl.allotrope.org/ontologies/result#AFR_0000934,successor,result,AFO_result#AFR:0000934
http://purl.allotrope.org/ontologies/result#AFR_0000935,radix,result,AFO_result#AFR:0000935
http://purl.allotrope.org/ontologies/result#AFR_0000936,size,result,AFO_result#AFR:0000936
http://purl.allotrope.org/ontologies/result#AFR_0000937,time,result,AFO_result#AFR:0000937
http://purl.allotrope.org/ontologies/result#AFR_0000938,procedure specification,result,AFO_result#AFR:0000938
http://purl.allotrope.org/ontologies/result#AFR_0000939,polynomial interpolation algorithm,result,AFO_result#AFR:0000939
http://purl.allotrope.org/ontologies/result#AFR_0000940,quadratic interpolation algorithm,result,AFO_result#AFR:0000940
http://purl.allotrope.org/ontologies/result#AFR_0000941,action specification,result,AFO_result#AFR:0000941
http://purl.allotrope.org/ontologies/result#AFR_0000942,process command,result,AFO_result#AFR:0000942
http://purl.allotrope.org/ontologies/result#AFR_0000944,function specification,result,AFO_result#AFR:0000944
http://purl.allotrope.org/ontologies/result#AFR_0000945,sequential procedure specification,result,AFO_result#AFR:0000945
http://purl.allotrope.org/ontologies/result#AFR_0000947,peak facet,result,AFO_result#AFR:0000947
http://purl.allotrope.org/ontologies/result#AFR_0000948,peak height,result,AFO_result#AFR:0000948
http://purl.allotrope.org/ontologies/result#AFR_0000949,relative peak height,result,AFO_result#AFR:0000949
http://purl.allotrope.org/ontologies/result#AFR_0000950,step size,result,AFO_result#AFR:0000950
http://purl.allotrope.org/ontologies/result#AFR_0000951,duration,result,AFO_result#AFR:0000951
http://purl.allotrope.org/ontologies/result#AFR_0000952,measurement time,result,AFO_result#AFR:0000952
http://purl.allotrope.org/ontologies/result#AFR_0000953,process property,result,AFO_result#AFR:0000953
http://purl.allotrope.org/ontologies/result#AFR_0000954,rate,result,AFO_result#AFR:0000954
http://purl.allotrope.org/ontologies/result#AFR_0000955,observation,result,AFO_result#AFR:0000955
http://purl.allotrope.org/ontologies/result#AFR_0000956,number of sampled points,result,AFO_result#AFR:0000956
http://purl.allotrope.org/ontologies/result#AFR_0000957,specification,result,AFO_result#AFR:0000957
http://purl.allotrope.org/ontologies/result#AFR_0000958,tensor datum,result,AFO_result#AFR:0000958
http://purl.allotrope.org/ontologies/result#AFR_0000959,higher-order tensor datum,result,AFO_result#AFR:0000959
http://purl.allotrope.org/ontologies/result#AFR_0000960,matrix datum,result,AFO_result#AFR:0000960
http://purl.allotrope.org/ontologies/result#AFR_0000961,scalar datum,result,AFO_result#AFR:0000961
http://purl.allotrope.org/ontologies/result#AFR_0000962,vector datum,result,AFO_result#AFR:0000962
http://purl.allotrope.org/ontologies/result#AFR_0000963,vector integer datum,result,AFO_result#AFR:0000963
http://purl.allotrope.org/ontologies/result#AFR_0000964,vector number datum,result,AFO_result#AFR:0000964
http://purl.allotrope.org/ontologies/result#AFR_0000965,vector quantity datum,result,AFO_result#AFR:0000965
http://purl.allotrope.org/ontologies/result#AFR_0000966,time datum,result,AFO_result#AFR:0000966
http://purl.allotrope.org/ontologies/result#AFR_0000967,scalar range datum,result,AFO_result#AFR:0000967
http://purl.allotrope.org/ontologies/result#AFR_0000974,method function specification,result,AFO_result#AFR:0000974
http://purl.allotrope.org/ontologies/result#AFR_0000975,quality specification,result,AFO_result#AFR:0000975
http://purl.allotrope.org/ontologies/result#AFR_0000976,capability specification,result,AFO_result#AFR:0000976
http://purl.allotrope.org/ontologies/result#AFR_0000977,parameter specification,result,AFO_result#AFR:0000977
http://purl.allotrope.org/ontologies/result#AFR_0000978,result specification,result,AFO_result#AFR:0000978
http://purl.allotrope.org/ontologies/result#AFR_0000979,role specification,result,AFO_result#AFR:0000979
http://purl.allotrope.org/ontologies/result#AFR_0000980,transition specification,result,AFO_result#AFR:0000980
http://purl.allotrope.org/ontologies/result#AFR_0000981,trigger specification,result,AFO_result#AFR:0000981
http://purl.allotrope.org/ontologies/result#AFR_0000982,situation specification,result,AFO_result#AFR:0000982
http://purl.allotrope.org/ontologies/result#AFR_0000983,scalar integer datum,result,AFO_result#AFR:0000983
http://purl.allotrope.org/ontologies/result#AFR_0000984,count,result,AFO_result#AFR:0000984
http://purl.allotrope.org/ontologies/result#AFR_0000985,scalar decimal datum,result,AFO_result#AFR:0000985
http://purl.allotrope.org/ontologies/result#AFR_0000986,scalar floating point number datum,result,AFO_result#AFR:0000986
http://purl.allotrope.org/ontologies/result#AFR_0000987,scalar categorical datum,result,AFO_result#AFR:0000987
http://purl.allotrope.org/ontologies/result#AFR_0000988,scalar number datum,result,AFO_result#AFR:0000988
http://purl.allotrope.org/ontologies/result#AFR_0000989,scalar quantity datum,result,AFO_result#AFR:0000989
http://purl.allotrope.org/ontologies/result#AFR_0000991,proposition,result,AFO_result#AFR:0000991
http://purl.allotrope.org/ontologies/result#AFR_0000992,representation form,result,AFO_result#AFR:0000992
http://purl.allotrope.org/ontologies/result#AFR_0000993,model,result,AFO_result#AFR:0000993
http://purl.allotrope.org/ontologies/result#AFR_0000994,theory,result,AFO_result#AFR:0000994
http://purl.allotrope.org/ontologies/result#AFR_0000995,physical domain,result,AFO_result#AFR:0000995
http://purl.allotrope.org/ontologies/result#AFR_0001004,signal,result,AFO_result#AFR:0001004
http://purl.allotrope.org/ontologies/result#AFR_0001005,participant specification,result,AFO_result#AFR:0001005
http://purl.allotrope.org/ontologies/result#AFR_0001043,isobar (nuclide),result,AFO_result#AFR:0001043
http://purl.allotrope.org/ontologies/result#AFR_0001046,tuple,result,AFO_result#AFR:0001046
http://purl.allotrope.org/ontologies/result#AFR_0001054,mathematical object,result,AFO_result#AFR:0001054
http://purl.allotrope.org/ontologies/result#AFR_0001055,1-tuple,result,AFO_result#AFR:0001055
http://purl.allotrope.org/ontologies/result#AFR_0001056,2-tuple,result,AFO_result#AFR:0001056
http://purl.allotrope.org/ontologies/result#AFR_0001057,3-tuple,result,AFO_result#AFR:0001057
http://purl.allotrope.org/ontologies/result#AFR_0001058,configuration specification,result,AFO_result#AFR:0001058
http://purl.allotrope.org/ontologies/result#AFR_0001059,registry,result,AFO_result#AFR:0001059
http://purl.allotrope.org/ontologies/result#AFR_0001060,data distribution function,result,AFO_result#AFR:0001060
http://purl.allotrope.org/ontologies/result#AFR_0001061,family name,result,AFO_result#AFR:0001061
http://purl.allotrope.org/ontologies/result#AFR_0001062,given name,result,AFO_result#AFR:0001062
http://purl.allotrope.org/ontologies/result#AFR_0001063,personal name,result,AFO_result#AFR:0001063
http://purl.allotrope.org/ontologies/result#AFR_0001064,country name,result,AFO_result#AFR:0001064
http://purl.allotrope.org/ontologies/result#AFR_0001065,location facet,result,AFO_result#AFR:0001065
http://purl.allotrope.org/ontologies/result#AFR_0001066,homepage hyperlink,result,AFO_result#AFR:0001066
http://purl.allotrope.org/ontologies/result#AFR_0001067,web page hyperlink,result,AFO_result#AFR:0001067
http://purl.allotrope.org/ontologies/result#AFR_0001068,URL,result,AFO_result#AFR:0001068
http://purl.allotrope.org/ontologies/result#AFR_0001069,ldap identifier,result,AFO_result#AFR:0001069
http://purl.allotrope.org/ontologies/result#AFR_0001070,local system account identifier,result,AFO_result#AFR:0001070
http://purl.allotrope.org/ontologies/result#AFR_0001071,locality,result,AFO_result#AFR:0001071
http://purl.allotrope.org/ontologies/result#AFR_0001072,molecular structure,result,AFO_result#AFR:0001072
http://purl.allotrope.org/ontologies/result#AFR_0001073,peak area,result,AFO_result#AFR:0001073
http://purl.allotrope.org/ontologies/result#AFR_0001074,peak position,result,AFO_result#AFR:0001074
http://purl.allotrope.org/ontologies/result#AFR_0001075,peak width,result,AFO_result#AFR:0001075
http://purl.allotrope.org/ontologies/result#AFR_0001078,street address,result,AFO_result#AFR:0001078
http://purl.allotrope.org/ontologies/result#AFR_0001079,telephone number,result,AFO_result#AFR:0001079
http://purl.allotrope.org/ontologies/result#AFR_0001080,title,result,AFO_result#AFR:0001080
http://purl.allotrope.org/ontologies/result#AFR_0001081,honorific prefix,result,AFO_result#AFR:0001081
http://purl.allotrope.org/ontologies/result#AFR_0001082,communication facet,result,AFO_result#AFR:0001082
http://purl.allotrope.org/ontologies/result#AFR_0001083,location name,result,AFO_result#AFR:0001083
http://purl.allotrope.org/ontologies/result#AFR_0001087,postal code,result,AFO_result#AFR:0001087
http://purl.allotrope.org/ontologies/result#AFR_0001088,peak asymmetry,result,AFO_result#AFR:0001088
http://purl.allotrope.org/ontologies/result#AFR_0001089,retention time,result,AFO_result#AFR:0001089
http://purl.allotrope.org/ontologies/result#AFR_0001090,slope,result,AFO_result#AFR:0001090
http://purl.allotrope.org/ontologies/result#AFR_0001092,point,result,AFO_result#AFR:0001092
http://purl.allotrope.org/ontologies/result#AFR_0001093,figure facet,result,AFO_result#AFR:0001093
http://purl.allotrope.org/ontologies/result#AFR_0001094,assignment,result,AFO_result#AFR:0001094
http://purl.allotrope.org/ontologies/result#AFR_0001095,timebase,result,AFO_result#AFR:0001095
http://purl.allotrope.org/ontologies/result#AFR_0001100,mathematical facet,result,AFO_result#AFR:0001100
http://purl.allotrope.org/ontologies/result#AFR_0001101,quantification facet,result,AFO_result#AFR:0001101
http://purl.allotrope.org/ontologies/result#AFR_0001103,capability,result,AFO_result#AFR:0001103
http://purl.allotrope.org/ontologies/result#AFR_0001104,scalar double datum,result,AFO_result#AFR:0001104
http://purl.allotrope.org/ontologies/result#AFR_0001106,cell counter result datum,result,AFO_result#AFR:0001106
http://purl.allotrope.org/ontologies/result#AFR_0001107,cell counter setting,result,AFO_result#AFR:0001107
http://purl.allotrope.org/ontologies/result#AFR_0001108,viable cell density (cell counter),result,AFO_result#AFR:0001108
http://purl.allotrope.org/ontologies/result#AFR_0001109,cell density dilution factor,result,AFO_result#AFR:0001109
http://purl.allotrope.org/ontologies/result#AFR_0001110,cell type processing method,result,AFO_result#AFR:0001110
http://purl.allotrope.org/ontologies/result#AFR_0001111,viability (cell counter),result,AFO_result#AFR:0001111
http://purl.allotrope.org/ontologies/result#AFR_0001112,total cell density (cell counter),result,AFO_result#AFR:0001112
http://purl.allotrope.org/ontologies/result#AFR_0001113,average viable cell diameter (cell counter),result,AFO_result#AFR:0001113
http://purl.allotrope.org/ontologies/result#AFR_0001114,total cell count,result,AFO_result#AFR:0001114
http://purl.allotrope.org/ontologies/result#AFR_0001115,viable cell count,result,AFO_result#AFR:0001115
http://purl.allotrope.org/ontologies/result#AFR_0001116,analyst,result,AFO_result#AFR:0001116
http://purl.allotrope.org/ontologies/result#AFR_0001117,measurement metadata,result,AFO_result#AFR:0001117
http://purl.allotrope.org/ontologies/result#AFR_0001118,sample identifier,result,AFO_result#AFR:0001118
http://purl.allotrope.org/ontologies/result#AFR_0001119,equipment serial number,result,AFO_result#AFR:0001119
http://purl.allotrope.org/ontologies/result#AFR_0001120,batch identifier,result,AFO_result#AFR:0001120
http://purl.allotrope.org/ontologies/result#AFR_0001121,measurement identifier,result,AFO_result#AFR:0001121
http://purl.allotrope.org/ontologies/result#AFR_0001124,sampling specification,result,AFO_result#AFR:0001124
http://purl.allotrope.org/ontologies/result#AFR_0001140,pCO2 (bga),result,AFO_result#AFR:0001140
http://purl.allotrope.org/ontologies/result#AFR_0001141,pO2 (bga),result,AFO_result#AFR:0001141
http://purl.allotrope.org/ontologies/result#AFR_0001142,pH,result,AFO_result#AFR:0001142
http://purl.allotrope.org/ontologies/result#AFR_0001157,absorbance,result,AFO_result#AFR:0001157
http://purl.allotrope.org/ontologies/result#AFR_0001158,acquisition time,result,AFO_result#AFR:0001158
http://purl.allotrope.org/ontologies/result#AFR_0001159,wavelength,result,AFO_result#AFR:0001159
http://purl.allotrope.org/ontologies/result#AFR_0001164,peak identifier,result,AFO_result#AFR:0001164
http://purl.allotrope.org/ontologies/result#AFR_0001165,relative peak area,result,AFO_result#AFR:0001165
http://purl.allotrope.org/ontologies/result#AFR_0001167,peak name,result,AFO_result#AFR:0001167
http://purl.allotrope.org/ontologies/result#AFR_0001168,peak index,result,AFO_result#AFR:0001168
http://purl.allotrope.org/ontologies/result#AFR_0001170,noise,result,AFO_result#AFR:0001170
http://purl.allotrope.org/ontologies/result#AFR_0001171,peak analyte amount,result,AFO_result#AFR:0001171
http://purl.allotrope.org/ontologies/result#AFR_0001172,relative peak analyte amount,result,AFO_result#AFR:0001172
http://purl.allotrope.org/ontologies/result#AFR_0001173,peak polarity,result,AFO_result#AFR:0001173
http://purl.allotrope.org/ontologies/result#AFR_0001174,relative retention time,result,AFO_result#AFR:0001174
http://purl.allotrope.org/ontologies/result#AFR_0001175,unadjusted relative retention,result,AFO_result#AFR:0001175
http://purl.allotrope.org/ontologies/result#AFR_0001176,adjusted relative retention,result,AFO_result#AFR:0001176
http://purl.allotrope.org/ontologies/result#AFR_0001177,chromatography peak facet,result,AFO_result#AFR:0001177
http://purl.allotrope.org/ontologies/result#AFR_0001178,peak start,result,AFO_result#AFR:0001178
http://purl.allotrope.org/ontologies/result#AFR_0001179,peak value at start,result,AFO_result#AFR:0001179
http://purl.allotrope.org/ontologies/result#AFR_0001180,peak end,result,AFO_result#AFR:0001180
http://purl.allotrope.org/ontologies/result#AFR_0001181,peak value at end,result,AFO_result#AFR:0001181
http://purl.allotrope.org/ontologies/result#AFR_0001182,peak baseline start code,result,AFO_result#AFR:0001182
http://purl.allotrope.org/ontologies/result#AFR_0001183,peak baseline end code,result,AFO_result#AFR:0001183
http://purl.allotrope.org/ontologies/result#AFR_0001184,baseline value at start of peak,result,AFO_result#AFR:0001184
http://purl.allotrope.org/ontologies/result#AFR_0001185,baseline value at end of peak,result,AFO_result#AFR:0001185
http://purl.allotrope.org/ontologies/result#AFR_0001186,peak point,result,AFO_result#AFR:0001186
http://purl.allotrope.org/ontologies/result#AFR_0001187,2D-data point,result,AFO_result#AFR:0001187
http://purl.allotrope.org/ontologies/result#AFR_0001188,3D-data point,result,AFO_result#AFR:0001188
http://purl.allotrope.org/ontologies/result#AFR_0001189,peak start point,result,AFO_result#AFR:0001189
http://purl.allotrope.org/ontologies/result#AFR_0001190,peak end point,result,AFO_result#AFR:0001190
http://purl.allotrope.org/ontologies/result#AFR_0001191,peak maximum point,result,AFO_result#AFR:0001191
http://purl.allotrope.org/ontologies/result#AFR_0001192,tuple item,result,AFO_result#AFR:0001192
http://purl.allotrope.org/ontologies/result#AFR_0001195,signal-to-noise ratio,result,AFO_result#AFR:0001195
http://purl.allotrope.org/ontologies/result#AFR_0001196,signal-to-noise ratio (RMS),result,AFO_result#AFR:0001196
http://purl.allotrope.org/ontologies/result#AFR_0001197,signal-to-noise ratio (peak-to-peak),result,AFO_result#AFR:0001197
http://purl.allotrope.org/ontologies/result#AFR_0001198,signal-to-noise ratio (ASTM E1657-98),result,AFO_result#AFR:0001198
http://purl.allotrope.org/ontologies/result#AFR_0001199,peak resolution,result,AFO_result#AFR:0001199
http://purl.allotrope.org/ontologies/result#AFR_0001201,peak minimum point,result,AFO_result#AFR:0001201
http://purl.allotrope.org/ontologies/result#AFR_0001202,peak extremum point,result,AFO_result#AFR:0001202
http://purl.allotrope.org/ontologies/result#AFR_0001209,statistical population,result,AFO_result#AFR:0001209
http://purl.allotrope.org/ontologies/result#AFR_0001210,statistical sample set,result,AFO_result#AFR:0001210
http://purl.allotrope.org/ontologies/result#AFR_0001211,partition,result,AFO_result#AFR:0001211
http://purl.allotrope.org/ontologies/result#AFR_0001212,descriptive statistic,result,AFO_result#AFR:0001212
http://purl.allotrope.org/ontologies/result#AFR_0001213,summary datum,result,AFO_result#AFR:0001213
http://purl.allotrope.org/ontologies/result#AFR_0001216,position,result,AFO_result#AFR:0001216
http://purl.allotrope.org/ontologies/result#AFR_0001217,calibration point,result,AFO_result#AFR:0001217
http://purl.allotrope.org/ontologies/result#AFR_0001218,formulation description,result,AFO_result#AFR:0001218
http://purl.allotrope.org/ontologies/result#AFR_0001219,baseline,result,AFO_result#AFR:0001219
http://purl.allotrope.org/ontologies/result#AFR_0001220,baseline (chromatography),result,AFO_result#AFR:0001220
http://purl.allotrope.org/ontologies/result#AFR_0001221,term granularity,result,AFO_result#AFR:0001221
http://purl.allotrope.org/ontologies/result#AFR_0001230,chromatographic peak resolution,result,AFO_result#AFR:0001230
http://purl.allotrope.org/ontologies/result#AFR_0001231,chromatographic peak resolution using baseline peak widths,result,AFO_result#AFR:0001231
http://purl.allotrope.org/ontologies/result#AFR_0001232,chromatographic peak resolution using peak width at half-height,result,AFO_result#AFR:0001232
http://purl.allotrope.org/ontologies/result#AFR_0001233,chromatographic peak resolution using statistical moments,result,AFO_result#AFR:0001233
http://purl.allotrope.org/ontologies/result#AFR_0001234,capacity factor (chromatography),result,AFO_result#AFR:0001234
http://purl.allotrope.org/ontologies/result#AFR_0001235,peak selectivity (chromatography),result,AFO_result#AFR:0001235
http://purl.allotrope.org/ontologies/result#AFR_0001236,chromatographic peak asymmetry factor,result,AFO_result#AFR:0001236
http://purl.allotrope.org/ontologies/result#AFR_0001237,asymmetry factor measured at 5 % height,result,AFO_result#AFR:0001237
http://purl.allotrope.org/ontologies/result#AFR_0001238,statistical skew (chromatography),result,AFO_result#AFR:0001238
http://purl.allotrope.org/ontologies/result#AFR_0001239,number of theoretical plates (chromatography),result,AFO_result#AFR:0001239
http://purl.allotrope.org/ontologies/result#AFR_0001240,number of theoretical plates by tangent method,result,AFO_result#AFR:0001240
http://purl.allotrope.org/ontologies/result#AFR_0001241,number of theoretical plates by peak width at half height,result,AFO_result#AFR:0001241
http://purl.allotrope.org/ontologies/result#AFR_0001242,autosampler setting (chromatography),result,AFO_result#AFR:0001242
http://purl.allotrope.org/ontologies/result#AFR_0001243,control setting,result,AFO_result#AFR:0001243
http://purl.allotrope.org/ontologies/result#AFR_0001245,alert setting,result,AFO_result#AFR:0001245
http://purl.allotrope.org/ontologies/result#AFR_0001247,detector setting,result,AFO_result#AFR:0001247
http://purl.allotrope.org/ontologies/result#AFR_0001248,electronic absorbance detector setting,result,AFO_result#AFR:0001248
http://purl.allotrope.org/ontologies/result#AFR_0001249,detector offset setting,result,AFO_result#AFR:0001249
http://purl.allotrope.org/ontologies/result#AFR_0001250,detector sampling rate setting,result,AFO_result#AFR:0001250
http://purl.allotrope.org/ontologies/result#AFR_0001251,electronic absorbance reference bandwidth setting,result,AFO_result#AFR:0001251
http://purl.allotrope.org/ontologies/result#AFR_0001252,electronic absorbance reference wavelength setting,result,AFO_result#AFR:0001252
http://purl.allotrope.org/ontologies/result#AFR_0001253,electronic absorbance bandwidth setting,result,AFO_result#AFR:0001253
http://purl.allotrope.org/ontologies/result#AFR_0001254,electronic absorbance wavelength setting,result,AFO_result#AFR:0001254
http://purl.allotrope.org/ontologies/result#AFR_0001255,temperature setting,result,AFO_result#AFR:0001255
http://purl.allotrope.org/ontologies/result#AFR_0001257,function (math),result,AFO_result#AFR:0001257
http://purl.allotrope.org/ontologies/result#AFR_0001258,product manufacturer,result,AFO_result#AFR:0001258
http://purl.allotrope.org/ontologies/result#AFR_0001259,firmware version,result,AFO_result#AFR:0001259
http://purl.allotrope.org/ontologies/result#AFR_0001260,firmware,result,AFO_result#AFR:0001260
http://purl.allotrope.org/ontologies/result#AFR_0001262,queue,result,AFO_result#AFR:0001262
http://purl.allotrope.org/ontologies/result#AFR_0001263,request queue,result,AFO_result#AFR:0001263
http://purl.allotrope.org/ontologies/result#AFR_0001264,peak width at baseline,result,AFO_result#AFR:0001264
http://purl.allotrope.org/ontologies/result#AFR_0001265,peak width at 5 % of height,result,AFO_result#AFR:0001265
http://purl.allotrope.org/ontologies/result#AFR_0001266,peak width at half height,result,AFO_result#AFR:0001266
http://purl.allotrope.org/ontologies/result#AFR_0001267,autosampler injection volume setting (chromatography),result,AFO_result#AFR:0001267
http://purl.allotrope.org/ontologies/result#AFR_0001268,pump setting (chromatography),result,AFO_result#AFR:0001268
http://purl.allotrope.org/ontologies/result#AFR_0001269,pump mobile phase ratio setting (chromatography),result,AFO_result#AFR:0001269
http://purl.allotrope.org/ontologies/result#AFR_0001270,pump flow rate setting (chromatography),result,AFO_result#AFR:0001270
http://purl.allotrope.org/ontologies/result#AFR_0001276,standard,result,AFO_result#AFR:0001276
http://purl.allotrope.org/ontologies/result#AFR_0001277,classification datum,result,AFO_result#AFR:0001277
http://purl.allotrope.org/ontologies/result#AFR_0001278,class datum,result,AFO_result#AFR:0001278
http://purl.allotrope.org/ontologies/result#AFR_0001279,concept datum,result,AFO_result#AFR:0001279
http://purl.allotrope.org/ontologies/result#AFR_0001280,code classification datum,result,AFO_result#AFR:0001280
http://purl.allotrope.org/ontologies/result#AFR_0001284,blood gas analysis result datum,result,AFO_result#AFR:0001284
http://purl.allotrope.org/ontologies/result#AFR_0001285,type specification,result,AFO_result#AFR:0001285
http://purl.allotrope.org/ontologies/result#AFR_0001286,property specification,result,AFO_result#AFR:0001286
http://purl.allotrope.org/ontologies/result#AFR_0001288,scalar float datum,result,AFO_result#AFR:0001288
http://purl.allotrope.org/ontologies/result#AFR_0001480,fax number,result,AFO_result#AFR:0001480
http://purl.allotrope.org/ontologies/result#AFR_0001481,Skype identifier,result,AFO_result#AFR:0001481
http://purl.allotrope.org/ontologies/result#AFR_0001482,honorific suffix,result,AFO_result#AFR:0001482
http://purl.allotrope.org/ontologies/result#AFR_0001483,account,result,AFO_result#AFR:0001483
http://purl.allotrope.org/ontologies/result#AFR_0001484,online account identifier,result,AFO_result#AFR:0001484
http://purl.allotrope.org/ontologies/result#AFR_0001485,OpenID identifier,result,AFO_result#AFR:0001485
http://purl.allotrope.org/ontologies/result#AFR_0001486,gender,result,AFO_result#AFR:0001486
http://purl.allotrope.org/ontologies/result#AFR_0001488,geolocation,result,AFO_result#AFR:0001488
http://purl.allotrope.org/ontologies/result#AFR_0001489,region name,result,AFO_result#AFR:0001489
http://purl.allotrope.org/ontologies/result#AFR_0001490,birthday,result,AFO_result#AFR:0001490
http://purl.allotrope.org/ontologies/result#AFR_0001494,decision,result,AFO_result#AFR:0001494
http://purl.allotrope.org/ontologies/result#AFR_0001495,vector decimal datum,result,AFO_result#AFR:0001495
http://purl.allotrope.org/ontologies/result#AFR_0001496,vector floating point number datum,result,AFO_result#AFR:0001496
http://purl.allotrope.org/ontologies/result#AFR_0001497,vector float datum,result,AFO_result#AFR:0001497
http://purl.allotrope.org/ontologies/result#AFR_0001498,vector double datum,result,AFO_result#AFR:0001498
http://purl.allotrope.org/ontologies/result#AFR_0001499,plumbing maximum pressure,result,AFO_result#AFR:0001499
http://purl.allotrope.org/ontologies/result#AFR_0001501,plan specification,result,AFO_result#AFR:0001501
http://purl.allotrope.org/ontologies/result#AFR_0001503,start command,result,AFO_result#AFR:0001503
http://purl.allotrope.org/ontologies/result#AFR_0001505,setting,result,AFO_result#AFR:0001505
http://purl.allotrope.org/ontologies/result#AFR_0001507,nick name,result,AFO_result#AFR:0001507
http://purl.allotrope.org/ontologies/result#AFR_0001508,statistical method,result,AFO_result#AFR:0001508
http://purl.allotrope.org/ontologies/result#AFR_0001509,role class datum,result,AFO_result#AFR:0001509
http://purl.allotrope.org/ontologies/result#AFR_0001510,scalar boolean datum,result,AFO_result#AFR:0001510
http://purl.allotrope.org/ontologies/result#AFR_0001511,scalar string datum,result,AFO_result#AFR:0001511
http://purl.allotrope.org/ontologies/result#AFR_0001512,scalar timestamp datum,result,AFO_result#AFR:0001512
http://purl.allotrope.org/ontologies/result#AFR_0001513,scalar URI datum,result,AFO_result#AFR:0001513
http://purl.allotrope.org/ontologies/result#AFR_0001514,vector boolean datum,result,AFO_result#AFR:0001514
http://purl.allotrope.org/ontologies/result#AFR_0001515,vector string datum,result,AFO_result#AFR:0001515
http://purl.allotrope.org/ontologies/result#AFR_0001516,vector timestamp datum,result,AFO_result#AFR:0001516
http://purl.allotrope.org/ontologies/result#AFR_0001517,vector URI datum,result,AFO_result#AFR:0001517
http://purl.allotrope.org/ontologies/result#AFR_0001518,baseline point,result,AFO_result#AFR:0001518
http://purl.allotrope.org/ontologies/result#AFR_0001519,baseline start point,result,AFO_result#AFR:0001519
http://purl.allotrope.org/ontologies/result#AFR_0001520,baseline end point,result,AFO_result#AFR:0001520
http://purl.allotrope.org/ontologies/result#AFR_0001521,baseline facet,result,AFO_result#AFR:0001521
http://purl.allotrope.org/ontologies/result#AFR_0001522,baseline start,result,AFO_result#AFR:0001522
http://purl.allotrope.org/ontologies/result#AFR_0001523,baseline end,result,AFO_result#AFR:0001523
http://purl.allotrope.org/ontologies/result#AFR_0001524,baseline value at start,result,AFO_result#AFR:0001524
http://purl.allotrope.org/ontologies/result#AFR_0001525,baseline value at end,result,AFO_result#AFR:0001525
http://purl.allotrope.org/ontologies/result#AFR_0001526,setting snapshot,result,AFO_result#AFR:0001526
http://purl.allotrope.org/ontologies/result#AFR_0001527,three-dimensional ultraviolet spectrum,result,AFO_result#AFR:0001527
http://purl.allotrope.org/ontologies/result#AFR_0001528,high-performance liquid chromatography system method,result,AFO_result#AFR:0001528
http://purl.allotrope.org/ontologies/result#AFR_0001532,value specification,result,AFO_result#AFR:0001532
http://purl.allotrope.org/ontologies/result#AFR_0001534,washing repetition setting,result,AFO_result#AFR:0001534
http://purl.allotrope.org/ontologies/result#AFR_0001535,washing duration setting,result,AFO_result#AFR:0001535
http://purl.allotrope.org/ontologies/result#AFR_0001536,washing vial position setting,result,AFO_result#AFR:0001536
http://purl.allotrope.org/ontologies/result#AFR_0001537,washing solvent type,result,AFO_result#AFR:0001537
http://purl.allotrope.org/ontologies/result#AFR_0001538,autosampler temperature setting,result,AFO_result#AFR:0001538
http://purl.allotrope.org/ontologies/result#AFR_0001542,detector scan range setting,result,AFO_result#AFR:0001542
http://purl.allotrope.org/ontologies/result#AFR_0001544,state specification,result,AFO_result#AFR:0001544
http://purl.allotrope.org/ontologies/result#AFR_0001546,time trigger specification,result,AFO_result#AFR:0001546
http://purl.allotrope.org/ontologies/result#AFR_0001547,event specification,result,AFO_result#AFR:0001547
http://purl.allotrope.org/ontologies/result#AFR_0001548,maximum flow rate change setting,result,AFO_result#AFR:0001548
http://purl.allotrope.org/ontologies/result#AFR_0001552,class coordination,result,AFO_result#AFR:0001552
http://purl.allotrope.org/ontologies/result#AFR_0001553,label coordination,result,AFO_result#AFR:0001553
http://purl.allotrope.org/ontologies/result#AFR_0001554,end event specification,result,AFO_result#AFR:0001554
http://purl.allotrope.org/ontologies/result#AFR_0001555,start event specification,result,AFO_result#AFR:0001555
http://purl.allotrope.org/ontologies/result#AFR_0001556,device method,result,AFO_result#AFR:0001556
http://purl.allotrope.org/ontologies/result#AFR_0001557,parallel procedure specification,result,AFO_result#AFR:0001557
http://purl.allotrope.org/ontologies/result#AFR_0001558,flow specification,result,AFO_result#AFR:0001558
http://purl.allotrope.org/ontologies/result#AFR_0001559,material flow specification,result,AFO_result#AFR:0001559
http://purl.allotrope.org/ontologies/result#AFR_0001560,data flow specification,result,AFO_result#AFR:0001560
http://purl.allotrope.org/ontologies/result#AFR_0001561,definition,result,AFO_result#AFR:0001561
http://purl.allotrope.org/ontologies/result#AFR_0001562,subject coordination,result,AFO_result#AFR:0001562
http://purl.allotrope.org/ontologies/result#AFR_0001564,role coordination,result,AFO_result#AFR:0001564
http://purl.allotrope.org/ontologies/result#AFR_0001565,material coordination,result,AFO_result#AFR:0001565
http://purl.allotrope.org/ontologies/result#AFR_0001566,ingredient coordination,result,AFO_result#AFR:0001566
http://purl.allotrope.org/ontologies/result#AFR_0001567,substance coordination,result,AFO_result#AFR:0001567
http://purl.allotrope.org/ontologies/result#AFR_0001568,index coordination,result,AFO_result#AFR:0001568
http://purl.allotrope.org/ontologies/result#AFR_0001569,bearer coordination,result,AFO_result#AFR:0001569
http://purl.allotrope.org/ontologies/result#AFR_0001570,specification coordination,result,AFO_result#AFR:0001570
http://purl.allotrope.org/ontologies/result#AFR_0001571,statistic coordination,result,AFO_result#AFR:0001571
http://purl.allotrope.org/ontologies/result#AFR_0001572,member coordination,result,AFO_result#AFR:0001572
http://purl.allotrope.org/ontologies/result#AFR_0001573,feature coordination,result,AFO_result#AFR:0001573
http://purl.allotrope.org/ontologies/result#AFR_0001575,chromatography system setting,result,AFO_result#AFR:0001575
http://purl.allotrope.org/ontologies/result#AFR_0001577,injection volume setting,result,AFO_result#AFR:0001577
http://purl.allotrope.org/ontologies/result#AFR_0001578,pump setting,result,AFO_result#AFR:0001578
http://purl.allotrope.org/ontologies/result#AFR_0001580,injection setting,result,AFO_result#AFR:0001580
http://purl.allotrope.org/ontologies/result#AFR_0001581,plumbing setting,result,AFO_result#AFR:0001581
http://purl.allotrope.org/ontologies/result#AFR_0001582,plumbing flow rate setting,result,AFO_result#AFR:0001582
http://purl.allotrope.org/ontologies/result#AFR_0001583,quality quantification facet,result,AFO_result#AFR:0001583
http://purl.allotrope.org/ontologies/result#AFR_0001584,temperature,result,AFO_result#AFR:0001584
http://purl.allotrope.org/ontologies/result#AFR_0001586,osmolality,result,AFO_result#AFR:0001586
http://purl.allotrope.org/ontologies/result#AFR_0001587,electric conductivity,result,AFO_result#AFR:0001587
http://purl.allotrope.org/ontologies/result#AFR_0001588,relative intensity,result,AFO_result#AFR:0001588
http://purl.allotrope.org/ontologies/result#AFR_0001589,Raman intensity,result,AFO_result#AFR:0001589
http://purl.allotrope.org/ontologies/result#AFR_0001590,Raman interferogram intensity,result,AFO_result#AFR:0001590
http://purl.allotrope.org/ontologies/result#AFR_0001591,Raman wavenumber shift,result,AFO_result#AFR:0001591
http://purl.allotrope.org/ontologies/result#AFR_0001592,wavenumber,result,AFO_result#AFR:0001592
http://purl.allotrope.org/ontologies/result#AFR_0001593,Raman spectrometer setting,result,AFO_result#AFR:0001593
http://purl.allotrope.org/ontologies/result#AFR_0001594,excitation laser wavelength setting (Raman),result,AFO_result#AFR:0001594
http://purl.allotrope.org/ontologies/result#AFR_0001595,excitation laser power setting,result,AFO_result#AFR:0001595
http://purl.allotrope.org/ontologies/result#AFR_0001596,dark background correction active,result,AFO_result#AFR:0001596
http://purl.allotrope.org/ontologies/result#AFR_0001597,Raman spectrum data cube,result,AFO_result#AFR:0001597
http://purl.allotrope.org/ontologies/result#AFR_0001598,Raman interferogram data cube,result,AFO_result#AFR:0001598
http://purl.allotrope.org/ontologies/result#AFR_0001599,interferogram,result,AFO_result#AFR:0001599
http://purl.allotrope.org/ontologies/result#AFR_0001600,Raman interferogram,result,AFO_result#AFR:0001600
http://purl.allotrope.org/ontologies/result#AFR_0001601,Raman interferogram time,result,AFO_result#AFR:0001601
http://purl.allotrope.org/ontologies/result#AFR_0001602,analysis assay result,result,AFO_result#AFR:0001602
http://purl.allotrope.org/ontologies/result#AFR_0001603,analysis assay result facet,result,AFO_result#AFR:0001603
http://purl.allotrope.org/ontologies/result#AFR_0001604,analyte name,result,AFO_result#AFR:0001604
http://purl.allotrope.org/ontologies/result#AFR_0001606,method name,result,AFO_result#AFR:0001606
http://purl.allotrope.org/ontologies/result#AFR_0001607,top identified substance,result,AFO_result#AFR:0001607
http://purl.allotrope.org/ontologies/result#AFR_0001608,hit quality index,result,AFO_result#AFR:0001608
http://purl.allotrope.org/ontologies/result#AFR_0001609,fingerprinting result facet,result,AFO_result#AFR:0001609
http://purl.allotrope.org/ontologies/result#AFR_0001610,fingerprinting parameter,result,AFO_result#AFR:0001610
http://purl.allotrope.org/ontologies/result#AFR_0001611,hit quality index margin,result,AFO_result#AFR:0001611
http://purl.allotrope.org/ontologies/result#AFR_0001612,hit quality index threshold,result,AFO_result#AFR:0001612
http://purl.allotrope.org/ontologies/result#AFR_0001613,analyte hit quality index,result,AFO_result#AFR:0001613
http://purl.allotrope.org/ontologies/result#AFR_0001614,spectrum library name,result,AFO_result#AFR:0001614
http://purl.allotrope.org/ontologies/result#AFR_0001615,library search upper limit,result,AFO_result#AFR:0001615
http://purl.allotrope.org/ontologies/result#AFR_0001616,library search lower limit,result,AFO_result#AFR:0001616
http://purl.allotrope.org/ontologies/result#AFR_0001617,library search start wavenumber,result,AFO_result#AFR:0001617
http://purl.allotrope.org/ontologies/result#AFR_0001618,library search stop wavenumber,result,AFO_result#AFR:0001618
http://purl.allotrope.org/ontologies/result#AFR_0001619,resolution,result,AFO_result#AFR:0001619
http://purl.allotrope.org/ontologies/result#AFR_0001620,calibration time,result,AFO_result#AFR:0001620
http://purl.allotrope.org/ontologies/result#AFR_0001622,inclusive gateway,result,AFO_result#AFR:0001622
http://purl.allotrope.org/ontologies/result#AFR_0001623,exclusive gateway,result,AFO_result#AFR:0001623
http://purl.allotrope.org/ontologies/result#AFR_0001625,delay,result,AFO_result#AFR:0001625
http://purl.allotrope.org/ontologies/result#AFR_0001626,stop command,result,AFO_result#AFR:0001626
http://purl.allotrope.org/ontologies/result#AFR_0001627,pause command,result,AFO_result#AFR:0001627
http://purl.allotrope.org/ontologies/result#AFR_0001628,restart command,result,AFO_result#AFR:0001628
http://purl.allotrope.org/ontologies/result#AFR_0001629,abort command,result,AFO_result#AFR:0001629
http://purl.allotrope.org/ontologies/result#AFR_0001630,hold command,result,AFO_result#AFR:0001630
http://purl.allotrope.org/ontologies/result#AFR_0001631,reset command,result,AFO_result#AFR:0001631
http://purl.allotrope.org/ontologies/result#AFR_0001632,resume command,result,AFO_result#AFR:0001632
http://purl.allotrope.org/ontologies/result#AFR_0001633,temporal coordination,result,AFO_result#AFR:0001633
http://purl.allotrope.org/ontologies/result#AFR_0001634,topological coordination,result,AFO_result#AFR:0001634
http://purl.allotrope.org/ontologies/result#AFR_0001635,control command,result,AFO_result#AFR:0001635
http://purl.allotrope.org/ontologies/result#AFR_0001636,part specification,result,AFO_result#AFR:0001636
http://purl.allotrope.org/ontologies/result#AFR_0001637,ingredient specification,result,AFO_result#AFR:0001637
http://purl.allotrope.org/ontologies/result#AFR_0001638,member specification,result,AFO_result#AFR:0001638
http://purl.allotrope.org/ontologies/result#AFR_0001639,component specification,result,AFO_result#AFR:0001639
http://purl.allotrope.org/ontologies/result#AFR_0001640,grain specification,result,AFO_result#AFR:0001640
http://purl.allotrope.org/ontologies/result#AFR_0001641,facet specification,result,AFO_result#AFR:0001641
http://purl.allotrope.org/ontologies/result#AFR_0001643,value in range condition,result,AFO_result#AFR:0001643
http://purl.allotrope.org/ontologies/result#AFR_0001644,boolean condition,result,AFO_result#AFR:0001644
http://purl.allotrope.org/ontologies/result#AFR_0001645,autosampler injection trigger enable setting,result,AFO_result#AFR:0001645
http://purl.allotrope.org/ontologies/result#AFR_0001646,autosampler injection trigger temperature setting,result,AFO_result#AFR:0001646
http://purl.allotrope.org/ontologies/result#AFR_0001647,tolerance range,result,AFO_result#AFR:0001647
http://purl.allotrope.org/ontologies/result#AFR_0001648,detection duration setting,result,AFO_result#AFR:0001648
http://purl.allotrope.org/ontologies/result#AFR_0001650,pump system method,result,AFO_result#AFR:0001650
http://purl.allotrope.org/ontologies/result#AFR_0001651,diode array detector method,result,AFO_result#AFR:0001651
http://purl.allotrope.org/ontologies/result#AFR_0001652,autosampler method,result,AFO_result#AFR:0001652
http://purl.allotrope.org/ontologies/result#AFR_0001653,LC-UV system method,result,AFO_result#AFR:0001653
http://purl.allotrope.org/ontologies/result#AFR_0001654,mobile phase delivery duration setting,result,AFO_result#AFR:0001654
http://purl.allotrope.org/ontologies/result#AFR_0001655,autosampler duration setting,result,AFO_result#AFR:0001655
http://purl.allotrope.org/ontologies/result#AFR_0001657,state condition,result,AFO_result#AFR:0001657
http://purl.allotrope.org/ontologies/result#AFR_0001658,volume setting,result,AFO_result#AFR:0001658
http://purl.allotrope.org/ontologies/result#AFR_0001659,concentration ratio setting,result,AFO_result#AFR:0001659
http://purl.allotrope.org/ontologies/result#AFR_0001660,flow rate setting,result,AFO_result#AFR:0001660
http://purl.allotrope.org/ontologies/result#AFR_0001661,mass concentration,result,AFO_result#AFR:0001661
http://purl.allotrope.org/ontologies/result#AFR_0001663,formula (math),result,AFO_result#AFR:0001663
http://purl.allotrope.org/ontologies/result#AFR_0001664,diagnostic trace,result,AFO_result#AFR:0001664
http://purl.allotrope.org/ontologies/result#AFR_0001665,polarity,result,AFO_result#AFR:0001665
http://purl.allotrope.org/ontologies/result#AFR_0001669,polarity code,result,AFO_result#AFR:0001669
http://purl.allotrope.org/ontologies/result#AFR_0001671,integration time,result,AFO_result#AFR:0001671
http://purl.allotrope.org/ontologies/result#AFR_0001672,number of averages,result,AFO_result#AFR:0001672
http://purl.allotrope.org/ontologies/result#AFR_0001673,number of measurement averages,result,AFO_result#AFR:0001673
http://purl.allotrope.org/ontologies/result#AFR_0001674,apodization (Raman),result,AFO_result#AFR:0001674
http://purl.allotrope.org/ontologies/result#AFR_0001675,Raman spectroscopy parameter,result,AFO_result#AFR:0001675
http://purl.allotrope.org/ontologies/result#AFR_0001676,zero filling factor (Raman),result,AFO_result#AFR:0001676
http://purl.allotrope.org/ontologies/result#AFR_0001677,phase correction (Raman),result,AFO_result#AFR:0001677
http://purl.allotrope.org/ontologies/result#AFR_0001678,repetition setting,result,AFO_result#AFR:0001678
http://purl.allotrope.org/ontologies/result#AFR_0001679,frit size,result,AFO_result#AFR:0001679
http://purl.allotrope.org/ontologies/result#AFR_0001680,brand name,result,AFO_result#AFR:0001680
http://purl.allotrope.org/ontologies/result#AFR_0001681,part number,result,AFO_result#AFR:0001681
http://purl.allotrope.org/ontologies/result#AFR_0001682,person facet,result,AFO_result#AFR:0001682
http://purl.allotrope.org/ontologies/result#AFR_0001685,flag (setting),result,AFO_result#AFR:0001685
http://purl.allotrope.org/ontologies/result#AFR_0001686,baseline at start of integration setting (chromatography),result,AFO_result#AFR:0001686
http://purl.allotrope.org/ontologies/result#AFR_0001687,peak end setting (chromatography),result,AFO_result#AFR:0001687
http://purl.allotrope.org/ontologies/result#AFR_0001688,baseline boundary setting (chromatography),result,AFO_result#AFR:0001688
http://purl.allotrope.org/ontologies/result#AFR_0001689,integration with peak detection enabled setting (chromatography),result,AFO_result#AFR:0001689
http://purl.allotrope.org/ontologies/result#AFR_0001690,negative peak detection enabled setting (chromatography),result,AFO_result#AFR:0001690
http://purl.allotrope.org/ontologies/result#AFR_0001691,area threshold for peak integration setting (chromatography),result,AFO_result#AFR:0001691
http://purl.allotrope.org/ontologies/result#AFR_0001692,height threshold for peak integration setting (chromatography),result,AFO_result#AFR:0001692
http://purl.allotrope.org/ontologies/result#AFR_0001693,expected average peak width setting (chromatography),result,AFO_result#AFR:0001693
http://purl.allotrope.org/ontologies/result#AFR_0001694,shoulder detection enabled setting (chromatography),result,AFO_result#AFR:0001694
http://purl.allotrope.org/ontologies/result#AFR_0001695,step interpolation algorithm,result,AFO_result#AFR:0001695
http://purl.allotrope.org/ontologies/result#AFR_0001696,data processing setting,result,AFO_result#AFR:0001696
http://purl.allotrope.org/ontologies/result#AFR_0001700,software version,result,AFO_result#AFR:0001700
http://purl.allotrope.org/ontologies/result#AFR_0001732,frequency,result,AFO_result#AFR:0001732
http://purl.allotrope.org/ontologies/result#AFR_0001745,material identifier,result,AFO_result#AFR:0001745
http://purl.allotrope.org/ontologies/result#AFR_0001811,voltage range,result,AFO_result#AFR:0001811
http://purl.allotrope.org/ontologies/result#AFR_0001815,duration setting,result,AFO_result#AFR:0001815
http://purl.allotrope.org/ontologies/result#AFR_0001816,process quantification facet,result,AFO_result#AFR:0001816
http://purl.allotrope.org/ontologies/result#AFR_0001817,length,result,AFO_result#AFR:0001817
http://purl.allotrope.org/ontologies/result#AFR_0001818,correlation coefficient,result,AFO_result#AFR:0001818
http://purl.allotrope.org/ontologies/result#AFR_0001825,calibration report,result,AFO_result#AFR:0001825
http://purl.allotrope.org/ontologies/result#AFR_0001826,calibration assessment,result,AFO_result#AFR:0001826
http://purl.allotrope.org/ontologies/result#AFR_0001828,calibration certificate,result,AFO_result#AFR:0001828
http://purl.allotrope.org/ontologies/result#AFR_0001829,due date (calibration),result,AFO_result#AFR:0001829
http://purl.allotrope.org/ontologies/result#AFR_0001830,calibration interval,result,AFO_result#AFR:0001830
http://purl.allotrope.org/ontologies/result#AFR_0001831,calibration frequency,result,AFO_result#AFR:0001831
http://purl.allotrope.org/ontologies/result#AFR_0001835,calibration assessment code,result,AFO_result#AFR:0001835
http://purl.allotrope.org/ontologies/result#AFR_0001836,assessment,result,AFO_result#AFR:0001836
http://purl.allotrope.org/ontologies/result#AFR_0001839,calibration result,result,AFO_result#AFR:0001839
http://purl.allotrope.org/ontologies/result#AFR_0001843,volume,result,AFO_result#AFR:0001843
http://purl.allotrope.org/ontologies/result#AFR_0001844,mass,result,AFO_result#AFR:0001844
http://purl.allotrope.org/ontologies/result#AFR_0001845,volume fraction,result,AFO_result#AFR:0001845
http://purl.allotrope.org/ontologies/result#AFR_0001847,measurement function,result,AFO_result#AFR:0001847
http://purl.allotrope.org/ontologies/result#AFR_0001849,calibration level,result,AFO_result#AFR:0001849
http://purl.allotrope.org/ontologies/result#AFR_0001852,statistical facet,result,AFO_result#AFR:0001852
http://purl.allotrope.org/ontologies/result#AFR_0001855,multiple reaction monitoring transition report,result,AFO_result#AFR:0001855
http://purl.allotrope.org/ontologies/result#AFR_0001856,electric current,result,AFO_result#AFR:0001856
http://purl.allotrope.org/ontologies/result#AFR_0001857,ion facet,result,AFO_result#AFR:0001857
http://purl.allotrope.org/ontologies/result#AFR_0001859,charge state,result,AFO_result#AFR:0001859
http://purl.allotrope.org/ontologies/result#AFR_0001861,ion transition,result,AFO_result#AFR:0001861
http://purl.allotrope.org/ontologies/result#AFR_0001863,ion transition list,result,AFO_result#AFR:0001863
http://purl.allotrope.org/ontologies/result#AFR_0001865,mass resolution,result,AFO_result#AFR:0001865
http://purl.allotrope.org/ontologies/result#AFR_0001866,mass spectrometry system setting,result,AFO_result#AFR:0001866
http://purl.allotrope.org/ontologies/result#AFR_0001867,dwell time,result,AFO_result#AFR:0001867
http://purl.allotrope.org/ontologies/result#AFR_0001868,m/z,result,AFO_result#AFR:0001868
http://purl.allotrope.org/ontologies/result#AFR_0001871,qualification,result,AFO_result#AFR:0001871
http://purl.allotrope.org/ontologies/result#AFR_0001872,requirement,result,AFO_result#AFR:0001872
http://purl.allotrope.org/ontologies/result#AFR_0001873,qualifier transition ratio,result,AFO_result#AFR:0001873
http://purl.allotrope.org/ontologies/result#AFR_0001874,measured qualifier transition ratio,result,AFO_result#AFR:0001874
http://purl.allotrope.org/ontologies/result#AFR_0001875,expected qualifier transition ratio,result,AFO_result#AFR:0001875
http://purl.allotrope.org/ontologies/result#AFR_0001876,minimum qualifier transition ratio,result,AFO_result#AFR:0001876
http://purl.allotrope.org/ontologies/result#AFR_0001877,maximum qualifier transition ratio,result,AFO_result#AFR:0001877
http://purl.allotrope.org/ontologies/result#AFR_0001878,transition qualification,result,AFO_result#AFR:0001878
http://purl.allotrope.org/ontologies/result#AFR_0001879,collision energy,result,AFO_result#AFR:0001879
http://purl.allotrope.org/ontologies/result#AFR_0001880,energy (datum),result,AFO_result#AFR:0001880
http://purl.allotrope.org/ontologies/result#AFR_0001881,flow rate,result,AFO_result#AFR:0001881
http://purl.allotrope.org/ontologies/result#AFR_0001906,UNC path,result,AFO_result#AFR:0001906
http://purl.allotrope.org/ontologies/result#AFR_0001907,universal naming convention,result,AFO_result#AFR:0001907
http://purl.allotrope.org/ontologies/result#AFR_0001916,voltage,result,AFO_result#AFR:0001916
http://purl.allotrope.org/ontologies/result#AFR_0001917,power,result,AFO_result#AFR:0001917
http://purl.allotrope.org/ontologies/result#AFR_0001918,pressure,result,AFO_result#AFR:0001918
http://purl.allotrope.org/ontologies/result#AFR_0001919,maximum operating temperature,result,AFO_result#AFR:0001919
http://purl.allotrope.org/ontologies/result#AFR_0001920,minimum operating temperature,result,AFO_result#AFR:0001920
http://purl.allotrope.org/ontologies/result#AFR_0001921,cryogenic coolant cut-over setting,result,AFO_result#AFR:0001921
http://purl.allotrope.org/ontologies/result#AFR_0001922,flow ratio setting,result,AFO_result#AFR:0001922
http://purl.allotrope.org/ontologies/result#AFR_0001923,flow ratio,result,AFO_result#AFR:0001923
http://purl.allotrope.org/ontologies/result#AFR_0001924,signal-to-noise ratio (USP621),result,AFO_result#AFR:0001924
http://purl.allotrope.org/ontologies/result#AFR_0001925,signal-to-noise ratio (EP2.2.46),result,AFO_result#AFR:0001925
http://purl.allotrope.org/ontologies/result#AFR_0001926,file name,result,AFO_result#AFR:0001926
http://purl.allotrope.org/ontologies/result#AFR_0001927,file path,result,AFO_result#AFR:0001927
http://purl.allotrope.org/ontologies/result#AFR_0001928,POSIX path,result,AFO_result#AFR:0001928
http://purl.allotrope.org/ontologies/result#AFR_0001929,POSIX standard,result,AFO_result#AFR:0001929
http://purl.allotrope.org/ontologies/result#AFR_0001930,drying temperature setting,result,AFO_result#AFR:0001930
http://purl.allotrope.org/ontologies/result#AFR_0001931,sample weight before drying,result,AFO_result#AFR:0001931
http://purl.allotrope.org/ontologies/result#AFR_0001932,dry sample weight,result,AFO_result#AFR:0001932
http://purl.allotrope.org/ontologies/result#AFR_0001933,relative weight loss on drying,result,AFO_result#AFR:0001933
http://purl.allotrope.org/ontologies/result#AFR_0001934,extrapolated moisture content,result,AFO_result#AFR:0001934
http://purl.allotrope.org/ontologies/result#AFR_0001938,calibration facet,result,AFO_result#AFR:0001938
http://purl.allotrope.org/ontologies/result#AFR_0001939,calibration curve parameter,result,AFO_result#AFR:0001939
http://purl.allotrope.org/ontologies/result#AFR_0001940,calibration algorithm,result,AFO_result#AFR:0001940
http://purl.allotrope.org/ontologies/result#AFR_0001941,order zero parameter,result,AFO_result#AFR:0001941
http://purl.allotrope.org/ontologies/result#AFR_0001942,order one parameter,result,AFO_result#AFR:0001942
http://purl.allotrope.org/ontologies/result#AFR_0001943,order two parameter,result,AFO_result#AFR:0001943
http://purl.allotrope.org/ontologies/result#AFR_0001944,order three parameter,result,AFO_result#AFR:0001944
http://purl.allotrope.org/ontologies/result#AFR_0001945,pause time,result,AFO_result#AFR:0001945
http://purl.allotrope.org/ontologies/result#AFR_0001946,retention time window lower offset,result,AFO_result#AFR:0001946
http://purl.allotrope.org/ontologies/result#AFR_0001947,retention time window upper offset,result,AFO_result#AFR:0001947
http://purl.allotrope.org/ontologies/result#AFR_0001948,retention time window width,result,AFO_result#AFR:0001948
http://purl.allotrope.org/ontologies/result#AFR_0001950,three-dimensional mass spectrum,result,AFO_result#AFR:0001950
http://purl.allotrope.org/ontologies/result#AFR_0001951,molecular entity facet,result,AFO_result#AFR:0001951
http://purl.allotrope.org/ontologies/result#AFR_0001952,molecular formula,result,AFO_result#AFR:0001952
http://purl.allotrope.org/ontologies/result#AFR_0001953,spectral library search result,result,AFO_result#AFR:0001953
http://purl.allotrope.org/ontologies/result#AFR_0001954,spectral library search hit,result,AFO_result#AFR:0001954
http://purl.allotrope.org/ontologies/result#AFR_0001957,detector scan rate setting,result,AFO_result#AFR:0001957
http://purl.allotrope.org/ontologies/result#AFR_0001958,ionization switch delay setting,result,AFO_result#AFR:0001958
http://purl.allotrope.org/ontologies/result#AFR_0001959,polarity switch delay setting,result,AFO_result#AFR:0001959
http://purl.allotrope.org/ontologies/result#AFR_0001960,m/z setting,result,AFO_result#AFR:0001960
http://purl.allotrope.org/ontologies/result#AFR_0001961,pre-peak background time measurement datum,result,AFO_result#AFR:0001961
http://purl.allotrope.org/ontologies/result#AFR_0001962,post-peak background time measurement datum,result,AFO_result#AFR:0001962
http://purl.allotrope.org/ontologies/result#AFR_0001963,signature,result,AFO_result#AFR:0001963
http://purl.allotrope.org/ontologies/result#AFR_0001964,signal (communication),result,AFO_result#AFR:0001964
http://purl.allotrope.org/ontologies/result#AFR_0001967,polarity setting,result,AFO_result#AFR:0001967
http://purl.allotrope.org/ontologies/result#AFR_0001968,default condition,result,AFO_result#AFR:0001968
http://purl.allotrope.org/ontologies/result#AFR_0001969,electric conductance,result,AFO_result#AFR:0001969
http://purl.allotrope.org/ontologies/result#AFR_0001970,electric resistivity,result,AFO_result#AFR:0001970
http://purl.allotrope.org/ontologies/result#AFR_0001971,electric resistance,result,AFO_result#AFR:0001971
http://purl.allotrope.org/ontologies/result#AFR_0001972,repeated action specification,result,AFO_result#AFR:0001972
http://purl.allotrope.org/ontologies/result#AFR_0001973,location specification,result,AFO_result#AFR:0001973
http://purl.allotrope.org/ontologies/result#AFR_0001974,laboratory information management software,result,AFO_result#AFR:0001974
http://purl.allotrope.org/ontologies/result#AFR_0001976,asset management identifier,result,AFO_result#AFR:0001976
http://purl.allotrope.org/ontologies/result#AFR_0001977,experimental data identifier,result,AFO_result#AFR:0001977
http://purl.allotrope.org/ontologies/result#AFR_0001978,analytical method identifier,result,AFO_result#AFR:0001978
http://purl.allotrope.org/ontologies/result#AFR_0001979,assay identifier,result,AFO_result#AFR:0001979
http://purl.allotrope.org/ontologies/result#AFR_0001980,assay comment,result,AFO_result#AFR:0001980
http://purl.allotrope.org/ontologies/result#AFR_0001982,sample weight,result,AFO_result#AFR:0001982
http://purl.allotrope.org/ontologies/result#AFR_0001983,peak onset temperature,result,AFO_result#AFR:0001983
http://purl.allotrope.org/ontologies/result#AFR_0001984,peak temperature,result,AFO_result#AFR:0001984
http://purl.allotrope.org/ontologies/result#AFR_0001985,weight loss,result,AFO_result#AFR:0001985
http://purl.allotrope.org/ontologies/result#AFR_0001986,balance identifier,result,AFO_result#AFR:0001986
http://purl.allotrope.org/ontologies/result#AFR_0001987,container type,result,AFO_result#AFR:0001987
http://purl.allotrope.org/ontologies/result#AFR_0001988,glass transition temperature,result,AFO_result#AFR:0001988
http://purl.allotrope.org/ontologies/result#AFR_0001989,heat capacity (dsc),result,AFO_result#AFR:0001989
http://purl.allotrope.org/ontologies/result#AFR_0001990,transition enthalpy,result,AFO_result#AFR:0001990
http://purl.allotrope.org/ontologies/result#AFR_0001991,conformance assessment,result,AFO_result#AFR:0001991
http://purl.allotrope.org/ontologies/result#AFR_0001992,reference identifier,result,AFO_result#AFR:0001992
http://purl.allotrope.org/ontologies/result#AFR_0001993,container state description,result,AFO_result#AFR:0001993
http://purl.allotrope.org/ontologies/result#AFR_0001995,transition assignment,result,AFO_result#AFR:0001995
http://purl.allotrope.org/ontologies/result#AFR_0001997,cell path length,result,AFO_result#AFR:0001997
http://purl.allotrope.org/ontologies/result#AFR_0002001,chromatography data system method,result,AFO_result#AFR:0002001
http://purl.allotrope.org/ontologies/result#AFR_0002002,measurement device identifier,result,AFO_result#AFR:0002002
http://purl.allotrope.org/ontologies/result#AFR_0002003,measurement method identifier,result,AFO_result#AFR:0002003
http://purl.allotrope.org/ontologies/result#AFR_0002006,molar concentration,result,AFO_result#AFR:0002006
http://purl.allotrope.org/ontologies/result#AFR_0002008,reference,result,AFO_result#AFR:0002008
http://purl.allotrope.org/ontologies/result#AFR_0002009,experiment identifier,result,AFO_result#AFR:0002009
http://purl.allotrope.org/ontologies/result#AFR_0002010,experimental data,result,AFO_result#AFR:0002010
http://purl.allotrope.org/ontologies/result#AFR_0002011,experiment result,result,AFO_result#AFR:0002011
http://purl.allotrope.org/ontologies/result#AFR_0002013,thermal analysis peak,result,AFO_result#AFR:0002013
http://purl.allotrope.org/ontologies/result#AFR_0002014,thermal analysis peak facet,result,AFO_result#AFR:0002014
http://purl.allotrope.org/ontologies/result#AFR_0002016,device method identifier,result,AFO_result#AFR:0002016
http://purl.allotrope.org/ontologies/result#AFR_0002017,comment,result,AFO_result#AFR:0002017
http://purl.allotrope.org/ontologies/result#AFR_0002018,device identifier,result,AFO_result#AFR:0002018
http://purl.allotrope.org/ontologies/result#AFR_0002019,assay data identifier,result,AFO_result#AFR:0002019
http://purl.allotrope.org/ontologies/result#AFR_0002020,assay data,result,AFO_result#AFR:0002020
http://purl.allotrope.org/ontologies/result#AFR_0002021,enthalpy,result,AFO_result#AFR:0002021
http://purl.allotrope.org/ontologies/result#AFR_0002022,heat capacity,result,AFO_result#AFR:0002022
http://purl.allotrope.org/ontologies/result#AFR_0002023,state facet,result,AFO_result#AFR:0002023
http://purl.allotrope.org/ontologies/result#AFR_0002024,column brand name,result,AFO_result#AFR:0002024
http://purl.allotrope.org/ontologies/result#AFR_0002026,chromatography column chemistry type,result,AFO_result#AFR:0002026
http://purl.allotrope.org/ontologies/result#AFR_0002027,particle size,result,AFO_result#AFR:0002027
http://purl.allotrope.org/ontologies/result#AFR_0002029,chromatography column length,result,AFO_result#AFR:0002029
http://purl.allotrope.org/ontologies/result#AFR_0002030,column inner diameter,result,AFO_result#AFR:0002030
http://purl.allotrope.org/ontologies/result#AFR_0002031,content specification,result,AFO_result#AFR:0002031
http://purl.allotrope.org/ontologies/result#AFR_0002033,temporal index,result,AFO_result#AFR:0002033
http://purl.allotrope.org/ontologies/result#AFR_0002034,method identifier,result,AFO_result#AFR:0002034
http://purl.allotrope.org/ontologies/result#AFR_0002035,measurement method,result,AFO_result#AFR:0002035
http://purl.allotrope.org/ontologies/result#AFR_0002036,concentration,result,AFO_result#AFR:0002036
http://purl.allotrope.org/ontologies/result#AFR_0002037,expiry time prescription,result,AFO_result#AFR:0002037
http://purl.allotrope.org/ontologies/result#AFR_0002038,electronic record,result,AFO_result#AFR:0002038
http://purl.allotrope.org/ontologies/result#AFR_0002039,database record,result,AFO_result#AFR:0002039
http://purl.allotrope.org/ontologies/result#AFR_0002040,database,result,AFO_result#AFR:0002040
http://purl.allotrope.org/ontologies/result#AFR_0002041,database primary key,result,AFO_result#AFR:0002041
http://purl.allotrope.org/ontologies/result#AFR_0002045,device acquisition method,result,AFO_result#AFR:0002045
http://purl.allotrope.org/ontologies/result#AFR_0002046,equivalence point volume,result,AFO_result#AFR:0002046
http://purl.allotrope.org/ontologies/result#AFR_0002048,dead cell count,result,AFO_result#AFR:0002048
http://purl.allotrope.org/ontologies/result#AFR_0002050,elapsed time,result,AFO_result#AFR:0002050
http://purl.allotrope.org/ontologies/result#AFR_0002051,flow rate profile,result,AFO_result#AFR:0002051
http://purl.allotrope.org/ontologies/result#AFR_0002052,volume profile,result,AFO_result#AFR:0002052
http://purl.allotrope.org/ontologies/result#AFR_0002053,reaction temperature profile,result,AFO_result#AFR:0002053
http://purl.allotrope.org/ontologies/result#AFR_0002054,jacket temperature profile,result,AFO_result#AFR:0002054
http://purl.allotrope.org/ontologies/result#AFR_0002055,overhead stirring rate profile,result,AFO_result#AFR:0002055
http://purl.allotrope.org/ontologies/result#AFR_0002056,temperature profile,result,AFO_result#AFR:0002056
http://purl.allotrope.org/ontologies/result#AFR_0002057,infrared interferogram data cube,result,AFO_result#AFR:0002057
http://purl.allotrope.org/ontologies/result#AFR_0002058,infrared spectrum data cube,result,AFO_result#AFR:0002058
http://purl.allotrope.org/ontologies/result#AFR_0002059,data cube identifier,result,AFO_result#AFR:0002059
http://purl.allotrope.org/ontologies/result#AFR_0002060,stirring rate profile,result,AFO_result#AFR:0002060
http://purl.allotrope.org/ontologies/result#AFR_0002061,stir bar stirring rate profile,result,AFO_result#AFR:0002061
http://purl.allotrope.org/ontologies/result#AFR_0002062,titer,result,AFO_result#AFR:0002062
http://purl.allotrope.org/ontologies/result#AFR_0002063,calibration certificate identifier,result,AFO_result#AFR:0002063
http://purl.allotrope.org/ontologies/result#AFR_0002065,gross weight,result,AFO_result#AFR:0002065
http://purl.allotrope.org/ontologies/result#AFR_0002067,tare weight,result,AFO_result#AFR:0002067
http://purl.allotrope.org/ontologies/result#AFR_0002070,Fourier transform infrared document,result,AFO_result#AFR:0002070
http://purl.allotrope.org/ontologies/result#AFR_0002071,Raman document,result,AFO_result#AFR:0002071
http://purl.allotrope.org/ontologies/result#AFR_0002072,heat transfer coefficient,result,AFO_result#AFR:0002072
http://purl.allotrope.org/ontologies/result#AFR_0002073,heat transfer coefficient profile,result,AFO_result#AFR:0002073
http://purl.allotrope.org/ontologies/result#AFR_0002074,angular velocity,result,AFO_result#AFR:0002074
http://purl.allotrope.org/ontologies/result#AFR_0002075,angular velocity profile,result,AFO_result#AFR:0002075
http://purl.allotrope.org/ontologies/result#AFR_0002076,area,result,AFO_result#AFR:0002076
http://purl.allotrope.org/ontologies/result#AFR_0002077,area profile,result,AFO_result#AFR:0002077
http://purl.allotrope.org/ontologies/result#AFR_0002079,specific heat capacity,result,AFO_result#AFR:0002079
http://purl.allotrope.org/ontologies/result#AFR_0002081,heating or cooling rate profile,result,AFO_result#AFR:0002081
http://purl.allotrope.org/ontologies/result#AFR_0002082,sample aggregate document,result,AFO_result#AFR:0002082
http://purl.allotrope.org/ontologies/result#AFR_0002083,sample document,result,AFO_result#AFR:0002083
http://purl.allotrope.org/ontologies/result#AFR_0002085,glutamate analysis document (cell-culture),result,AFO_result#AFR:0002085
http://purl.allotrope.org/ontologies/result#AFR_0002086,glutamine analysis document (cell-culture),result,AFO_result#AFR:0002086
http://purl.allotrope.org/ontologies/result#AFR_0002087,glucose analysis document (cell-culture),result,AFO_result#AFR:0002087
http://purl.allotrope.org/ontologies/result#AFR_0002088,lactate analysis document (cell-culture),result,AFO_result#AFR:0002088
http://purl.allotrope.org/ontologies/result#AFR_0002089,ammonium analysis document (cell-culture),result,AFO_result#AFR:0002089
http://purl.allotrope.org/ontologies/result#AFR_0002090,sodium analysis document (cell-culture),result,AFO_result#AFR:0002090
http://purl.allotrope.org/ontologies/result#AFR_0002091,potassium analysis document (cell-culture),result,AFO_result#AFR:0002091
http://purl.allotrope.org/ontologies/result#AFR_0002092,phosphate analysis document (cell-culture),result,AFO_result#AFR:0002092
http://purl.allotrope.org/ontologies/result#AFR_0002093,calcium analysis document (cell-culture),result,AFO_result#AFR:0002093
http://purl.allotrope.org/ontologies/result#AFR_0002094,lactase dehydrogenate analysis document (cell-culture),result,AFO_result#AFR:0002094
http://purl.allotrope.org/ontologies/result#AFR_0002095,data processing time,result,AFO_result#AFR:0002095
http://purl.allotrope.org/ontologies/result#AFR_0002096,titration solvent type,result,AFO_result#AFR:0002096
http://purl.allotrope.org/ontologies/result#AFR_0002097,titrant solution type,result,AFO_result#AFR:0002097
http://purl.allotrope.org/ontologies/result#AFR_0002099,mass fraction,result,AFO_result#AFR:0002099
http://purl.allotrope.org/ontologies/result#AFR_0002101,stirring rate,result,AFO_result#AFR:0002101
http://purl.allotrope.org/ontologies/result#AFR_0002103,infrared interferogram,result,AFO_result#AFR:0002103
http://purl.allotrope.org/ontologies/result#AFR_0002104,Raman spectroscopy result,result,AFO_result#AFR:0002104
http://purl.allotrope.org/ontologies/result#AFR_0002105,infrared spectroscopy result,result,AFO_result#AFR:0002105
http://purl.allotrope.org/ontologies/result#AFR_0002107,diameter,result,AFO_result#AFR:0002107
http://purl.allotrope.org/ontologies/result#AFR_0002108,inner diameter,result,AFO_result#AFR:0002108
http://purl.allotrope.org/ontologies/result#AFR_0002109,size (datum),result,AFO_result#AFR:0002109
http://purl.allotrope.org/ontologies/result#AFR_0002110,volume concentration,result,AFO_result#AFR:0002110
http://purl.allotrope.org/ontologies/result#AFR_0002111,electric charge,result,AFO_result#AFR:0002111
http://purl.allotrope.org/ontologies/result#AFR_0002112,degassed sample weight,result,AFO_result#AFR:0002112
http://purl.allotrope.org/ontologies/result#AFR_0002113,reference material document,result,AFO_result#AFR:0002113
http://purl.allotrope.org/ontologies/result#AFR_0002114,reference material identifier,result,AFO_result#AFR:0002114
http://purl.allotrope.org/ontologies/result#AFR_0002115,reference material weight,result,AFO_result#AFR:0002115
http://purl.allotrope.org/ontologies/result#AFR_0002116,BET point document,result,AFO_result#AFR:0002116
http://purl.allotrope.org/ontologies/result#AFR_0002117,relative pressure (BET),result,AFO_result#AFR:0002117
http://purl.allotrope.org/ontologies/result#AFR_0002118,adsorbed volume at STP,result,AFO_result#AFR:0002118
http://purl.allotrope.org/ontologies/result#AFR_0002119,saturation vapor pressure,result,AFO_result#AFR:0002119
http://purl.allotrope.org/ontologies/result#AFR_0002120,specific surface area,result,AFO_result#AFR:0002120
http://purl.allotrope.org/ontologies/result#AFR_0002121,y-intercept,result,AFO_result#AFR:0002121
http://purl.allotrope.org/ontologies/result#AFR_0002122,BET C constant,result,AFO_result#AFR:0002122
http://purl.allotrope.org/ontologies/result#AFR_0002123,monolayer quantity,result,AFO_result#AFR:0002123
http://purl.allotrope.org/ontologies/result#AFR_0002124,measurement end time,result,AFO_result#AFR:0002124
http://purl.allotrope.org/ontologies/result#AFR_0002125,evacuation rate setting,result,AFO_result#AFR:0002125
http://purl.allotrope.org/ontologies/result#AFR_0002126,evacuation time setting,result,AFO_result#AFR:0002126
http://purl.allotrope.org/ontologies/result#AFR_0002127,measurement chamber free space volume,result,AFO_result#AFR:0002127
http://purl.allotrope.org/ontologies/result#AFR_0002128,equilibration time,result,AFO_result#AFR:0002128
http://purl.allotrope.org/ontologies/result#AFR_0002129,loose density document,result,AFO_result#AFR:0002129
http://purl.allotrope.org/ontologies/result#AFR_0002130,loose density result,result,AFO_result#AFR:0002130
http://purl.allotrope.org/ontologies/result#AFR_0002131,intermediate tapped density aggregate document,result,AFO_result#AFR:0002131
http://purl.allotrope.org/ontologies/result#AFR_0002132,cumulative count,result,AFO_result#AFR:0002132
http://purl.allotrope.org/ontologies/result#AFR_0002133,birefringence,result,AFO_result#AFR:0002133
http://purl.allotrope.org/ontologies/result#AFR_0002134,particle shape characterization,result,AFO_result#AFR:0002134
http://purl.allotrope.org/ontologies/result#AFR_0002135,association state,result,AFO_result#AFR:0002135
http://purl.allotrope.org/ontologies/result#AFR_0002137,nucleus scan type,result,AFO_result#AFR:0002137
http://purl.allotrope.org/ontologies/result#AFR_0002138,dilution volume,result,AFO_result#AFR:0002138
http://purl.allotrope.org/ontologies/result#AFR_0002139,inter scan relaxation delay setting,result,AFO_result#AFR:0002139
http://purl.allotrope.org/ontologies/result#AFR_0002140,qNMR purity result,result,AFO_result#AFR:0002140
http://purl.allotrope.org/ontologies/result#AFR_0002141,calculation description,result,AFO_result#AFR:0002141
http://purl.allotrope.org/ontologies/result#AFR_0002142,inter scan relaxation delay,result,AFO_result#AFR:0002142
http://purl.allotrope.org/ontologies/result#AFR_0002143,hygroscopicity type,result,AFO_result#AFR:0002143
http://purl.allotrope.org/ontologies/result#AFR_0002144,hysteresis assessment,result,AFO_result#AFR:0002144
http://purl.allotrope.org/ontologies/result#AFR_0002145,vapor sorption data cube,result,AFO_result#AFR:0002145
http://purl.allotrope.org/ontologies/result#AFR_0002146,target P/P0 setting,result,AFO_result#AFR:0002146
http://purl.allotrope.org/ontologies/result#AFR_0002147,actual P/P0 result,result,AFO_result#AFR:0002147
http://purl.allotrope.org/ontologies/result#AFR_0002148,sample temperature setting,result,AFO_result#AFR:0002148
http://purl.allotrope.org/ontologies/result#AFR_0002149,sample temperature,result,AFO_result#AFR:0002149
http://purl.allotrope.org/ontologies/result#AFR_0002150,mass change,result,AFO_result#AFR:0002150
http://purl.allotrope.org/ontologies/result#AFR_0002151,mass change rate,result,AFO_result#AFR:0002151
http://purl.allotrope.org/ontologies/result#AFR_0002152,total gas flow rate,result,AFO_result#AFR:0002152
http://purl.allotrope.org/ontologies/result#AFR_0002153,saturated gas flow rate setting,result,AFO_result#AFR:0002153
http://purl.allotrope.org/ontologies/result#AFR_0002154,saturated gas flow rate,result,AFO_result#AFR:0002154
http://purl.allotrope.org/ontologies/result#AFR_0002155,dry gas flow rate setting,result,AFO_result#AFR:0002155
http://purl.allotrope.org/ontologies/result#AFR_0002156,dry gas flow rate,result,AFO_result#AFR:0002156
http://purl.allotrope.org/ontologies/result#AFR_0002157,ambient temperature,result,AFO_result#AFR:0002157
http://purl.allotrope.org/ontologies/result#AFR_0002158,inlet gas pressure,result,AFO_result#AFR:0002158
http://purl.allotrope.org/ontologies/result#AFR_0002159,exhaust gas flow rate,result,AFO_result#AFR:0002159
http://purl.allotrope.org/ontologies/result#AFR_0002160,solvent reservoir temperature,result,AFO_result#AFR:0002160
http://purl.allotrope.org/ontologies/result#AFR_0002161,tapped density document,result,AFO_result#AFR:0002161
http://purl.allotrope.org/ontologies/result#AFR_0002162,tapped density result,result,AFO_result#AFR:0002162
http://purl.allotrope.org/ontologies/result#AFR_0002163,enthalpy of fusion,result,AFO_result#AFR:0002163
http://purl.allotrope.org/ontologies/result#AFR_0002164,specific enthalpy of fusion,result,AFO_result#AFR:0002164
http://purl.allotrope.org/ontologies/result#AFR_0002165,molar enthalpy of fusion,result,AFO_result#AFR:0002165
http://purl.allotrope.org/ontologies/result#AFR_0002166,enthalpy of vaporization,result,AFO_result#AFR:0002166
http://purl.allotrope.org/ontologies/result#AFR_0002167,specific enthalpy of vaporization,result,AFO_result#AFR:0002167
http://purl.allotrope.org/ontologies/result#AFR_0002168,molar enthalpy of vaporization,result,AFO_result#AFR:0002168
http://purl.allotrope.org/ontologies/result#AFR_0002169,enthalpy of sublimation,result,AFO_result#AFR:0002169
http://purl.allotrope.org/ontologies/result#AFR_0002170,specific enthalpy of sublimation,result,AFO_result#AFR:0002170
http://purl.allotrope.org/ontologies/result#AFR_0002171,molar enthalpy of sublimation,result,AFO_result#AFR:0002171
http://purl.allotrope.org/ontologies/result#AFR_0002175,data processing method,result,AFO_result#AFR:0002175
http://purl.allotrope.org/ontologies/result#AFR_0002176,heat flow,result,AFO_result#AFR:0002176
http://purl.allotrope.org/ontologies/result#AFR_0002177,solvent identifier,result,AFO_result#AFR:0002177
http://purl.allotrope.org/ontologies/result#AFR_0002178,standard nominal value,result,AFO_result#AFR:0002178
http://purl.allotrope.org/ontologies/result#AFR_0002179,standard measured value,result,AFO_result#AFR:0002179
http://purl.allotrope.org/ontologies/result#AFR_0002180,calibration result deviation,result,AFO_result#AFR:0002180
http://purl.allotrope.org/ontologies/result#AFR_0002181,turbidity,result,AFO_result#AFR:0002181
http://purl.allotrope.org/ontologies/result#AFR_0002182,background corrected turbidity,result,AFO_result#AFR:0002182
http://purl.allotrope.org/ontologies/result#AFR_0002183,instrument suspension media,result,AFO_result#AFR:0002183
http://purl.allotrope.org/ontologies/result#AFR_0002184,sample suspension media,result,AFO_result#AFR:0002184
http://purl.allotrope.org/ontologies/result#AFR_0002185,sonication duration setting,result,AFO_result#AFR:0002185
http://purl.allotrope.org/ontologies/result#AFR_0002186,sonication power setting,result,AFO_result#AFR:0002186
http://purl.allotrope.org/ontologies/result#AFR_0002187,fluid refractive index setting,result,AFO_result#AFR:0002187
http://purl.allotrope.org/ontologies/result#AFR_0002188,particle refractive index setting,result,AFO_result#AFR:0002188
http://purl.allotrope.org/ontologies/result#AFR_0002189,particle shape setting,result,AFO_result#AFR:0002189
http://purl.allotrope.org/ontologies/result#AFR_0002190,average particle size,result,AFO_result#AFR:0002190
http://purl.allotrope.org/ontologies/result#AFR_0002192,standard deviation,result,AFO_result#AFR:0002192
http://purl.allotrope.org/ontologies/result#AFR_0002193,distribution document,result,AFO_result#AFR:0002193
http://purl.allotrope.org/ontologies/result#AFR_0002194,cumulative distribution percentage,result,AFO_result#AFR:0002194
http://purl.allotrope.org/ontologies/result#AFR_0002195,bin upper limit,result,AFO_result#AFR:0002195
http://purl.allotrope.org/ontologies/result#AFR_0002196,distribution modality,result,AFO_result#AFR:0002196
http://purl.allotrope.org/ontologies/result#AFR_0002197,count fraction,result,AFO_result#AFR:0002197
http://purl.allotrope.org/ontologies/result#AFR_0002198,partial pressure,result,AFO_result#AFR:0002198
http://purl.allotrope.org/ontologies/result#AFR_0002202,sample preparation description,result,AFO_result#AFR:0002202
http://purl.allotrope.org/ontologies/result#AFR_0002203,standard facet,result,AFO_result#AFR:0002203
http://purl.allotrope.org/ontologies/result#AFR_0002204,deviation,result,AFO_result#AFR:0002204
http://purl.allotrope.org/ontologies/result#AFR_0002205,distribution type,result,AFO_result#AFR:0002205
http://purl.allotrope.org/ontologies/result#AFR_0002207,refractive index,result,AFO_result#AFR:0002207
http://purl.allotrope.org/ontologies/result#AFR_0002208,arithmetic mean,result,AFO_result#AFR:0002208
http://purl.allotrope.org/ontologies/result#AFR_0002209,median,result,AFO_result#AFR:0002209
http://purl.allotrope.org/ontologies/result#AFR_0002210,variance,result,AFO_result#AFR:0002210
http://purl.allotrope.org/ontologies/result#AFR_0002211,skewness,result,AFO_result#AFR:0002211
http://purl.allotrope.org/ontologies/result#AFR_0002212,plumbing minimum pressure,result,AFO_result#AFR:0002212
http://purl.allotrope.org/ontologies/result#AFR_0002225,image document,result,AFO_result#AFR:0002225
http://purl.allotrope.org/ontologies/result#AFR_0002226,magnification setting,result,AFO_result#AFR:0002226
http://purl.allotrope.org/ontologies/result#AFR_0002227,polarized light enabled setting,result,AFO_result#AFR:0002227
http://purl.allotrope.org/ontologies/result#AFR_0002228,standard document,result,AFO_result#AFR:0002228
http://purl.allotrope.org/ontologies/result#AFR_0002229,experiment type,result,AFO_result#AFR:0002229
http://purl.allotrope.org/ontologies/result#AFR_0002231,plate well count,result,AFO_result#AFR:0002231
http://purl.allotrope.org/ontologies/result#AFR_0002232,well volume,result,AFO_result#AFR:0002232
http://purl.allotrope.org/ontologies/result#AFR_0002233,PCR detection chemistry,result,AFO_result#AFR:0002233
http://purl.allotrope.org/ontologies/result#AFR_0002234,passive reference dye setting,result,AFO_result#AFR:0002234
http://purl.allotrope.org/ontologies/result#AFR_0002235,automatic cycle threshold enabled setting,result,AFO_result#AFR:0002235
http://purl.allotrope.org/ontologies/result#AFR_0002236,cycle threshold value setting (qPCR),result,AFO_result#AFR:0002236
http://purl.allotrope.org/ontologies/result#AFR_0002237,automatic baseline determination enabled setting,result,AFO_result#AFR:0002237
http://purl.allotrope.org/ontologies/result#AFR_0002238,baseline determination start cycle setting,result,AFO_result#AFR:0002238
http://purl.allotrope.org/ontologies/result#AFR_0002239,baseline determination end cycle setting,result,AFO_result#AFR:0002239
http://purl.allotrope.org/ontologies/result#AFR_0002240,well location identifier,result,AFO_result#AFR:0002240
http://purl.allotrope.org/ontologies/result#AFR_0002241,target DNA description,result,AFO_result#AFR:0002241
http://purl.allotrope.org/ontologies/result#AFR_0002242,sample role type,result,AFO_result#AFR:0002242
http://purl.allotrope.org/ontologies/result#AFR_0002243,reporter dye setting,result,AFO_result#AFR:0002243
http://purl.allotrope.org/ontologies/result#AFR_0002244,quencher dye setting,result,AFO_result#AFR:0002244
http://purl.allotrope.org/ontologies/result#AFR_0002246,cycle threshold result (qPCR),result,AFO_result#AFR:0002246
http://purl.allotrope.org/ontologies/result#AFR_0002247,normalized reporter result,result,AFO_result#AFR:0002247
http://purl.allotrope.org/ontologies/result#AFR_0002248,baseline corrected reporter result,result,AFO_result#AFR:0002248
http://purl.allotrope.org/ontologies/result#AFR_0002249,nuclear magnetic resonance result,result,AFO_result#AFR:0002249
http://purl.allotrope.org/ontologies/result#AFR_0002250,detector gain setting,result,AFO_result#AFR:0002250
http://purl.allotrope.org/ontologies/result#AFR_0002251,optical velocity setting,result,AFO_result#AFR:0002251
http://purl.allotrope.org/ontologies/result#AFR_0002252,slit width setting,result,AFO_result#AFR:0002252
http://purl.allotrope.org/ontologies/result#AFR_0002253,detector type,result,AFO_result#AFR:0002253
http://purl.allotrope.org/ontologies/result#AFR_0002254,beamsplitter type,result,AFO_result#AFR:0002254
http://purl.allotrope.org/ontologies/result#AFR_0002255,nuclear magnetic resonance spectroscopy result,result,AFO_result#AFR:0002255
http://purl.allotrope.org/ontologies/result#AFR_0002256,mass spectrometry result,result,AFO_result#AFR:0002256
http://purl.allotrope.org/ontologies/result#AFR_0002259,intermediate tapped density document,result,AFO_result#AFR:0002259
http://purl.allotrope.org/ontologies/result#AFR_0002260,reflectance,result,AFO_result#AFR:0002260
http://purl.allotrope.org/ontologies/result#AFR_0002261,transmittance,result,AFO_result#AFR:0002261
http://purl.allotrope.org/ontologies/result#AFR_0002274,position count,result,AFO_result#AFR:0002274
http://purl.allotrope.org/ontologies/result#AFR_0002277,automation setting,result,AFO_result#AFR:0002277
http://purl.allotrope.org/ontologies/result#AFR_0002278,PCR setting,result,AFO_result#AFR:0002278
http://purl.allotrope.org/ontologies/result#AFR_0002279,PCR result,result,AFO_result#AFR:0002279
http://purl.allotrope.org/ontologies/result#AFR_0002280,enabled setting,result,AFO_result#AFR:0002280
http://purl.allotrope.org/ontologies/result#AFR_0002281,reflectance spectrum,result,AFO_result#AFR:0002281
http://purl.allotrope.org/ontologies/result#AFR_0002282,reflectance spectrum data cube,result,AFO_result#AFR:0002282
http://purl.allotrope.org/ontologies/result#AFR_0002283,absorption spectrum data cube,result,AFO_result#AFR:0002283
http://purl.allotrope.org/ontologies/result#AFR_0002284,transmittance spectrum,result,AFO_result#AFR:0002284
http://purl.allotrope.org/ontologies/result#AFR_0002285,transmittance spectrum data cube,result,AFO_result#AFR:0002285
http://purl.allotrope.org/ontologies/result#AFR_0002286,BET plot,result,AFO_result#AFR:0002286
http://purl.allotrope.org/ontologies/result#AFR_0002287,BET plot data cube,result,AFO_result#AFR:0002287
http://purl.allotrope.org/ontologies/result#AFR_0002288,time setting,result,AFO_result#AFR:0002288
http://purl.allotrope.org/ontologies/result#AFR_0002290,reaction component list,result,AFO_result#AFR:0002290
http://purl.allotrope.org/ontologies/result#AFR_0002291,chemical document,result,AFO_result#AFR:0002291
http://purl.allotrope.org/ontologies/result#AFR_0002292,chemical name,result,AFO_result#AFR:0002292
http://purl.allotrope.org/ontologies/result#AFR_0002293,reaction component role type,result,AFO_result#AFR:0002293
http://purl.allotrope.org/ontologies/result#AFR_0002294,molecular mass,result,AFO_result#AFR:0002294
http://purl.allotrope.org/ontologies/result#AFR_0002295,SMILES molecular structure,result,AFO_result#AFR:0002295
http://purl.allotrope.org/ontologies/result#AFR_0002296,InChI molecular structure,result,AFO_result#AFR:0002296
http://purl.allotrope.org/ontologies/result#AFR_0002297,InChIKey molecular structure,result,AFO_result#AFR:0002297
http://purl.allotrope.org/ontologies/result#AFR_0002298,addition description,result,AFO_result#AFR:0002298
http://purl.allotrope.org/ontologies/result#AFR_0002299,probe type,result,AFO_result#AFR:0002299
http://purl.allotrope.org/ontologies/result#AFR_0002300,probe identifier,result,AFO_result#AFR:0002300
http://purl.allotrope.org/ontologies/result#AFR_0002301,relative permittivity,result,AFO_result#AFR:0002301
http://purl.allotrope.org/ontologies/result#AFR_0002302,impedance scan profile,result,AFO_result#AFR:0002302
http://purl.allotrope.org/ontologies/result#AFR_0002303,impedance scan data cube,result,AFO_result#AFR:0002303
http://purl.allotrope.org/ontologies/result#AFR_0002304,impedance scan permittivity range,result,AFO_result#AFR:0002304
http://purl.allotrope.org/ontologies/result#AFR_0002305,impedance scan slope,result,AFO_result#AFR:0002305
http://purl.allotrope.org/ontologies/result#AFR_0002306,impedance scan characteristic frequency,result,AFO_result#AFR:0002306
http://purl.allotrope.org/ontologies/result#AFR_0002307,impedance scan result,result,AFO_result#AFR:0002307
http://purl.allotrope.org/ontologies/result#AFR_0002308,Molfile molecular structure,result,AFO_result#AFR:0002308
http://purl.allotrope.org/ontologies/result#AFR_0002309,normalized reporter data cube,result,AFO_result#AFR:0002309
http://purl.allotrope.org/ontologies/result#AFR_0002310,baseline corrected reporter data cube,result,AFO_result#AFR:0002310
http://purl.allotrope.org/ontologies/result#AFR_0002311,cycle count,result,AFO_result#AFR:0002311
http://purl.allotrope.org/ontologies/result#AFR_0002312,heat flow profile,result,AFO_result#AFR:0002312
http://purl.allotrope.org/ontologies/result#AFR_0002313,total system heat flow profile,result,AFO_result#AFR:0002313
http://purl.allotrope.org/ontologies/result#AFR_0002314,reaction heat flow profile,result,AFO_result#AFR:0002314
http://purl.allotrope.org/ontologies/result#AFR_0002315,source current setting,result,AFO_result#AFR:0002315
http://purl.allotrope.org/ontologies/result#AFR_0002316,current setting,result,AFO_result#AFR:0002316
http://purl.allotrope.org/ontologies/result#AFR_0002317,electron energy setting,result,AFO_result#AFR:0002317
http://purl.allotrope.org/ontologies/result#AFR_0002318,voltage setting,result,AFO_result#AFR:0002318
http://purl.allotrope.org/ontologies/result#AFR_0002319,analyte aggregate document,result,AFO_result#AFR:0002319
http://purl.allotrope.org/ontologies/result#AFR_0002320,analyte document,result,AFO_result#AFR:0002320
http://purl.allotrope.org/ontologies/result#AFR_0002324,radiation source type,result,AFO_result#AFR:0002324
http://purl.allotrope.org/ontologies/result#AFR_0002326,near infrared document,result,AFO_result#AFR:0002326
http://purl.allotrope.org/ontologies/result#AFR_0002327,three-dimensional FTIR spectrum,result,AFO_result#AFR:0002327
http://purl.allotrope.org/ontologies/result#AFR_0002328,three-dimensional Raman spectrum,result,AFO_result#AFR:0002328
http://purl.allotrope.org/ontologies/result#AFR_0002329,three-dimensional near infrared spectrum,result,AFO_result#AFR:0002329
http://purl.allotrope.org/ontologies/result#AFR_0002330,near infrared spectrum,result,AFO_result#AFR:0002330
http://purl.allotrope.org/ontologies/result#AFR_0002331,electronic project record,result,AFO_result#AFR:0002331
http://purl.allotrope.org/ontologies/result#AFR_0002332,report method,result,AFO_result#AFR:0002332
http://purl.allotrope.org/ontologies/result#AFR_0002334,total cell diameter,result,AFO_result#AFR:0002334
http://purl.allotrope.org/ontologies/result#AFR_0002335,average total cell diameter,result,AFO_result#AFR:0002335
http://purl.allotrope.org/ontologies/result#AFR_0002336,total cell diameter distribution,result,AFO_result#AFR:0002336
http://purl.allotrope.org/ontologies/result#AFR_0002337,pH profile,result,AFO_result#AFR:0002337
http://purl.allotrope.org/ontologies/result#AFR_0002338,standard aggregate document,result,AFO_result#AFR:0002338
http://purl.allotrope.org/ontologies/result#AFR_0002339,pH calibration slope,result,AFO_result#AFR:0002339
http://purl.allotrope.org/ontologies/result#AFR_0002340,pH data cube,result,AFO_result#AFR:0002340
http://purl.allotrope.org/ontologies/result#AFR_0002341,reaction temperature data cube,result,AFO_result#AFR:0002341
http://purl.allotrope.org/ontologies/result#AFR_0002342,jacket temperature data cube,result,AFO_result#AFR:0002342
http://purl.allotrope.org/ontologies/result#AFR_0002343,stirring rate data cube,result,AFO_result#AFR:0002343
http://purl.allotrope.org/ontologies/result#AFR_0002344,mass profile,result,AFO_result#AFR:0002344
http://purl.allotrope.org/ontologies/result#AFR_0002345,purge gas flow rate profile,result,AFO_result#AFR:0002345
http://purl.allotrope.org/ontologies/result#AFR_0002346,purge gas type,result,AFO_result#AFR:0002346
http://purl.allotrope.org/ontologies/result#AFR_0002347,purge gas flow rate data cube,result,AFO_result#AFR:0002347
http://purl.allotrope.org/ontologies/result#AFR_0002350,chord length distribution profile,result,AFO_result#AFR:0002350
http://purl.allotrope.org/ontologies/result#AFR_0002351,chord length distribution data cube,result,AFO_result#AFR:0002351
http://purl.allotrope.org/ontologies/result#AFR_0002352,measured chord length result,result,AFO_result#AFR:0002352
http://purl.allotrope.org/ontologies/result#AFR_0002353,laser rotation speed setting,result,AFO_result#AFR:0002353
http://purl.allotrope.org/ontologies/result#AFR_0002354,chord selection setting,result,AFO_result#AFR:0002354
http://purl.allotrope.org/ontologies/result#AFR_0002355,stuck particle correction enabled setting,result,AFO_result#AFR:0002355
http://purl.allotrope.org/ontologies/result#AFR_0002356,laser rotation speed data cube,result,AFO_result#AFR:0002356
http://purl.allotrope.org/ontologies/result#AFR_0002357,FTIR profile,result,AFO_result#AFR:0002357
http://purl.allotrope.org/ontologies/result#AFR_0002358,background document,result,AFO_result#AFR:0002358
http://purl.allotrope.org/ontologies/result#AFR_0002359,Raman profile,result,AFO_result#AFR:0002359
http://purl.allotrope.org/ontologies/result#AFR_0002360,near infrared profile,result,AFO_result#AFR:0002360
http://purl.allotrope.org/ontologies/result#AFR_0002362,ultraviolet-visible spectroscopy profile,result,AFO_result#AFR:0002362
http://purl.allotrope.org/ontologies/result#AFR_0002363,ultraviolet-visible spectroscopy document,result,AFO_result#AFR:0002363
http://purl.allotrope.org/ontologies/result#AFR_0002364,spectrometer type,result,AFO_result#AFR:0002364
http://purl.allotrope.org/ontologies/result#AFR_0002365,concentration profile,result,AFO_result#AFR:0002365
http://purl.allotrope.org/ontologies/result#AFR_0002366,chemical shift,result,AFO_result#AFR:0002366
http://purl.allotrope.org/ontologies/result#AFR_0002367,analysis material role type,result,AFO_result#AFR:0002367
http://purl.allotrope.org/ontologies/result#AFR_0002368,analyte molar ratio,result,AFO_result#AFR:0002368
http://purl.allotrope.org/ontologies/result#AFR_0002369,sample preparation aggregate document,result,AFO_result#AFR:0002369
http://purl.allotrope.org/ontologies/result#AFR_0002370,sample preparation document,result,AFO_result#AFR:0002370
http://purl.allotrope.org/ontologies/result#AFR_0002371,purity,result,AFO_result#AFR:0002371
http://purl.allotrope.org/ontologies/result#AFR_0002372,NMR multiplet,result,AFO_result#AFR:0002372
http://purl.allotrope.org/ontologies/result#AFR_0002373,associated nuclei count,result,AFO_result#AFR:0002373
http://purl.allotrope.org/ontologies/result#AFR_0002374,measurement aggregate document,result,AFO_result#AFR:0002374
http://purl.allotrope.org/ontologies/result#AFR_0002375,measurement document,result,AFO_result#AFR:0002375
http://purl.allotrope.org/ontologies/result#AFR_0002376,system flow rate profile,result,AFO_result#AFR:0002376
http://purl.allotrope.org/ontologies/result#AFR_0002389,aperture size setting,result,AFO_result#AFR:0002389
http://purl.allotrope.org/ontologies/result#AFR_0002390,michelson interferometer measurement mode setting,result,AFO_result#AFR:0002390
http://purl.allotrope.org/ontologies/result#AFR_0002391,sample measurement interface type,result,AFO_result#AFR:0002391
http://purl.allotrope.org/ontologies/result#AFR_0002392,thermal conductivity,result,AFO_result#AFR:0002392
http://purl.allotrope.org/ontologies/result#AFR_0002393,temperature rate,result,AFO_result#AFR:0002393
http://purl.allotrope.org/ontologies/result#AFR_0002394,angle of optical rotation,result,AFO_result#AFR:0002394
http://purl.allotrope.org/ontologies/result#AFR_0002395,specific rotation,result,AFO_result#AFR:0002395
http://purl.allotrope.org/ontologies/result#AFR_0002396,specific rotation document,result,AFO_result#AFR:0002396
http://purl.allotrope.org/ontologies/result#AFR_0002397,end point determination setting,result,AFO_result#AFR:0002397
http://purl.allotrope.org/ontologies/result#AFR_0002398,maximum run time setting,result,AFO_result#AFR:0002398
http://purl.allotrope.org/ontologies/result#AFR_0002399,change rate end point setting,result,AFO_result#AFR:0002399
http://purl.allotrope.org/ontologies/result#AFR_0002400,extrapolated weight end point setting,result,AFO_result#AFR:0002400
http://purl.allotrope.org/ontologies/result#AFR_0002401,temperature profile setting,result,AFO_result#AFR:0002401
http://purl.allotrope.org/ontologies/result#AFR_0002408,ratio quantification facet,result,AFO_result#AFR:0002408
http://purl.allotrope.org/ontologies/result#AFR_0002409,molar mass,result,AFO_result#AFR:0002409
http://purl.allotrope.org/ontologies/result#AFR_0002410,apodization,result,AFO_result#AFR:0002410
http://purl.allotrope.org/ontologies/result#AFR_0002411,zero filling factor,result,AFO_result#AFR:0002411
http://purl.allotrope.org/ontologies/result#AFR_0002412,phase correction,result,AFO_result#AFR:0002412
http://purl.allotrope.org/ontologies/result#AFR_0002413,thermal conductance,result,AFO_result#AFR:0002413
http://purl.allotrope.org/ontologies/result#AFR_0002414,profile setting,result,AFO_result#AFR:0002414
http://purl.allotrope.org/ontologies/result#AFR_0002415,control profile setting,result,AFO_result#AFR:0002415
http://purl.allotrope.org/ontologies/result#AFR_0002416,nuclear magnetic resonance spectrum data cube,result,AFO_result#AFR:0002416
http://purl.allotrope.org/ontologies/result#AFR_0002417,mass spectrometry document,result,AFO_result#AFR:0002417
http://purl.allotrope.org/ontologies/result#AFR_0002418,sample flow rate profile,result,AFO_result#AFR:0002418
http://purl.allotrope.org/ontologies/result#AFR_0002419,ADF converter name,result,AFO_result#AFR:0002419
http://purl.allotrope.org/ontologies/result#AFR_0002420,ADF converter method identifier,result,AFO_result#AFR:0002420
http://purl.allotrope.org/ontologies/result#AFR_0002421,ADF converter version,result,AFO_result#AFR:0002421
http://purl.allotrope.org/ontologies/result#AFR_0002422,start time,result,AFO_result#AFR:0002422
http://purl.allotrope.org/ontologies/result#AFR_0002423,end time,result,AFO_result#AFR:0002423
http://purl.allotrope.org/ontologies/result#AFR_0002424,tablet press identifier,result,AFO_result#AFR:0002424
http://purl.allotrope.org/ontologies/result#AFR_0002425,container identifier,result,AFO_result#AFR:0002425
http://purl.allotrope.org/ontologies/result#AFR_0002426,tablet thickness,result,AFO_result#AFR:0002426
http://purl.allotrope.org/ontologies/result#AFR_0002427,hardness,result,AFO_result#AFR:0002427
http://purl.allotrope.org/ontologies/result#AFR_0002428,data validity assessment,result,AFO_result#AFR:0002428
http://purl.allotrope.org/ontologies/result#AFR_0002429,data validity code,result,AFO_result#AFR:0002429
http://purl.allotrope.org/ontologies/result#AFR_0002432,thickness,result,AFO_result#AFR:0002432
http://purl.allotrope.org/ontologies/result#AFR_0002434,disintegration apparatus disc type,result,AFO_result#AFR:0002434
http://purl.allotrope.org/ontologies/result#AFR_0002435,disintegration apparatus basket identifier,result,AFO_result#AFR:0002435
http://purl.allotrope.org/ontologies/result#AFR_0002436,fill depth,result,AFO_result#AFR:0002436
http://purl.allotrope.org/ontologies/result#AFR_0002437,result value specification,result,AFO_result#AFR:0002437
http://purl.allotrope.org/ontologies/result#AFR_0002438,material suitability specification,result,AFO_result#AFR:0002438
http://purl.allotrope.org/ontologies/result#AFR_0002439,specification assessment,result,AFO_result#AFR:0002439
http://purl.allotrope.org/ontologies/result#AFR_0002440,minimum value,result,AFO_result#AFR:0002440
http://purl.allotrope.org/ontologies/result#AFR_0002441,maximum value,result,AFO_result#AFR:0002441
http://purl.allotrope.org/ontologies/result#AFR_0002443,relative standard deviation,result,AFO_result#AFR:0002443
http://purl.allotrope.org/ontologies/result#AFR_0002445,absolute water content,result,AFO_result#AFR:0002445
http://purl.allotrope.org/ontologies/result#AFR_0002447,water mass concentration,result,AFO_result#AFR:0002447
http://purl.allotrope.org/ontologies/result#AFR_0002448,water mass fraction,result,AFO_result#AFR:0002448
http://purl.allotrope.org/ontologies/result#AFR_0002449,data validity,result,AFO_result#AFR:0002449
http://purl.allotrope.org/ontologies/result#AFR_0002450,shaking configuration description,result,AFO_result#AFR:0002450
http://purl.allotrope.org/ontologies/result#AFR_0002451,detector distance setting (plate reader),result,AFO_result#AFR:0002451
http://purl.allotrope.org/ontologies/result#AFR_0002452,scan position setting (plate reader),result,AFO_result#AFR:0002452
http://purl.allotrope.org/ontologies/result#AFR_0002453,detector carriage speed setting,result,AFO_result#AFR:0002453
http://purl.allotrope.org/ontologies/result#AFR_0002454,read interval setting,result,AFO_result#AFR:0002454
http://purl.allotrope.org/ontologies/result#AFR_0002455,total measurement duration setting,result,AFO_result#AFR:0002455
http://purl.allotrope.org/ontologies/result#AFR_0002456,detector wavelength setting,result,AFO_result#AFR:0002456
http://purl.allotrope.org/ontologies/result#AFR_0002457,well scan pattern setting,result,AFO_result#AFR:0002457
http://purl.allotrope.org/ontologies/result#AFR_0002458,well scan density setting,result,AFO_result#AFR:0002458
http://purl.allotrope.org/ontologies/result#AFR_0002459,luminescence profile data cube,result,AFO_result#AFR:0002459
http://purl.allotrope.org/ontologies/result#AFR_0002460,luminescence spectrum data cube,result,AFO_result#AFR:0002460
http://purl.allotrope.org/ontologies/result#AFR_0002461,luminescence area scan data cube,result,AFO_result#AFR:0002461
http://purl.allotrope.org/ontologies/result#AFR_0002462,luminescence profile,result,AFO_result#AFR:0002462
http://purl.allotrope.org/ontologies/result#AFR_0002463,luminescence area scan,result,AFO_result#AFR:0002463
http://purl.allotrope.org/ontologies/result#AFR_0002464,vial location identifier,result,AFO_result#AFR:0002464
http://purl.allotrope.org/ontologies/result#AFR_0002465,beam deceleration voltage setting,result,AFO_result#AFR:0002465
http://purl.allotrope.org/ontologies/result#AFR_0002466,image format,result,AFO_result#AFR:0002466
http://purl.allotrope.org/ontologies/result#AFR_0002467,image height,result,AFO_result#AFR:0002467
http://purl.allotrope.org/ontologies/result#AFR_0002468,image width,result,AFO_result#AFR:0002468
http://purl.allotrope.org/ontologies/result#AFR_0002469,condenser lens voltage setting,result,AFO_result#AFR:0002469
http://purl.allotrope.org/ontologies/result#AFR_0002470,electron beam working distance,result,AFO_result#AFR:0002470
http://purl.allotrope.org/ontologies/result#AFR_0002471,micron marker setting,result,AFO_result#AFR:0002471
http://purl.allotrope.org/ontologies/result#AFR_0002472,x-coordinate,result,AFO_result#AFR:0002472
http://purl.allotrope.org/ontologies/result#AFR_0002473,y-coordinate,result,AFO_result#AFR:0002473
http://purl.allotrope.org/ontologies/result#AFR_0002474,z-coordinate,result,AFO_result#AFR:0002474
http://purl.allotrope.org/ontologies/result#AFR_0002475,incident radiation angle,result,AFO_result#AFR:0002475
http://purl.allotrope.org/ontologies/result#AFR_0002476,scan speed setting (electron microscopy),result,AFO_result#AFR:0002476
http://purl.allotrope.org/ontologies/result#AFR_0002477,detector bandwidth setting,result,AFO_result#AFR:0002477
http://purl.allotrope.org/ontologies/result#AFR_0002478,wavelength filter cutoff setting,result,AFO_result#AFR:0002478
http://purl.allotrope.org/ontologies/result#AFR_0002479,excitation wavelength setting,result,AFO_result#AFR:0002479
http://purl.allotrope.org/ontologies/result#AFR_0002480,fluorescence,result,AFO_result#AFR:0002480
http://purl.allotrope.org/ontologies/result#AFR_0002481,fluorescence excitation spectrum data cube,result,AFO_result#AFR:0002481
http://purl.allotrope.org/ontologies/result#AFR_0002482,fluorescence emission spectrum data cube,result,AFO_result#AFR:0002482
http://purl.allotrope.org/ontologies/result#AFR_0002483,fluorescence excitation spectrum,result,AFO_result#AFR:0002483
http://purl.allotrope.org/ontologies/result#AFR_0002485,coordinate,result,AFO_result#AFR:0002485
http://purl.allotrope.org/ontologies/result#AFR_0002486,Cartesian coordinate,result,AFO_result#AFR:0002486
http://purl.allotrope.org/ontologies/result#AFR_0002487,emission bandwidth setting,result,AFO_result#AFR:0002487
http://purl.allotrope.org/ontologies/result#AFR_0002489,detector model number,result,AFO_result#AFR:0002489
http://purl.allotrope.org/ontologies/result#AFR_0002490,detector identifier,result,AFO_result#AFR:0002490
http://purl.allotrope.org/ontologies/result#AFR_0002491,detector view volume,result,AFO_result#AFR:0002491
http://purl.allotrope.org/ontologies/result#AFR_0002492,sample volume setting,result,AFO_result#AFR:0002492
http://purl.allotrope.org/ontologies/result#AFR_0002493,flush volume setting,result,AFO_result#AFR:0002493
http://purl.allotrope.org/ontologies/result#AFR_0002494,differential count,result,AFO_result#AFR:0002494
http://purl.allotrope.org/ontologies/result#AFR_0002495,cumulative particle density,result,AFO_result#AFR:0002495
http://purl.allotrope.org/ontologies/result#AFR_0002496,differential particle density,result,AFO_result#AFR:0002496
http://purl.allotrope.org/ontologies/result#AFR_0002497,data processing omission setting,result,AFO_result#AFR:0002497
http://purl.allotrope.org/ontologies/result#AFR_0002498,dilution factor setting,result,AFO_result#AFR:0002498
http://purl.allotrope.org/ontologies/result#AFR_0002499,area scan,result,AFO_result#AFR:0002499
http://purl.allotrope.org/ontologies/result#AFR_0002502,position code,result,AFO_result#AFR:0002502
http://purl.allotrope.org/ontologies/result#AFR_0002507,luminescence,result,AFO_result#AFR:0002507
http://purl.allotrope.org/ontologies/result#AFR_0002508,material specification,result,AFO_result#AFR:0002508
http://purl.allotrope.org/ontologies/result#AFR_0002511,peak width at 10 % of height,result,AFO_result#AFR:0002511
http://purl.allotrope.org/ontologies/result#AFR_0002512,asymmetry factor measured at 10 % height,result,AFO_result#AFR:0002512
http://purl.allotrope.org/ontologies/result#AFR_0002513,height equivalent to a theoretical plate,result,AFO_result#AFR:0002513
http://purl.allotrope.org/ontologies/result#AFR_0002519,prescription,result,AFO_result#AFR:0002519
http://purl.allotrope.org/ontologies/result#AFR_0002520,density of theoretical plates (chromatography),result,AFO_result#AFR:0002520
http://purl.allotrope.org/ontologies/result#AFR_0002521,retention volume,result,AFO_result#AFR:0002521
http://purl.allotrope.org/ontologies/result#AFR_0002522,acquisition volume,result,AFO_result#AFR:0002522
http://purl.allotrope.org/ontologies/result#AFR_0002524,liquid chromatography aggregate document,result,AFO_result#AFR:0002524
http://purl.allotrope.org/ontologies/result#AFR_0002525,liquid chromatography document,result,AFO_result#AFR:0002525
http://purl.allotrope.org/ontologies/result#AFR_0002526,device system document,result,AFO_result#AFR:0002526
http://purl.allotrope.org/ontologies/result#AFR_0002527,detector control aggregate document,result,AFO_result#AFR:0002527
http://purl.allotrope.org/ontologies/result#AFR_0002528,detector control document,result,AFO_result#AFR:0002528
http://purl.allotrope.org/ontologies/result#AFR_0002529,injection document,result,AFO_result#AFR:0002529
http://purl.allotrope.org/ontologies/result#AFR_0002530,pump model number,result,AFO_result#AFR:0002530
http://purl.allotrope.org/ontologies/result#AFR_0002531,submitter,result,AFO_result#AFR:0002531
http://purl.allotrope.org/ontologies/result#AFR_0002532,chromatography column part number,result,AFO_result#AFR:0002532
http://purl.allotrope.org/ontologies/result#AFR_0002533,chromatography column serial number,result,AFO_result#AFR:0002533
http://purl.allotrope.org/ontologies/result#AFR_0002534,detection type,result,AFO_result#AFR:0002534
http://purl.allotrope.org/ontologies/result#AFR_0002535,injection identifier,result,AFO_result#AFR:0002535
http://purl.allotrope.org/ontologies/result#AFR_0002536,injection time,result,AFO_result#AFR:0002536
http://purl.allotrope.org/ontologies/result#AFR_0002537,intensity,result,AFO_result#AFR:0002537
http://purl.allotrope.org/ontologies/result#AFR_0002538,absolute intensity,result,AFO_result#AFR:0002538
http://purl.allotrope.org/ontologies/result#AFR_0002539,total ion profile,result,AFO_result#AFR:0002539
http://purl.allotrope.org/ontologies/result#AFR_0002541,mass output setting,result,AFO_result#AFR:0002541
http://purl.allotrope.org/ontologies/result#AFR_0002542,ion profile,result,AFO_result#AFR:0002542
http://purl.allotrope.org/ontologies/result#AFR_0002543,selected ion profile,result,AFO_result#AFR:0002543
http://purl.allotrope.org/ontologies/result#AFR_0002544,mass resolution setting,result,AFO_result#AFR:0002544
http://purl.allotrope.org/ontologies/result#AFR_0002546,detector signal,result,AFO_result#AFR:0002546
http://purl.allotrope.org/ontologies/result#AFR_0002547,ion current signal,result,AFO_result#AFR:0002547
http://purl.allotrope.org/ontologies/result#AFR_0002548,excitation bandwidth setting,result,AFO_result#AFR:0002548
http://purl.allotrope.org/ontologies/result#AFR_0002549,compartment temperature,result,AFO_result#AFR:0002549
http://purl.allotrope.org/ontologies/result#AFR_0002550,chromatogram data cube,result,AFO_result#AFR:0002550
http://purl.allotrope.org/ontologies/result#AFR_0002551,three-dimensional ultraviolet spectrum data cube,result,AFO_result#AFR:0002551
http://purl.allotrope.org/ontologies/result#AFR_0002552,hygroscopicity code,result,AFO_result#AFR:0002552
http://purl.allotrope.org/ontologies/result#AFR_0002553,impedance spectrum data cube,result,AFO_result#AFR:0002553
http://purl.allotrope.org/ontologies/result#AFR_0002554,electric impedance,result,AFO_result#AFR:0002554
http://purl.allotrope.org/ontologies/result#AFR_0002555,profile aggregate document,result,AFO_result#AFR:0002555
http://purl.allotrope.org/ontologies/result#AFR_0002556,mass profile aggregate document,result,AFO_result#AFR:0002556
http://purl.allotrope.org/ontologies/result#AFR_0002557,volume profile aggregate document,result,AFO_result#AFR:0002557
http://purl.allotrope.org/ontologies/result#AFR_0002558,temperature profile aggregate document,result,AFO_result#AFR:0002558
http://purl.allotrope.org/ontologies/result#AFR_0002559,heat flow profile aggregate document,result,AFO_result#AFR:0002559
http://purl.allotrope.org/ontologies/result#AFR_0002560,angular velocity profile aggregate document,result,AFO_result#AFR:0002560
http://purl.allotrope.org/ontologies/result#AFR_0002561,chromatography column particle size,result,AFO_result#AFR:0002561
http://purl.allotrope.org/ontologies/result#AFR_0002562,start time setting,result,AFO_result#AFR:0002562
http://purl.allotrope.org/ontologies/result#AFR_0002563,end time setting,result,AFO_result#AFR:0002563
http://purl.allotrope.org/ontologies/result#AFR_0002567,device document,result,AFO_result#AFR:0002567
http://purl.allotrope.org/ontologies/result#AFR_0002568,device type,result,AFO_result#AFR:0002568
http://purl.allotrope.org/ontologies/result#AFR_0002569,grip velocity setting,result,AFO_result#AFR:0002569
http://purl.allotrope.org/ontologies/result#AFR_0002570,ambient humidity,result,AFO_result#AFR:0002570
http://purl.allotrope.org/ontologies/result#AFR_0002571,grip distance setting,result,AFO_result#AFR:0002571
http://purl.allotrope.org/ontologies/result#AFR_0002573,sampling orientation type,result,AFO_result#AFR:0002573
http://purl.allotrope.org/ontologies/result#AFR_0002574,sample shape classification,result,AFO_result#AFR:0002574
http://purl.allotrope.org/ontologies/result#AFR_0002575,sample thickness,result,AFO_result#AFR:0002575
http://purl.allotrope.org/ontologies/result#AFR_0002576,sample width,result,AFO_result#AFR:0002576
http://purl.allotrope.org/ontologies/result#AFR_0002577,yield stress,result,AFO_result#AFR:0002577
http://purl.allotrope.org/ontologies/result#AFR_0002578,yield strain,result,AFO_result#AFR:0002578
http://purl.allotrope.org/ontologies/result#AFR_0002579,break stress,result,AFO_result#AFR:0002579
http://purl.allotrope.org/ontologies/result#AFR_0002580,break strain,result,AFO_result#AFR:0002580
http://purl.allotrope.org/ontologies/result#AFR_0002581,peak load force,result,AFO_result#AFR:0002581
http://purl.allotrope.org/ontologies/result#AFR_0002582,fracture energy,result,AFO_result#AFR:0002582
http://purl.allotrope.org/ontologies/result#AFR_0002583,Young modulus,result,AFO_result#AFR:0002583
http://purl.allotrope.org/ontologies/result#AFR_0002584,chord modulus document,result,AFO_result#AFR:0002584
http://purl.allotrope.org/ontologies/result#AFR_0002585,chord modulus,result,AFO_result#AFR:0002585
http://purl.allotrope.org/ontologies/result#AFR_0002586,start strain point,result,AFO_result#AFR:0002586
http://purl.allotrope.org/ontologies/result#AFR_0002587,end strain point,result,AFO_result#AFR:0002587
http://purl.allotrope.org/ontologies/result#AFR_0002588,secant modulus aggregate document,result,AFO_result#AFR:0002588
http://purl.allotrope.org/ontologies/result#AFR_0002589,secant modulus document,result,AFO_result#AFR:0002589
http://purl.allotrope.org/ontologies/result#AFR_0002590,secant modulus,result,AFO_result#AFR:0002590
http://purl.allotrope.org/ontologies/result#AFR_0002591,strain,result,AFO_result#AFR:0002591
http://purl.allotrope.org/ontologies/result#AFR_0002592,stress,result,AFO_result#AFR:0002592
http://purl.allotrope.org/ontologies/result#AFR_0002595,humidity,result,AFO_result#AFR:0002595
http://purl.allotrope.org/ontologies/result#AFR_0002596,sampling orientation code,result,AFO_result#AFR:0002596
http://purl.allotrope.org/ontologies/result#AFR_0002599,width,result,AFO_result#AFR:0002599
http://purl.allotrope.org/ontologies/result#AFR_0002600,force,result,AFO_result#AFR:0002600
http://purl.allotrope.org/ontologies/result#AFR_0002601,stress-strain data cube,result,AFO_result#AFR:0002601
http://purl.allotrope.org/ontologies/result#AFR_0002602,stress-strain curve,result,AFO_result#AFR:0002602
http://purl.allotrope.org/ontologies/result#AFR_0002603,code scan result,result,AFO_result#AFR:0002603
http://purl.allotrope.org/ontologies/result#AFR_0002604,device response signal,result,AFO_result#AFR:0002604
http://purl.allotrope.org/ontologies/result#AFR_0002605,gas chromatography aggregate document,result,AFO_result#AFR:0002605
http://purl.allotrope.org/ontologies/result#AFR_0002606,gas chromatography document,result,AFO_result#AFR:0002606
http://purl.allotrope.org/ontologies/result#AFR_0002607,chromatography column document,result,AFO_result#AFR:0002607
http://purl.allotrope.org/ontologies/result#AFR_0002608,chromatography column fill type,result,AFO_result#AFR:0002608
http://purl.allotrope.org/ontologies/result#AFR_0002609,chromatography column film thickness,result,AFO_result#AFR:0002609
http://purl.allotrope.org/ontologies/result#AFR_0002610,sampling type,result,AFO_result#AFR:0002610
http://purl.allotrope.org/ontologies/result#AFR_0002611,detector distance setting (foam qualification),result,AFO_result#AFR:0002611
http://purl.allotrope.org/ontologies/result#AFR_0002612,measurement start setting,result,AFO_result#AFR:0002612
http://purl.allotrope.org/ontologies/result#AFR_0002613,ambient pressure,result,AFO_result#AFR:0002613
http://purl.allotrope.org/ontologies/result#AFR_0002614,relative humidity,result,AFO_result#AFR:0002614
http://purl.allotrope.org/ontologies/result#AFR_0002615,polyol reservoir temperature,result,AFO_result#AFR:0002615
http://purl.allotrope.org/ontologies/result#AFR_0002616,reservoir temperature,result,AFO_result#AFR:0002616
http://purl.allotrope.org/ontologies/result#AFR_0002617,isocyanate reservoir temperature,result,AFO_result#AFR:0002617
http://purl.allotrope.org/ontologies/result#AFR_0002618,plate temperature,result,AFO_result#AFR:0002618
http://purl.allotrope.org/ontologies/result#AFR_0002619,plate heater temperature,result,AFO_result#AFR:0002619
http://purl.allotrope.org/ontologies/result#AFR_0002620,dielectric polarization field frequency setting,result,AFO_result#AFR:0002620
http://purl.allotrope.org/ontologies/result#AFR_0002621,reaction duration,result,AFO_result#AFR:0002621
http://purl.allotrope.org/ontologies/result#AFR_0002622,force gauge type,result,AFO_result#AFR:0002622
http://purl.allotrope.org/ontologies/result#AFR_0002623,container shape,result,AFO_result#AFR:0002623
http://purl.allotrope.org/ontologies/result#AFR_0002624,container height,result,AFO_result#AFR:0002624
http://purl.allotrope.org/ontologies/result#AFR_0002625,container diameter,result,AFO_result#AFR:0002625
http://purl.allotrope.org/ontologies/result#AFR_0002626,process termination state type,result,AFO_result#AFR:0002626
http://purl.allotrope.org/ontologies/result#AFR_0002627,start height,result,AFO_result#AFR:0002627
http://purl.allotrope.org/ontologies/result#AFR_0002628,end height,result,AFO_result#AFR:0002628
http://purl.allotrope.org/ontologies/result#AFR_0002632,velocity,result,AFO_result#AFR:0002632
http://purl.allotrope.org/ontologies/result#AFR_0002636,gel time,result,AFO_result#AFR:0002636
http://purl.allotrope.org/ontologies/result#AFR_0002639,foam profile data cube,result,AFO_result#AFR:0002639
http://purl.allotrope.org/ontologies/result#AFR_0002640,dielectric polarization,result,AFO_result#AFR:0002640
http://purl.allotrope.org/ontologies/result#AFR_0002641,viscosity,result,AFO_result#AFR:0002641
http://purl.allotrope.org/ontologies/result#AFR_0002642,foam profile,result,AFO_result#AFR:0002642
http://purl.allotrope.org/ontologies/result#AFR_0002643,mass spectrometry aggregate document,result,AFO_result#AFR:0002643
http://purl.allotrope.org/ontologies/result#AFR_0002645,sample introduction document,result,AFO_result#AFR:0002645
http://purl.allotrope.org/ontologies/result#AFR_0002646,sample introduction mode setting,result,AFO_result#AFR:0002646
http://purl.allotrope.org/ontologies/result#AFR_0002647,laser firing frequency setting,result,AFO_result#AFR:0002647
http://purl.allotrope.org/ontologies/result#AFR_0002648,sample introduction description,result,AFO_result#AFR:0002648
http://purl.allotrope.org/ontologies/result#AFR_0002649,sample introduction medium,result,AFO_result#AFR:0002649
http://purl.allotrope.org/ontologies/result#AFR_0002650,measurement mode setting,result,AFO_result#AFR:0002650
http://purl.allotrope.org/ontologies/result#AFR_0002651,detector relative offset setting,result,AFO_result#AFR:0002651
http://purl.allotrope.org/ontologies/result#AFR_0002652,m/z minimum setting,result,AFO_result#AFR:0002652
http://purl.allotrope.org/ontologies/result#AFR_0002653,m/z maximum setting,result,AFO_result#AFR:0002653
http://purl.allotrope.org/ontologies/result#AFR_0002654,data processing aggregate document,result,AFO_result#AFR:0002654
http://purl.allotrope.org/ontologies/result#AFR_0002655,data processing document,result,AFO_result#AFR:0002655
http://purl.allotrope.org/ontologies/result#AFR_0002656,data processing type,result,AFO_result#AFR:0002656
http://purl.allotrope.org/ontologies/result#AFR_0002657,data format specification type,result,AFO_result#AFR:0002657
http://purl.allotrope.org/ontologies/result#AFR_0002658,processed data aggregate document,result,AFO_result#AFR:0002658
http://purl.allotrope.org/ontologies/result#AFR_0002659,processed data document,result,AFO_result#AFR:0002659
http://purl.allotrope.org/ontologies/result#AFR_0002660,data processing description,result,AFO_result#AFR:0002660
http://purl.allotrope.org/ontologies/result#AFR_0002661,maximum row setting (foam height),result,AFO_result#AFR:0002661
http://purl.allotrope.org/ontologies/result#AFR_0002662,foam detection sensitivity setting,result,AFO_result#AFR:0002662
http://purl.allotrope.org/ontologies/result#AFR_0002663,smoothing window setting,result,AFO_result#AFR:0002663
http://purl.allotrope.org/ontologies/result#AFR_0002664,pixel density,result,AFO_result#AFR:0002664
http://purl.allotrope.org/ontologies/result#AFR_0002665,liquid start row,result,AFO_result#AFR:0002665
http://purl.allotrope.org/ontologies/result#AFR_0002666,liquid end row,result,AFO_result#AFR:0002666
http://purl.allotrope.org/ontologies/result#AFR_0002667,foam detection result,result,AFO_result#AFR:0002667
http://purl.allotrope.org/ontologies/result#AFR_0002668,foam start row,result,AFO_result#AFR:0002668
http://purl.allotrope.org/ontologies/result#AFR_0002669,foam end row,result,AFO_result#AFR:0002669
http://purl.allotrope.org/ontologies/result#AFR_0002670,liquid row count,result,AFO_result#AFR:0002670
http://purl.allotrope.org/ontologies/result#AFR_0002671,foam row count,result,AFO_result#AFR:0002671
http://purl.allotrope.org/ontologies/result#AFR_0002672,total row count (foam height),result,AFO_result#AFR:0002672
http://purl.allotrope.org/ontologies/result#AFR_0002673,liquid height,result,AFO_result#AFR:0002673
http://purl.allotrope.org/ontologies/result#AFR_0002674,total foam height,result,AFO_result#AFR:0002674
http://purl.allotrope.org/ontologies/result#AFR_0002675,total material height,result,AFO_result#AFR:0002675
http://purl.allotrope.org/ontologies/result#AFR_0002676,air gap detection result,result,AFO_result#AFR:0002676
http://purl.allotrope.org/ontologies/result#AFR_0002677,normalized foam row count,result,AFO_result#AFR:0002677
http://purl.allotrope.org/ontologies/result#AFR_0002678,normalized foam height,result,AFO_result#AFR:0002678
http://purl.allotrope.org/ontologies/result#AFR_0002679,above gap foam row count,result,AFO_result#AFR:0002679
http://purl.allotrope.org/ontologies/result#AFR_0002680,below gap foam row count,result,AFO_result#AFR:0002680
http://purl.allotrope.org/ontologies/result#AFR_0002681,liquid homogeneity gradient,result,AFO_result#AFR:0002681
http://purl.allotrope.org/ontologies/result#AFR_0002682,exception description,result,AFO_result#AFR:0002682
http://purl.allotrope.org/ontologies/result#AFR_0002683,bubble aggregate document,result,AFO_result#AFR:0002683
http://purl.allotrope.org/ontologies/result#AFR_0002684,bubble document,result,AFO_result#AFR:0002684
http://purl.allotrope.org/ontologies/result#AFR_0002685,pixel count,result,AFO_result#AFR:0002685
http://purl.allotrope.org/ontologies/result#AFR_0002686,eccentricity,result,AFO_result#AFR:0002686
http://purl.allotrope.org/ontologies/result#AFR_0002687,relative location,result,AFO_result#AFR:0002687
http://purl.allotrope.org/ontologies/result#AFR_0002688,centroid y-coordinate,result,AFO_result#AFR:0002688
http://purl.allotrope.org/ontologies/result#AFR_0002689,centroid x-coordinate,result,AFO_result#AFR:0002689
http://purl.allotrope.org/ontologies/result#AFR_0002690,barcode,result,AFO_result#AFR:0002690
http://purl.allotrope.org/ontologies/result#AFR_0002691,linear velocity,result,AFO_result#AFR:0002691
http://purl.allotrope.org/ontologies/result#AFR_0002692,height,result,AFO_result#AFR:0002692
http://purl.allotrope.org/ontologies/result#AFR_0002693,pixel,result,AFO_result#AFR:0002693
http://purl.allotrope.org/ontologies/result#AFR_0002694,raster image,result,AFO_result#AFR:0002694
http://purl.allotrope.org/ontologies/result#AFR_0002696,foam height,result,AFO_result#AFR:0002696
http://purl.allotrope.org/ontologies/result#AFR_0002697,statistics aggregate document,result,AFO_result#AFR:0002697
http://purl.allotrope.org/ontologies/result#AFR_0002698,statistics document,result,AFO_result#AFR:0002698
http://purl.allotrope.org/ontologies/result#AFR_0002699,statistical feature,result,AFO_result#AFR:0002699
http://purl.allotrope.org/ontologies/result#AFR_0002700,start delay,result,AFO_result#AFR:0002700
http://purl.allotrope.org/ontologies/result#AFR_0002701,end delay,result,AFO_result#AFR:0002701
http://purl.allotrope.org/ontologies/result#AFR_0002705,diagnostic trace aggregate document,result,AFO_result#AFR:0002705
http://purl.allotrope.org/ontologies/result#AFR_0002706,diagnostic trace document,result,AFO_result#AFR:0002706
http://purl.allotrope.org/ontologies/result#AFR_0002707,sample flow rate data cube,result,AFO_result#AFR:0002707
http://purl.allotrope.org/ontologies/result#AFR_0002708,system flow rate data cube,result,AFO_result#AFR:0002708
http://purl.allotrope.org/ontologies/result#AFR_0002709,abrasion source description,result,AFO_result#AFR:0002709
http://purl.allotrope.org/ontologies/result#AFR_0002710,coated material description,result,AFO_result#AFR:0002710
http://purl.allotrope.org/ontologies/result#AFR_0002711,abrading material description,result,AFO_result#AFR:0002711
http://purl.allotrope.org/ontologies/result#AFR_0002712,coating gap height,result,AFO_result#AFR:0002712
http://purl.allotrope.org/ontologies/result#AFR_0002713,abrasion cycle count,result,AFO_result#AFR:0002713
http://purl.allotrope.org/ontologies/result#AFR_0002714,abrasion weight,result,AFO_result#AFR:0002714
http://purl.allotrope.org/ontologies/result#AFR_0002715,specular reflection aggregate document,result,AFO_result#AFR:0002715
http://purl.allotrope.org/ontologies/result#AFR_0002716,specular reflection document,result,AFO_result#AFR:0002716
http://purl.allotrope.org/ontologies/result#AFR_0002717,gloss,result,AFO_result#AFR:0002717
http://purl.allotrope.org/ontologies/result#AFR_0002718,angle,result,AFO_result#AFR:0002718
http://purl.allotrope.org/ontologies/result#AFR_0002719,gloss change aggregate document,result,AFO_result#AFR:0002719
http://purl.allotrope.org/ontologies/result#AFR_0002720,gloss change document,result,AFO_result#AFR:0002720
http://purl.allotrope.org/ontologies/result#AFR_0002721,gloss change,result,AFO_result#AFR:0002721
http://purl.allotrope.org/ontologies/result#AFR_0002722,device control aggregate document,result,AFO_result#AFR:0002722
http://purl.allotrope.org/ontologies/result#AFR_0002723,device control document,result,AFO_result#AFR:0002723
http://purl.allotrope.org/ontologies/result#AFR_0002724,grip pressure setting,result,AFO_result#AFR:0002724
http://purl.allotrope.org/ontologies/result#AFR_0002725,dwell time setting (hot tack),result,AFO_result#AFR:0002725
http://purl.allotrope.org/ontologies/result#AFR_0002726,delay time setting (hot tack),result,AFO_result#AFR:0002726
http://purl.allotrope.org/ontologies/result#AFR_0002727,heat seal length,result,AFO_result#AFR:0002727
http://purl.allotrope.org/ontologies/result#AFR_0002728,break type,result,AFO_result#AFR:0002728
http://purl.allotrope.org/ontologies/result#AFR_0002729,separation aggregate document,result,AFO_result#AFR:0002729
http://purl.allotrope.org/ontologies/result#AFR_0002730,separation document,result,AFO_result#AFR:0002730
http://purl.allotrope.org/ontologies/result#AFR_0002731,pressure setting,result,AFO_result#AFR:0002731
http://purl.allotrope.org/ontologies/result#AFR_0002732,break code,result,AFO_result#AFR:0002732
http://purl.allotrope.org/ontologies/result#AFR_0002740,gradient segment aggregate document,result,AFO_result#AFR:0002740
http://purl.allotrope.org/ontologies/result#AFR_0002741,gradient segment document,result,AFO_result#AFR:0002741
http://purl.allotrope.org/ontologies/result#AFR_0002742,gradient profile setting (chromatography),result,AFO_result#AFR:0002742
http://purl.allotrope.org/ontologies/result#AFR_0002743,log source name,result,AFO_result#AFR:0002743
http://purl.allotrope.org/ontologies/result#AFR_0002744,system setting,result,AFO_result#AFR:0002744
http://purl.allotrope.org/ontologies/result#AFR_0002745,velocity setting,result,AFO_result#AFR:0002745
http://purl.allotrope.org/ontologies/result#AFR_0002746,distance setting,result,AFO_result#AFR:0002746
http://purl.allotrope.org/ontologies/result#AFR_0002747,gripping device setting,result,AFO_result#AFR:0002747
http://purl.allotrope.org/ontologies/result#AFR_0002748,ASM converter name,result,AFO_result#AFR:0002748
http://purl.allotrope.org/ontologies/result#AFR_0002749,ASM converter version,result,AFO_result#AFR:0002749
http://purl.allotrope.org/ontologies/result#AFR_0002750,server identifier,result,AFO_result#AFR:0002750
http://purl.allotrope.org/ontologies/result#AFR_0002751,ASM converter method identifier,result,AFO_result#AFR:0002751
http://purl.allotrope.org/ontologies/result#AFR_0002752,fraction aggregate document,result,AFO_result#AFR:0002752
http://purl.allotrope.org/ontologies/result#AFR_0002753,fraction document,result,AFO_result#AFR:0002753
http://purl.allotrope.org/ontologies/result#AFR_0002755,creation time,result,AFO_result#AFR:0002755
http://purl.allotrope.org/ontologies/result#AFR_0002756,modified time,result,AFO_result#AFR:0002756
http://purl.allotrope.org/ontologies/result#AFR_0002757,last modified time,result,AFO_result#AFR:0002757
http://purl.allotrope.org/ontologies/result#AFR_0002758,dilution factor,result,AFO_result#AFR:0002758
http://purl.allotrope.org/ontologies/result#AFR_0002759,hold-up volume,result,AFO_result#AFR:0002759
http://purl.allotrope.org/ontologies/result#AFR_0002760,relative response,result,AFO_result#AFR:0002760
http://purl.allotrope.org/ontologies/result#AFR_0002761,peak width at inflection,result,AFO_result#AFR:0002761
http://purl.allotrope.org/ontologies/result#AFR_0002762,integration algorithm,result,AFO_result#AFR:0002762
http://purl.allotrope.org/ontologies/result#AFR_0002763,integration algorithm type,result,AFO_result#AFR:0002763
http://purl.allotrope.org/ontologies/result#AFR_0002764,custom information document,result,AFO_result#AFR:0002764
http://purl.allotrope.org/ontologies/result#AFR_0002765,attenuation coefficient,result,AFO_result#AFR:0002765
http://purl.allotrope.org/ontologies/result#AFR_0002766,protein attenuation coefficient,result,AFO_result#AFR:0002766
http://purl.allotrope.org/ontologies/result#AFR_0002767,molar attenuation coefficient,result,AFO_result#AFR:0002767
http://purl.allotrope.org/ontologies/result#AFR_0002768,column void volume time,result,AFO_result#AFR:0002768
http://purl.allotrope.org/ontologies/result#AFR_0002769,electronic signature document,result,AFO_result#AFR:0002769
http://purl.allotrope.org/ontologies/result#AFR_0002770,account identifier,result,AFO_result#AFR:0002770
http://purl.allotrope.org/ontologies/result#AFR_0002771,data system document,result,AFO_result#AFR:0002771
http://purl.allotrope.org/ontologies/result#AFR_0002772,data system instance identifier,result,AFO_result#AFR:0002772
http://purl.allotrope.org/ontologies/result#AFR_0002773,column compartment temperature setting,result,AFO_result#AFR:0002773
http://purl.allotrope.org/ontologies/result#AFR_0002774,corrected peak area,result,AFO_result#AFR:0002774
http://purl.allotrope.org/ontologies/result#AFR_0002775,relative corrected peak area,result,AFO_result#AFR:0002775
http://purl.allotrope.org/ontologies/result#AFR_0002776,asymmetry factor measured at 4.4 % height,result,AFO_result#AFR:0002776
http://purl.allotrope.org/ontologies/result#AFR_0002777,asymmetry factor squared measured at 4.4 % height,result,AFO_result#AFR:0002777
http://purl.allotrope.org/ontologies/result#AFR_0002778,asymmetry factor squared measured at 10 % height,result,AFO_result#AFR:0002778
http://purl.allotrope.org/ontologies/result#AFR_0002779,asymmetry factor measured at baseline,result,AFO_result#AFR:0002779
http://purl.allotrope.org/ontologies/result#AFR_0002780,number of theoretical plates measured at 60.7 % of peak height,result,AFO_result#AFR:0002780
http://purl.allotrope.org/ontologies/result#AFR_0002781,number of theoretical plates measured at 32.4 % of peak height,result,AFO_result#AFR:0002781
http://purl.allotrope.org/ontologies/result#AFR_0002782,number of theoretical plates measured at 13.4 % of peak height,result,AFO_result#AFR:0002782
http://purl.allotrope.org/ontologies/result#AFR_0002783,number of theoretical plates measured at 4.4 % of peak height,result,AFO_result#AFR:0002783
http://purl.allotrope.org/ontologies/result#AFR_0002784,peak width at 4.4 % of height,result,AFO_result#AFR:0002784
http://purl.allotrope.org/ontologies/result#AFR_0002785,peak width at 13.4 % of height,result,AFO_result#AFR:0002785
http://purl.allotrope.org/ontologies/result#AFR_0002786,peak width at 32.4 % of height,result,AFO_result#AFR:0002786
http://purl.allotrope.org/ontologies/result#AFR_0002787,peak width at 60.7 % of height,result,AFO_result#AFR:0002787
http://purl.allotrope.org/ontologies/result#AFR_0002788,peak leading edge time at 5 % of peak height,result,AFO_result#AFR:0002788
http://purl.allotrope.org/ontologies/result#AFR_0002789,expected retention time,result,AFO_result#AFR:0002789
http://purl.allotrope.org/ontologies/result#AFR_0002790,error code,result,AFO_result#AFR:0002790
http://purl.allotrope.org/ontologies/result#AFR_0002791,chromatography peak type,result,AFO_result#AFR:0002791
http://purl.allotrope.org/ontologies/result#AFR_0002792,chromatography separation type,result,AFO_result#AFR:0002792
http://purl.allotrope.org/ontologies/result#AFR_0002793,log entry type,result,AFO_result#AFR:0002793
http://purl.allotrope.org/ontologies/result#AFR_0002794,signature role type,result,AFO_result#AFR:0002794
http://purl.allotrope.org/ontologies/result#AFR_0002795,ASM converter,result,AFO_result#AFR:0002795
http://purl.allotrope.org/ontologies/result#AFR_0002796,ADF converter,result,AFO_result#AFR:0002796
http://purl.allotrope.org/ontologies/result#AFR_0002800,impurity chromatography peak type,result,AFO_result#AFR:0002800
http://purl.allotrope.org/ontologies/result#AFR_0002801,data format conversion software,result,AFO_result#AFR:0002801
http://purl.allotrope.org/ontologies/result#AFR_0002802,software name,result,AFO_result#AFR:0002802
http://purl.allotrope.org/ontologies/result#AFR_0002804,error,result,AFO_result#AFR:0002804
http://purl.allotrope.org/ontologies/result#AFR_0002805,processing enabled setting,result,AFO_result#AFR:0002805
http://purl.allotrope.org/ontologies/result#AFR_0002806,peak symmetry factor measured at 5 % peak height,result,AFO_result#AFR:0002806
http://purl.allotrope.org/ontologies/result#AFR_0002807,number of theoretical plates by peak width at half height (JP14),result,AFO_result#AFR:0002807
http://purl.allotrope.org/ontologies/result#AFR_0002808,column compartment setting (chromatography),result,AFO_result#AFR:0002808
http://purl.allotrope.org/ontologies/result#AFR_0002809,calibration curve identifier,result,AFO_result#AFR:0002809
http://purl.allotrope.org/ontologies/result#AFR_0002810,standard identifier,result,AFO_result#AFR:0002810
http://purl.allotrope.org/ontologies/result#AFR_0002811,minimum peak detection slope setting (chromatography),result,AFO_result#AFR:0002811
http://purl.allotrope.org/ontologies/result#AFR_0002812,chromatography column void volume,result,AFO_result#AFR:0002812
http://purl.allotrope.org/ontologies/result#AFR_0002813,partition coefficient,result,AFO_result#AFR:0002813
http://purl.allotrope.org/ontologies/result#AFR_0002814,normalized plate count,result,AFO_result#AFR:0002814
http://purl.allotrope.org/ontologies/result#AFR_0002815,amount of substance,result,AFO_result#AFR:0002815
http://purl.allotrope.org/ontologies/result#AFR_0002818,seal initiation temperature,result,AFO_result#AFR:0002818
http://purl.allotrope.org/ontologies/result#AFR_0002819,dissolution vessel identifier,result,AFO_result#AFR:0002819
http://purl.allotrope.org/ontologies/result#AFR_0002820,bath identifier,result,AFO_result#AFR:0002820
http://purl.allotrope.org/ontologies/result#AFR_0002821,sampling time,result,AFO_result#AFR:0002821
http://purl.allotrope.org/ontologies/result#AFR_0002822,suitability calculations enabled setting,result,AFO_result#AFR:0002822
http://purl.allotrope.org/ontologies/result#AFR_0002823,unknown suitability calculations enabled setting,result,AFO_result#AFR:0002823
http://purl.allotrope.org/ontologies/result#AFR_0002824,suitability pharmacopoeia setting,result,AFO_result#AFR:0002824
http://purl.allotrope.org/ontologies/result#AFR_0002825,half height multiplier plate count setting (USP),result,AFO_result#AFR:0002825
http://purl.allotrope.org/ontologies/result#AFR_0002826,half height multiplier resolution setting (USP),result,AFO_result#AFR:0002826
http://purl.allotrope.org/ontologies/result#AFR_0002827,signal to noise calculation enabled setting,result,AFO_result#AFR:0002827
http://purl.allotrope.org/ontologies/result#AFR_0002828,blank injection noise calculation setting,result,AFO_result#AFR:0002828
http://purl.allotrope.org/ontologies/result#AFR_0002829,half height multiplier signal to noise setting (USP),result,AFO_result#AFR:0002829
http://purl.allotrope.org/ontologies/result#AFR_0002830,half height multiplier signal to noise setting (EP),result,AFO_result#AFR:0002830
http://purl.allotrope.org/ontologies/result#AFR_0002831,half height multiplier signal to noise setting (JP),result,AFO_result#AFR:0002831
http://purl.allotrope.org/ontologies/result#AFR_0002832,noise type,result,AFO_result#AFR:0002832
http://purl.allotrope.org/ontologies/result#AFR_0002833,baseline noise minimum runtime percentage setting,result,AFO_result#AFR:0002833
http://purl.allotrope.org/ontologies/result#AFR_0002834,maximum allowable noise setting,result,AFO_result#AFR:0002834
http://purl.allotrope.org/ontologies/result#AFR_0002835,maximum allowable baseline drift setting,result,AFO_result#AFR:0002835
http://purl.allotrope.org/ontologies/result#AFR_0002836,baseline noise minimum duration setting,result,AFO_result#AFR:0002836
http://purl.allotrope.org/ontologies/result#AFR_0002837,method version,result,AFO_result#AFR:0002837
http://purl.allotrope.org/ontologies/result#AFR_0002839,dispensing duration,result,AFO_result#AFR:0002839
http://purl.allotrope.org/ontologies/result#AFR_0002840,dispensed volume,result,AFO_result#AFR:0002840
http://purl.allotrope.org/ontologies/result#AFR_0002841,torque,result,AFO_result#AFR:0002841
http://purl.allotrope.org/ontologies/result#AFR_0002842,rotational speed,result,AFO_result#AFR:0002842
http://purl.allotrope.org/ontologies/result#AFR_0002844,location identifier,result,AFO_result#AFR:0002844
http://purl.allotrope.org/ontologies/result#AFR_0002845,plate reader aggregate document,result,AFO_result#AFR:0002845
http://purl.allotrope.org/ontologies/result#AFR_0002846,plate reader document,result,AFO_result#AFR:0002846
http://purl.allotrope.org/ontologies/result#AFR_0002847,foam height aggregate document,result,AFO_result#AFR:0002847
http://purl.allotrope.org/ontologies/result#AFR_0002848,foam height document,result,AFO_result#AFR:0002848
http://purl.allotrope.org/ontologies/result#AFR_0002849,foam qualification aggregate document,result,AFO_result#AFR:0002849
http://purl.allotrope.org/ontologies/result#AFR_0002850,foam qualification document,result,AFO_result#AFR:0002850
http://purl.allotrope.org/ontologies/result#AFR_0002851,gloss aggregate document,result,AFO_result#AFR:0002851
http://purl.allotrope.org/ontologies/result#AFR_0002852,gloss document,result,AFO_result#AFR:0002852
http://purl.allotrope.org/ontologies/result#AFR_0002853,hot tack aggregate document,result,AFO_result#AFR:0002853
http://purl.allotrope.org/ontologies/result#AFR_0002854,hot tack document,result,AFO_result#AFR:0002854
http://purl.allotrope.org/ontologies/result#AFR_0002855,tensile test aggregate document,result,AFO_result#AFR:0002855
http://purl.allotrope.org/ontologies/result#AFR_0002856,tensile test document,result,AFO_result#AFR:0002856
http://purl.allotrope.org/ontologies/result#AFR_0002857,mass spectrum data cube,result,AFO_result#AFR:0002857
http://purl.allotrope.org/ontologies/result#AFR_0002858,custom information aggregate document,result,AFO_result#AFR:0002858
http://purl.allotrope.org/ontologies/result#AFR_0002859,cell counting aggregate document,result,AFO_result#AFR:0002859
http://purl.allotrope.org/ontologies/result#AFR_0002860,cell counting document,result,AFO_result#AFR:0002860
http://purl.allotrope.org/ontologies/result#AFR_0002861,illumination setting,result,AFO_result#AFR:0002861
http://purl.allotrope.org/ontologies/result#AFR_0002862,exposure duration setting,result,AFO_result#AFR:0002862
http://purl.allotrope.org/ontologies/result#AFR_0002863,minimum cell diameter setting,result,AFO_result#AFR:0002863
http://purl.allotrope.org/ontologies/result#AFR_0002864,maximum cell diameter setting,result,AFO_result#AFR:0002864
http://purl.allotrope.org/ontologies/result#AFR_0002865,dead cell density (cell counter),result,AFO_result#AFR:0002865
http://purl.allotrope.org/ontologies/result#AFR_0002866,average dead cell diameter (cell counter),result,AFO_result#AFR:0002866
http://purl.allotrope.org/ontologies/result#AFR_0002867,average total cell circularity,result,AFO_result#AFR:0002867
http://purl.allotrope.org/ontologies/result#AFR_0002868,average viable cell circularity,result,AFO_result#AFR:0002868
http://purl.allotrope.org/ontologies/result#AFR_0002869,image aggregate document,result,AFO_result#AFR:0002869
http://purl.allotrope.org/ontologies/result#AFR_0002870,fluorescent tag setting,result,AFO_result#AFR:0002870
http://purl.allotrope.org/ontologies/result#AFR_0002871,fluorescent tag positive cell count,result,AFO_result#AFR:0002871
http://purl.allotrope.org/ontologies/result#AFR_0002872,fluorescent tag positive cell density,result,AFO_result#AFR:0002872
http://purl.allotrope.org/ontologies/result#AFR_0002873,fluorescent tag positive percentage,result,AFO_result#AFR:0002873
http://purl.allotrope.org/ontologies/result#AFR_0002874,circularity,result,AFO_result#AFR:0002874
http://purl.allotrope.org/ontologies/result#AFR_0002875,fluorescent tag identifier,result,AFO_result#AFR:0002875
http://purl.allotrope.org/ontologies/result#AFR_0002876,analyte identifier,result,AFO_result#AFR:0002876
http://purl.allotrope.org/ontologies/result#AFR_0002877,mass chromatogram data cube,result,AFO_result#AFR:0002877
http://purl.allotrope.org/ontologies/result#AFR_0002878,three-dimensional mass spectrum data cube,result,AFO_result#AFR:0002878
http://purl.allotrope.org/ontologies/result#AFR_0002879,peak assignment identifier,result,AFO_result#AFR:0002879
http://purl.allotrope.org/ontologies/result#AFR_0002880,peak group identifier,result,AFO_result#AFR:0002880
http://purl.allotrope.org/ontologies/result#AFR_0002881,peak slope at start,result,AFO_result#AFR:0002881
http://purl.allotrope.org/ontologies/result#AFR_0002882,chromatographic peak resolution using Foley-Dorsey method,result,AFO_result#AFR:0002882
http://purl.allotrope.org/ontologies/result#AFR_0002883,chromatographic peak resolution using peak widths at 4.4 % height,result,AFO_result#AFR:0002883
http://purl.allotrope.org/ontologies/result#AFR_0002884,zeroth order raw moment,result,AFO_result#AFR:0002884
http://purl.allotrope.org/ontologies/result#AFR_0002885,kurtosis,result,AFO_result#AFR:0002885
http://purl.allotrope.org/ontologies/result#AFR_0002886,mass spectrum identifier,result,AFO_result#AFR:0002886
http://purl.allotrope.org/ontologies/result#AFR_0002887,ultraviolet-visible spectrum identifier,result,AFO_result#AFR:0002887
http://purl.allotrope.org/ontologies/result#AFR_0002888,well plate identifier,result,AFO_result#AFR:0002888
http://purl.allotrope.org/ontologies/result#AFR_0002889,calculated data aggregate document,result,AFO_result#AFR:0002889
http://purl.allotrope.org/ontologies/result#AFR_0002890,calculated data document,result,AFO_result#AFR:0002890
http://purl.allotrope.org/ontologies/result#AFR_0002891,calculated data name,result,AFO_result#AFR:0002891
http://purl.allotrope.org/ontologies/result#AFR_0002892,calculated result,result,AFO_result#AFR:0002892
http://purl.allotrope.org/ontologies/result#AFR_0002893,calculated data identifier,result,AFO_result#AFR:0002893
http://purl.allotrope.org/ontologies/result#AFR_0002894,data source aggregate document,result,AFO_result#AFR:0002894
http://purl.allotrope.org/ontologies/result#AFR_0002895,data source document,result,AFO_result#AFR:0002895
http://purl.allotrope.org/ontologies/result#AFR_0002896,data source identifier,result,AFO_result#AFR:0002896
http://purl.allotrope.org/ontologies/result#AFR_0002897,processed data identifier,result,AFO_result#AFR:0002897
http://purl.allotrope.org/ontologies/result#AFR_0002898,data source feature,result,AFO_result#AFR:0002898
http://purl.allotrope.org/ontologies/result#AFR_0002899,qPCR aggregate document,result,AFO_result#AFR:0002899
http://purl.allotrope.org/ontologies/result#AFR_0002900,qPCR document,result,AFO_result#AFR:0002900
http://purl.allotrope.org/ontologies/result#AFR_0002901,total cycle number setting,result,AFO_result#AFR:0002901
http://purl.allotrope.org/ontologies/result#AFR_0002902,denaturing temperature setting,result,AFO_result#AFR:0002902
http://purl.allotrope.org/ontologies/result#AFR_0002903,denaturing duration setting,result,AFO_result#AFR:0002903
http://purl.allotrope.org/ontologies/result#AFR_0002904,annealing temperature setting,result,AFO_result#AFR:0002904
http://purl.allotrope.org/ontologies/result#AFR_0002905,annealing duration setting,result,AFO_result#AFR:0002905
http://purl.allotrope.org/ontologies/result#AFR_0002906,primer extension temperature setting,result,AFO_result#AFR:0002906
http://purl.allotrope.org/ontologies/result#AFR_0002907,primer extension duration setting,result,AFO_result#AFR:0002907
http://purl.allotrope.org/ontologies/result#AFR_0002908,genotyping qPCR method identifier,result,AFO_result#AFR:0002908
http://purl.allotrope.org/ontologies/result#AFR_0002909,genotyping qPCR method setting,result,AFO_result#AFR:0002909
http://purl.allotrope.org/ontologies/result#AFR_0002910,genotyping qPCR result,result,AFO_result#AFR:0002910
http://purl.allotrope.org/ontologies/result#AFR_0002911,reporter data cube,result,AFO_result#AFR:0002911
http://purl.allotrope.org/ontologies/result#AFR_0002912,passive reference dye data cube,result,AFO_result#AFR:0002912
http://purl.allotrope.org/ontologies/result#AFR_0002913,melting curve data cube,result,AFO_result#AFR:0002913
http://purl.allotrope.org/ontologies/result#AFR_0002914,reference DNA description,result,AFO_result#AFR:0002914
http://purl.allotrope.org/ontologies/result#AFR_0002915,reference sample description,result,AFO_result#AFR:0002915
http://purl.allotrope.org/ontologies/result#AFR_0002916,first order raw moment,result,AFO_result#AFR:0002916
http://purl.allotrope.org/ontologies/result#AFR_0002917,ASM conversion document,result,AFO_result#AFR:0002917
http://purl.allotrope.org/ontologies/result#AFR_0002918,group identifier,result,AFO_result#AFR:0002918
http://purl.allotrope.org/ontologies/result#AFR_0002919,solution analyzer aggregate document,result,AFO_result#AFR:0002919
http://purl.allotrope.org/ontologies/result#AFR_0002920,solution analyzer document,result,AFO_result#AFR:0002920
http://purl.allotrope.org/ontologies/result#AFR_0002921,carbon dioxide saturation,result,AFO_result#AFR:0002921
http://purl.allotrope.org/ontologies/result#AFR_0002922,oxygen saturation,result,AFO_result#AFR:0002922
http://purl.allotrope.org/ontologies/result#AFR_0002923,pCO2,result,AFO_result#AFR:0002923
http://purl.allotrope.org/ontologies/result#AFR_0002924,pO2,result,AFO_result#AFR:0002924
http://purl.allotrope.org/ontologies/result#AFR_0002925,PCR aggregate document,result,AFO_result#AFR:0002925
http://purl.allotrope.org/ontologies/result#AFR_0002926,PCR document,result,AFO_result#AFR:0002926
http://purl.allotrope.org/ontologies/result#AFR_0002927,total partition count,result,AFO_result#AFR:0002927
http://purl.allotrope.org/ontologies/result#AFR_0002928,fluorescence intensity threshold setting,result,AFO_result#AFR:0002928
http://purl.allotrope.org/ontologies/result#AFR_0002929,positive partition count,result,AFO_result#AFR:0002929
http://purl.allotrope.org/ontologies/result#AFR_0002930,negative partition count,result,AFO_result#AFR:0002930
http://purl.allotrope.org/ontologies/result#AFR_0002931,reference DNA copy number,result,AFO_result#AFR:0002931
http://purl.allotrope.org/ontologies/result#AFR_0002932,image count setting,result,AFO_result#AFR:0002932
http://purl.allotrope.org/ontologies/result#AFR_0002933,sampling depth setting,result,AFO_result#AFR:0002933
http://purl.allotrope.org/ontologies/result#AFR_0002934,probe volume,result,AFO_result#AFR:0002934
http://purl.allotrope.org/ontologies/result#AFR_0002935,number concentration,result,AFO_result#AFR:0002935
http://purl.allotrope.org/ontologies/result#AFR_0002937,spectrophotometry aggregate document,result,AFO_result#AFR:0002937
http://purl.allotrope.org/ontologies/result#AFR_0002938,spectrophotometry document,result,AFO_result#AFR:0002938
http://purl.allotrope.org/ontologies/result#AFR_0002939,cell path length setting,result,AFO_result#AFR:0002939
http://purl.allotrope.org/ontologies/result#AFR_0002940,attenuation coefficient setting,result,AFO_result#AFR:0002940
http://purl.allotrope.org/ontologies/result#AFR_0002941,multi analyte profiling aggregate document,result,AFO_result#AFR:0002941
http://purl.allotrope.org/ontologies/result#AFR_0002942,multi analyte profiling document,result,AFO_result#AFR:0002942
http://purl.allotrope.org/ontologies/result#AFR_0002943,minimum assay bead count threshold setting,result,AFO_result#AFR:0002943
http://purl.allotrope.org/ontologies/result#AFR_0002944,assay bead count,result,AFO_result#AFR:0002944
http://purl.allotrope.org/ontologies/result#AFR_0002945,assay bead identifier,result,AFO_result#AFR:0002945
http://purl.allotrope.org/ontologies/result#AFR_0002946,stress aggregate document,result,AFO_result#AFR:0002946
http://purl.allotrope.org/ontologies/result#AFR_0002947,stress document,result,AFO_result#AFR:0002947
http://purl.allotrope.org/ontologies/result#AFR_0002948,mass attenuation coefficient setting,result,AFO_result#AFR:0002948
http://purl.allotrope.org/ontologies/result#AFR_0002949,molar attenuation coefficient setting,result,AFO_result#AFR:0002949
http://purl.allotrope.org/ontologies/result#AFR_0002950,mass attenuation coefficient,result,AFO_result#AFR:0002950
http://purl.allotrope.org/ontologies/result#AFR_0002951,error aggregate document,result,AFO_result#AFR:0002951
http://purl.allotrope.org/ontologies/result#AFR_0002952,error document,result,AFO_result#AFR:0002952
http://purl.allotrope.org/ontologies/result#AFR_0002953,error feature,result,AFO_result#AFR:0002953
http://purl.allotrope.org/ontologies/result#AFR_0002954,temperature monitoring aggregate document,result,AFO_result#AFR:0002954
http://purl.allotrope.org/ontologies/result#AFR_0002955,temperature monitoring document,result,AFO_result#AFR:0002955
http://purl.allotrope.org/ontologies/result#AFR_0002956,stirring aggregate document,result,AFO_result#AFR:0002956
http://purl.allotrope.org/ontologies/result#AFR_0002957,stirring document,result,AFO_result#AFR:0002957
http://purl.allotrope.org/ontologies/result#AFR_0002958,pressure monitoring aggregate document,result,AFO_result#AFR:0002958
http://purl.allotrope.org/ontologies/result#AFR_0002959,pressure monitoring document,result,AFO_result#AFR:0002959
http://purl.allotrope.org/ontologies/result#AFR_0002960,pH monitoring aggregate document,result,AFO_result#AFR:0002960
http://purl.allotrope.org/ontologies/result#AFR_0002961,pH monitoring document,result,AFO_result#AFR:0002961
http://purl.allotrope.org/ontologies/result#AFR_0002962,absorption profile,result,AFO_result#AFR:0002962
http://purl.allotrope.org/ontologies/result#AFR_0002963,absorption profile data cube,result,AFO_result#AFR:0002963
http://purl.allotrope.org/ontologies/result#AFR_0002964,fluorescence emission profile,result,AFO_result#AFR:0002964
http://purl.allotrope.org/ontologies/result#AFR_0002965,fluorescence emission profile data cube,result,AFO_result#AFR:0002965
http://purl.allotrope.org/ontologies/result#AFR_0002966,solution-state nuclear magnetic resonance spectroscopy aggregate document,result,AFO_result#AFR:0002966
http://purl.allotrope.org/ontologies/result#AFR_0002967,solution-state nuclear magnetic resonance spectroscopy document,result,AFO_result#AFR:0002967
http://purl.allotrope.org/ontologies/result#AFR_0002968,ASM file,result,AFO_result#AFR:0002968
http://purl.allotrope.org/ontologies/result#AFR_0002969,ASM file identifier,result,AFO_result#AFR:0002969
http://purl.allotrope.org/ontologies/result#AFR_0002970,nuclear magnetic resonance frequency,result,AFO_result#AFR:0002970
http://purl.allotrope.org/ontologies/result#AFR_0002971,nuclear magnetic resonance solvent type,result,AFO_result#AFR:0002971
http://purl.allotrope.org/ontologies/result#AFR_0002972,nuclear magnetic resonance setting,result,AFO_result#AFR:0002972
http://purl.allotrope.org/ontologies/result#AFR_0002973,spectral width setting,result,AFO_result#AFR:0002973
http://purl.allotrope.org/ontologies/result#AFR_0002974,pulse sequence setting,result,AFO_result#AFR:0002974
http://purl.allotrope.org/ontologies/result#AFR_0002975,pulse duration setting,result,AFO_result#AFR:0002975
http://purl.allotrope.org/ontologies/result#AFR_0002976,relaxation delay setting,result,AFO_result#AFR:0002976
http://purl.allotrope.org/ontologies/result#AFR_0002977,presaturation frequency setting,result,AFO_result#AFR:0002977
http://purl.allotrope.org/ontologies/result#AFR_0002978,free induction decay spectrum data cube,result,AFO_result#AFR:0002978
http://purl.allotrope.org/ontologies/result#AFR_0002979,free induction decay spectrum,result,AFO_result#AFR:0002979
http://purl.allotrope.org/ontologies/result#AFR_0002980,zero-order phase adjustment setting,result,AFO_result#AFR:0002980
http://purl.allotrope.org/ontologies/result#AFR_0002981,first-order phase adjustment setting,result,AFO_result#AFR:0002981
http://purl.allotrope.org/ontologies/result#AFR_0002982,NMR multiplet aggregate document,result,AFO_result#AFR:0002982
http://purl.allotrope.org/ontologies/result#AFR_0002983,NMR multiplet document,result,AFO_result#AFR:0002983
http://purl.allotrope.org/ontologies/result#AFR_0002984,NMR multiplet type,result,AFO_result#AFR:0002984
http://purl.allotrope.org/ontologies/result#AFR_0002985,J-coupling aggregate document,result,AFO_result#AFR:0002985
http://purl.allotrope.org/ontologies/result#AFR_0002986,J-coupling document,result,AFO_result#AFR:0002986
http://purl.allotrope.org/ontologies/result#AFR_0002987,inversion enabled setting,result,AFO_result#AFR:0002987
http://purl.allotrope.org/ontologies/result#AFR_0002988,data shuffling algorithm setting,result,AFO_result#AFR:0002988
http://purl.allotrope.org/ontologies/result#AFR_0002989,quadrature setting,result,AFO_result#AFR:0002989
http://purl.allotrope.org/ontologies/result#AFR_0002990,real Fourier transform enabled setting,result,AFO_result#AFR:0002990
http://purl.allotrope.org/ontologies/result#AFR_0002991,swap IR II enabled setting,result,AFO_result#AFR:0002991
http://purl.allotrope.org/ontologies/result#AFR_0002992,change II sign enabled setting,result,AFO_result#AFR:0002992
http://purl.allotrope.org/ontologies/result#AFR_0002993,nuclear magnetic resonance tube document,result,AFO_result#AFR:0002993
http://purl.allotrope.org/ontologies/result#AFR_0002994,relative abundance,result,AFO_result#AFR:0002994
http://purl.allotrope.org/ontologies/result#AFR_0002995,expected peak position,result,AFO_result#AFR:0002995
http://purl.allotrope.org/ontologies/result#AFR_0002997,frequency setting,result,AFO_result#AFR:0002997
http://purl.allotrope.org/ontologies/result#AFR_0002998,maximum frequency setting,result,AFO_result#AFR:0002998
http://purl.allotrope.org/ontologies/result#AFR_0002999,minimum frequency setting,result,AFO_result#AFR:0002999
http://purl.allotrope.org/ontologies/result#AFR_0003000,multi-dimensional free induction decay spectrum data cube,result,AFO_result#AFR:0003000
http://purl.allotrope.org/ontologies/result#AFR_0003001,multi-dimensional nuclear magnetic resonance spectrum data cube,result,AFO_result#AFR:0003001
http://purl.allotrope.org/ontologies/result#AFR_0003002,dimension type,result,AFO_result#AFR:0003002
http://purl.allotrope.org/ontologies/result#AFR_0003003,dimension identifier,result,AFO_result#AFR:0003003
http://purl.allotrope.org/ontologies/result#AFR_0003004,J-coupling constant,result,AFO_result#AFR:0003004
http://purl.allotrope.org/ontologies/result#AFR_0003005,data region identifier,result,AFO_result#AFR:0003005
http://purl.allotrope.org/ontologies/result#AFR_0003006,data region name,result,AFO_result#AFR:0003006
http://purl.allotrope.org/ontologies/result#AFR_0003007,data region start,result,AFO_result#AFR:0003007
http://purl.allotrope.org/ontologies/result#AFR_0003008,data region end,result,AFO_result#AFR:0003008
http://purl.allotrope.org/ontologies/result#AFR_0003009,data region area,result,AFO_result#AFR:0003009
http://purl.allotrope.org/ontologies/result#AFR_0003010,relative data region area,result,AFO_result#AFR:0003010
http://purl.allotrope.org/ontologies/result#AFR_0003011,baseline value at start of data region,result,AFO_result#AFR:0003011
http://purl.allotrope.org/ontologies/result#AFR_0003012,baseline value at end of data region,result,AFO_result#AFR:0003012
http://purl.allotrope.org/ontologies/result#AFR_0003013,data region value at start,result,AFO_result#AFR:0003013
http://purl.allotrope.org/ontologies/result#AFR_0003014,data region value at end,result,AFO_result#AFR:0003014
http://purl.allotrope.org/ontologies/result#AFR_0003016,electrophoresis aggregate document,result,AFO_result#AFR:0003016
http://purl.allotrope.org/ontologies/result#AFR_0003017,electrophoresis document,result,AFO_result#AFR:0003017
http://purl.allotrope.org/ontologies/result#AFR_0003018,electropherogram data cube,result,AFO_result#AFR:0003018
http://purl.allotrope.org/ontologies/result#AFR_0003019,derived electropherogram,result,AFO_result#AFR:0003019
http://purl.allotrope.org/ontologies/result#AFR_0003020,derived electropherogram data cube,result,AFO_result#AFR:0003020
http://purl.allotrope.org/ontologies/result#AFR_0003021,polymer length,result,AFO_result#AFR:0003021
http://purl.allotrope.org/ontologies/result#AFR_0003022,data region facet,result,AFO_result#AFR:0003022
http://purl.allotrope.org/ontologies/result#AFR_0003023,data region,result,AFO_result#AFR:0003023
http://purl.allotrope.org/ontologies/result#AFR_0003024,data region point,result,AFO_result#AFR:0003024
http://purl.allotrope.org/ontologies/result#AFR_0003025,data region start point,result,AFO_result#AFR:0003025
http://purl.allotrope.org/ontologies/result#AFR_0003026,data region end point,result,AFO_result#AFR:0003026
http://purl.allotrope.org/ontologies/result#AFR_0003027,osmolality aggregate document,result,AFO_result#AFR:0003027
http://purl.allotrope.org/ontologies/result#AFR_0003028,osmolality document,result,AFO_result#AFR:0003028
http://purl.allotrope.org/ontologies/result#AFR_0003029,weighing aggregate document,result,AFO_result#AFR:0003029
http://purl.allotrope.org/ontologies/result#AFR_0003030,weighing document,result,AFO_result#AFR:0003030
http://purl.allotrope.org/ontologies/result#AFR_0003033,electronic signature aggregate document,result,AFO_result#AFR:0003033
http://purl.allotrope.org/ontologies/result#AFR_0003034,chromatography column separation mode,result,AFO_result#AFR:0003034
http://purl.allotrope.org/ontologies/result#AFR_0003035,stationary phase document,result,AFO_result#AFR:0003035
http://purl.allotrope.org/ontologies/result#AFR_0003036,substrate document,result,AFO_result#AFR:0003036
http://purl.allotrope.org/ontologies/result#AFR_0003037,substrate permeability type,result,AFO_result#AFR:0003037
http://purl.allotrope.org/ontologies/result#AFR_0003038,substrate material description,result,AFO_result#AFR:0003038
http://purl.allotrope.org/ontologies/result#AFR_0003039,phase chemistry type,result,AFO_result#AFR:0003039
http://purl.allotrope.org/ontologies/result#AFR_0003040,acidity (hydrophobic subtraction),result,AFO_result#AFR:0003040
http://purl.allotrope.org/ontologies/result#AFR_0003041,basicity (hydrophobic subtraction),result,AFO_result#AFR:0003041
http://purl.allotrope.org/ontologies/result#AFR_0003042,hydrophobicity (hydrophobic subtraction),result,AFO_result#AFR:0003042
http://purl.allotrope.org/ontologies/result#AFR_0003043,steric resistance (hydrophobic subtraction),result,AFO_result#AFR:0003043
http://purl.allotrope.org/ontologies/result#AFR_0003044,polarizability (hydrophobic subtraction),result,AFO_result#AFR:0003044
http://purl.allotrope.org/ontologies/result#AFR_0003045,automated reactor aggregate document,result,AFO_result#AFR:0003045
http://purl.allotrope.org/ontologies/result#AFR_0003046,automated reactor document,result,AFO_result#AFR:0003046
http://purl.allotrope.org/ontologies/result#AFR_0003048,capability aggregate document,result,AFO_result#AFR:0003048
http://purl.allotrope.org/ontologies/result#AFR_0003049,capability document,result,AFO_result#AFR:0003049
http://purl.allotrope.org/ontologies/result#AFR_0003050,capability feature,result,AFO_result#AFR:0003050
http://purl.allotrope.org/ontologies/result#AFR_0003051,number of scans setting,result,AFO_result#AFR:0003051
http://purl.allotrope.org/ontologies/result#AFR_0003052,multi-dimensional nuclear magnetic resonance spectrum,result,AFO_result#AFR:0003052
http://purl.allotrope.org/ontologies/result#AFR_0003053,multi-dimensional free induction decay spectrum,result,AFO_result#AFR:0003053
http://purl.allotrope.org/ontologies/result#AFR_0003054,analysis sequence document,result,AFO_result#AFR:0003054
http://purl.allotrope.org/ontologies/result#AFR_0003055,data region aggregate document,result,AFO_result#AFR:0003055
http://purl.allotrope.org/ontologies/result#AFR_0003056,data region document,result,AFO_result#AFR:0003056
http://purl.allotrope.org/ontologies/result#AFR_0003057,distribution aggregate document,result,AFO_result#AFR:0003057
http://purl.allotrope.org/ontologies/result#AFR_0003058,distribution identifier,result,AFO_result#AFR:0003058
http://purl.allotrope.org/ontologies/result#AFR_0003059,rheometry aggregate document,result,AFO_result#AFR:0003059
http://purl.allotrope.org/ontologies/result#AFR_0003060,rheometry document,result,AFO_result#AFR:0003060
http://purl.allotrope.org/ontologies/result#AFR_0003061,measurement chamber document,result,AFO_result#AFR:0003061
http://purl.allotrope.org/ontologies/result#AFR_0003062,measurement chamber type,result,AFO_result#AFR:0003062
http://purl.allotrope.org/ontologies/result#AFR_0003063,gap length,result,AFO_result#AFR:0003063
http://purl.allotrope.org/ontologies/result#AFR_0003064,radius,result,AFO_result#AFR:0003064
http://purl.allotrope.org/ontologies/result#AFR_0003065,cup radius,result,AFO_result#AFR:0003065
http://purl.allotrope.org/ontologies/result#AFR_0003066,bob radius,result,AFO_result#AFR:0003066
http://purl.allotrope.org/ontologies/result#AFR_0003067,truncation,result,AFO_result#AFR:0003067
http://purl.allotrope.org/ontologies/result#AFR_0003068,rheometry data cube,result,AFO_result#AFR:0003068
http://purl.allotrope.org/ontologies/result#AFR_0003069,rheometry curve,result,AFO_result#AFR:0003069
http://purl.allotrope.org/ontologies/result#AFR_0003070,peak type,result,AFO_result#AFR:0003070
http://purl.allotrope.org/ontologies/result#AFR_0003071,electronic spectrometry aggregate document,result,AFO_result#AFR:0003071
http://purl.allotrope.org/ontologies/result#AFR_0003072,electronic spectrometry document,result,AFO_result#AFR:0003072
http://purl.allotrope.org/ontologies/result#AFR_0003073,illumination mode setting,result,AFO_result#AFR:0003073
http://purl.allotrope.org/ontologies/result#AFR_0003074,auto focus enabled setting,result,AFO_result#AFR:0003074
http://purl.allotrope.org/ontologies/result#AFR_0003075,binding affinity assay aggregate document,result,AFO_result#AFR:0003075
http://purl.allotrope.org/ontologies/result#AFR_0003076,binding affinity assay document,result,AFO_result#AFR:0003076
http://purl.allotrope.org/ontologies/result#AFR_0003077,receptor name,result,AFO_result#AFR:0003077
http://purl.allotrope.org/ontologies/result#AFR_0003078,flow cell identifier,result,AFO_result#AFR:0003078
http://purl.allotrope.org/ontologies/result#AFR_0003079,contact duration setting,result,AFO_result#AFR:0003079
http://purl.allotrope.org/ontologies/result#AFR_0003080,flow path setting,result,AFO_result#AFR:0003080
http://purl.allotrope.org/ontologies/result#AFR_0003081,association rate constant,result,AFO_result#AFR:0003081
http://purl.allotrope.org/ontologies/result#AFR_0003082,dissociation rate constant,result,AFO_result#AFR:0003082
http://purl.allotrope.org/ontologies/result#AFR_0003083,equilibrium dissociation constant,result,AFO_result#AFR:0003083
http://purl.allotrope.org/ontologies/result#AFR_0003084,maximum binding capacity,result,AFO_result#AFR:0003084
http://purl.allotrope.org/ontologies/result#AFR_0003085,sensor chip document,result,AFO_result#AFR:0003085
http://purl.allotrope.org/ontologies/result#AFR_0003086,sensor chip identifier,result,AFO_result#AFR:0003086
http://purl.allotrope.org/ontologies/result#AFR_0003087,electronic lab notebook entry aggregate document,result,AFO_result#AFR:0003087
http://purl.allotrope.org/ontologies/result#AFR_0003088,electronic lab notebook entry document,result,AFO_result#AFR:0003088
http://purl.allotrope.org/ontologies/result#AFR_0003089,electronic lab notebook entry identifier,result,AFO_result#AFR:0003089
http://purl.allotrope.org/ontologies/result#AFR_0003090,electronic lab notebook entry name,result,AFO_result#AFR:0003090
http://purl.allotrope.org/ontologies/result#AFR_0003091,electronic lab notebook entry type,result,AFO_result#AFR:0003091
http://purl.allotrope.org/ontologies/result#AFR_0003092,electronic lab notebook entry state type,result,AFO_result#AFR:0003092
http://purl.allotrope.org/ontologies/result#AFR_0003093,parent identifier,result,AFO_result#AFR:0003093
http://purl.allotrope.org/ontologies/result#AFR_0003094,parent name,result,AFO_result#AFR:0003094
http://purl.allotrope.org/ontologies/result#AFR_0003095,owner,result,AFO_result#AFR:0003095
http://purl.allotrope.org/ontologies/result#AFR_0003096,author,result,AFO_result#AFR:0003096
http://purl.allotrope.org/ontologies/result#AFR_0003097,editor,result,AFO_result#AFR:0003097
http://purl.allotrope.org/ontologies/result#AFR_0003098,molecular structure aggregate document,result,AFO_result#AFR:0003098
http://purl.allotrope.org/ontologies/result#AFR_0003099,molecular structure document,result,AFO_result#AFR:0003099
http://purl.allotrope.org/ontologies/result#AFR_0003100,molecular structure entry identifier,result,AFO_result#AFR:0003100
http://purl.allotrope.org/ontologies/result#AFR_0003101,section aggregate document,result,AFO_result#AFR:0003101
http://purl.allotrope.org/ontologies/result#AFR_0003102,section document,result,AFO_result#AFR:0003102
http://purl.allotrope.org/ontologies/result#AFR_0003103,section identifier,result,AFO_result#AFR:0003103
http://purl.allotrope.org/ontologies/result#AFR_0003104,section name,result,AFO_result#AFR:0003104
http://purl.allotrope.org/ontologies/result#AFR_0003105,field aggregate document,result,AFO_result#AFR:0003105
http://purl.allotrope.org/ontologies/result#AFR_0003106,field document,result,AFO_result#AFR:0003106
http://purl.allotrope.org/ontologies/result#AFR_0003107,field identifier,result,AFO_result#AFR:0003107
http://purl.allotrope.org/ontologies/result#AFR_0003108,field name,result,AFO_result#AFR:0003108
http://purl.allotrope.org/ontologies/result#AFR_0003109,field type,result,AFO_result#AFR:0003109
http://purl.allotrope.org/ontologies/result#AFR_0003110,table aggregate document,result,AFO_result#AFR:0003110
http://purl.allotrope.org/ontologies/result#AFR_0003111,table document,result,AFO_result#AFR:0003111
http://purl.allotrope.org/ontologies/result#AFR_0003112,table identifier,result,AFO_result#AFR:0003112
http://purl.allotrope.org/ontologies/result#AFR_0003113,table name,result,AFO_result#AFR:0003113
http://purl.allotrope.org/ontologies/result#AFR_0003114,table cell aggregate document,result,AFO_result#AFR:0003114
http://purl.allotrope.org/ontologies/result#AFR_0003115,table cell document,result,AFO_result#AFR:0003115
http://purl.allotrope.org/ontologies/result#AFR_0003116,table cell identifier,result,AFO_result#AFR:0003116
http://purl.allotrope.org/ontologies/result#AFR_0003117,table cell name,result,AFO_result#AFR:0003117
http://purl.allotrope.org/ontologies/result#AFR_0003118,property aggregate document,result,AFO_result#AFR:0003118
http://purl.allotrope.org/ontologies/result#AFR_0003119,property document,result,AFO_result#AFR:0003119
http://purl.allotrope.org/ontologies/result#AFR_0003120,property name,result,AFO_result#AFR:0003120
http://purl.allotrope.org/ontologies/result#AFR_0003121,property type,result,AFO_result#AFR:0003121
http://purl.allotrope.org/ontologies/result#AFR_0003122,unit symbol,result,AFO_result#AFR:0003122
http://purl.allotrope.org/ontologies/result#AFR_0003123,row index,result,AFO_result#AFR:0003123
http://purl.allotrope.org/ontologies/result#AFR_0003124,column index,result,AFO_result#AFR:0003124
http://purl.allotrope.org/ontologies/result#AFR_0003125,hidden flag,result,AFO_result#AFR:0003125
http://purl.allotrope.org/ontologies/result#AFR_0003126,media type,result,AFO_result#AFR:0003126
http://purl.allotrope.org/ontologies/result#AFR_0003130,file aggregate document,result,AFO_result#AFR:0003130
http://purl.allotrope.org/ontologies/result#AFR_0003131,file document,result,AFO_result#AFR:0003131
http://purl.allotrope.org/ontologies/result#AFR_0003132,audit trail aggregate document,result,AFO_result#AFR:0003132
http://purl.allotrope.org/ontologies/result#AFR_0003133,audit trail document,result,AFO_result#AFR:0003133
http://purl.allotrope.org/ontologies/result#AFR_0003134,data modification type,result,AFO_result#AFR:0003134
http://purl.allotrope.org/ontologies/result#AFR_0003135,comment author,result,AFO_result#AFR:0003135
http://purl.allotrope.org/ontologies/result#AFR_0003136,comment time,result,AFO_result#AFR:0003136
http://purl.allotrope.org/ontologies/result#AFR_0003137,section (ELN),result,AFO_result#AFR:0003137
http://purl.allotrope.org/ontologies/result#AFR_0003138,field (ELN),result,AFO_result#AFR:0003138
http://purl.allotrope.org/ontologies/result#AFR_0003139,property (ELN),result,AFO_result#AFR:0003139
http://purl.allotrope.org/ontologies/result#AFR_0003140,table cell,result,AFO_result#AFR:0003140
http://purl.allotrope.org/ontologies/result#AFR_0003141,electronic lab notebook entry,result,AFO_result#AFR:0003141
http://purl.allotrope.org/ontologies/result#AFR_0003142,action type,result,AFO_result#AFR:0003142
http://purl.allotrope.org/ontologies/result#AFR_0003143,action time,result,AFO_result#AFR:0003143
http://purl.allotrope.org/ontologies/result#AFR_0003144,agent,result,AFO_result#AFR:0003144
http://purl.allotrope.org/ontologies/result#AFR_0003145,datum aggregate document,result,AFO_result#AFR:0003145
http://purl.allotrope.org/ontologies/result#AFR_0003146,datum document,result,AFO_result#AFR:0003146
http://purl.allotrope.org/ontologies/result#AFR_0003147,string format type,result,AFO_result#AFR:0003147
http://purl.allotrope.org/ontologies/result#AFR_0003148,resonance,result,AFO_result#AFR:0003148
http://purl.allotrope.org/ontologies/result#AFR_0003151,flow cytometry aggregate document,result,AFO_result#AFR:0003151
http://purl.allotrope.org/ontologies/result#AFR_0003152,flow cytometry document,result,AFO_result#AFR:0003152
http://purl.allotrope.org/ontologies/result#AFR_0003153,compensation matrix aggregate document,result,AFO_result#AFR:0003153
http://purl.allotrope.org/ontologies/result#AFR_0003154,compensation matrix document,result,AFO_result#AFR:0003154
http://purl.allotrope.org/ontologies/result#AFR_0003155,matrix aggregate document,result,AFO_result#AFR:0003155
http://purl.allotrope.org/ontologies/result#AFR_0003156,matrix document,result,AFO_result#AFR:0003156
http://purl.allotrope.org/ontologies/result#AFR_0003157,compensation value,result,AFO_result#AFR:0003157
http://purl.allotrope.org/ontologies/result#AFR_0003158,data region type,result,AFO_result#AFR:0003158
http://purl.allotrope.org/ontologies/result#AFR_0003160,x-coordinate dimension identifier,result,AFO_result#AFR:0003160
http://purl.allotrope.org/ontologies/result#AFR_0003161,y-coordinate dimension identifier,result,AFO_result#AFR:0003161
http://purl.allotrope.org/ontologies/result#AFR_0003162,vertex aggregate document,result,AFO_result#AFR:0003162
http://purl.allotrope.org/ontologies/result#AFR_0003163,vertex document,result,AFO_result#AFR:0003163
http://purl.allotrope.org/ontologies/result#AFR_0003164,vertex type,result,AFO_result#AFR:0003164
http://purl.allotrope.org/ontologies/result#AFR_0003165,population aggregate document,result,AFO_result#AFR:0003165
http://purl.allotrope.org/ontologies/result#AFR_0003166,population document,result,AFO_result#AFR:0003166
http://purl.allotrope.org/ontologies/result#AFR_0003167,population identifier,result,AFO_result#AFR:0003167
http://purl.allotrope.org/ontologies/result#AFR_0003168,compensation matrix,result,AFO_result#AFR:0003168
http://purl.allotrope.org/ontologies/result#AFR_0003170,vertex,result,AFO_result#AFR:0003170
http://purl.allotrope.org/ontologies/result#AFR_0003171,ASM conversion time,result,AFO_result#AFR:0003171
http://purl.allotrope.org/ontologies/result#AFR_0003172,dissolved amount,result,AFO_result#AFR:0003172
http://purl.allotrope.org/ontologies/result#AFR_0003173,dissolved percentage,result,AFO_result#AFR:0003173
http://purl.allotrope.org/ontologies/result#AFR_0003175,population proportion,result,AFO_result#AFR:0003175
http://purl.allotrope.org/ontologies/result#AFR_0003176,population proportion aggregate document,result,AFO_result#AFR:0003176
http://purl.allotrope.org/ontologies/result#AFR_0003177,population proportion document,result,AFO_result#AFR:0003177
http://purl.allotrope.org/ontologies/result#AFR_0003178,regression aggregate document,result,AFO_result#AFR:0003178
http://purl.allotrope.org/ontologies/result#AFR_0003179,regression document,result,AFO_result#AFR:0003179
http://purl.allotrope.org/ontologies/result#AFR_0003180,regression identifier,result,AFO_result#AFR:0003180
http://purl.allotrope.org/ontologies/result#AFR_0003181,regression point aggregate document,result,AFO_result#AFR:0003181
http://purl.allotrope.org/ontologies/result#AFR_0003182,regression point document,result,AFO_result#AFR:0003182
http://purl.allotrope.org/ontologies/result#AFR_0003183,regression feature,result,AFO_result#AFR:0003183
http://purl.allotrope.org/ontologies/result#AFR_0003184,regression type,result,AFO_result#AFR:0003184
http://purl.allotrope.org/ontologies/result#AFR_0003185,regression equation,result,AFO_result#AFR:0003185
http://purl.allotrope.org/ontologies/result#AFR_0003186,parameter aggregate document,result,AFO_result#AFR:0003186
http://purl.allotrope.org/ontologies/result#AFR_0003187,parameter document,result,AFO_result#AFR:0003187
http://purl.allotrope.org/ontologies/result#AFR_0003188,parameter identifier,result,AFO_result#AFR:0003188
http://purl.allotrope.org/ontologies/result#AFR_0003189,parameter datum,result,AFO_result#AFR:0003189
http://purl.allotrope.org/ontologies/result#AFR_0003190,regression residuals data cube,result,AFO_result#AFR:0003190
http://purl.allotrope.org/ontologies/result#AFR_0003191,regression,result,AFO_result#AFR:0003191
http://purl.allotrope.org/ontologies/result#AFR_0003192,material transformation aggregate document,result,AFO_result#AFR:0003192
http://purl.allotrope.org/ontologies/result#AFR_0003193,material transformation document,result,AFO_result#AFR:0003193
http://purl.allotrope.org/ontologies/result#AFR_0003194,material transformation identifier,result,AFO_result#AFR:0003194
http://purl.allotrope.org/ontologies/result#AFR_0003195,quantity type,result,AFO_result#AFR:0003195
http://purl.allotrope.org/ontologies/result#AFR_0003196,standard name,result,AFO_result#AFR:0003196
http://purl.allotrope.org/ontologies/result#AFR_0003197,polarization orientation setting,result,AFO_result#AFR:0003197
http://purl.allotrope.org/ontologies/result#AFR_0003198,polarization orientation code,result,AFO_result#AFR:0003198
http://purl.allotrope.org/ontologies/result#AFR_0003201,fragmentation aggregate document,result,AFO_result#AFR:0003201
http://purl.allotrope.org/ontologies/result#AFR_0003202,fragmentation document,result,AFO_result#AFR:0003202
http://purl.allotrope.org/ontologies/result#AFR_0003203,isolation window lower limit,result,AFO_result#AFR:0003203
http://purl.allotrope.org/ontologies/result#AFR_0003204,isolation window upper limit,result,AFO_result#AFR:0003204
http://purl.allotrope.org/ontologies/result#AFR_0003205,precursor ion aggregate document,result,AFO_result#AFR:0003205
http://purl.allotrope.org/ontologies/result#AFR_0003206,precursor ion document,result,AFO_result#AFR:0003206
http://purl.allotrope.org/ontologies/result#AFR_0003207,isolation window,result,AFO_result#AFR:0003207
http://purl.allotrope.org/ontologies/result#AFR_0003208,absorbance area scan data cube,result,AFO_result#AFR:0003208
http://purl.allotrope.org/ontologies/result#AFR_0003209,fluorescence area scan data cube,result,AFO_result#AFR:0003209
http://purl.allotrope.org/ontologies/result#AFR_0003210,absorbance area scan,result,AFO_result#AFR:0003210
http://purl.allotrope.org/ontologies/result#AFR_0003211,fluorescence area scan,result,AFO_result#AFR:0003211
http://purl.allotrope.org/ontologies/result#AFR_0003212,mass spectrum level,result,AFO_result#AFR:0003212
http://purl.allotrope.org/ontologies/result#AFR_0003214,mercury porosimetry aggregate document,result,AFO_result#AFR:0003214
http://purl.allotrope.org/ontologies/result#AFR_0003215,mercury porosimetry document,result,AFO_result#AFR:0003215
http://purl.allotrope.org/ontologies/result#AFR_0003216,bulb volume,result,AFO_result#AFR:0003216
http://purl.allotrope.org/ontologies/result#AFR_0003217,supported sample type,result,AFO_result#AFR:0003217
http://purl.allotrope.org/ontologies/result#AFR_0003218,filled stem percentage,result,AFO_result#AFR:0003218
http://purl.allotrope.org/ontologies/result#AFR_0003219,bulk density pressure setting,result,AFO_result#AFR:0003219
http://purl.allotrope.org/ontologies/result#AFR_0003224,porosity,result,AFO_result#AFR:0003224
http://purl.allotrope.org/ontologies/result#AFR_0003225,mercury temperature,result,AFO_result#AFR:0003225
http://purl.allotrope.org/ontologies/result#AFR_0003227,match result aggregate document,result,AFO_result#AFR:0003227
http://purl.allotrope.org/ontologies/result#AFR_0003228,match result document,result,AFO_result#AFR:0003228
http://purl.allotrope.org/ontologies/result#AFR_0003229,synonym aggregate document,result,AFO_result#AFR:0003229
http://purl.allotrope.org/ontologies/result#AFR_0003230,synonym document,result,AFO_result#AFR:0003230
http://purl.allotrope.org/ontologies/result#AFR_0003231,match quality index aggregate document,result,AFO_result#AFR:0003231
http://purl.allotrope.org/ontologies/result#AFR_0003232,match quality index document,result,AFO_result#AFR:0003232
http://purl.allotrope.org/ontologies/result#AFR_0003233,algorithm name,result,AFO_result#AFR:0003233
http://purl.allotrope.org/ontologies/result#AFR_0003234,database identifier,result,AFO_result#AFR:0003234
http://purl.allotrope.org/ontologies/result#AFR_0003235,fingerprint identifier,result,AFO_result#AFR:0003235
http://purl.allotrope.org/ontologies/result#AFR_0003236,retention index,result,AFO_result#AFR:0003236
http://purl.allotrope.org/ontologies/result#AFR_0003237,match quality index,result,AFO_result#AFR:0003237
http://purl.allotrope.org/ontologies/result#AFR_0003238,action specification identifier,result,AFO_result#AFR:0003238
http://purl.allotrope.org/ontologies/result#AFR_0003239,action specification aggregate document,result,AFO_result#AFR:0003239
http://purl.allotrope.org/ontologies/result#AFR_0003240,action specification document,result,AFO_result#AFR:0003240
http://purl.allotrope.org/ontologies/result#AFR_0003241,analysis type,result,AFO_result#AFR:0003241
http://purl.allotrope.org/ontologies/result#AFR_0003242,analytical method document,result,AFO_result#AFR:0003242
http://purl.allotrope.org/ontologies/result#AFR_0003243,business purpose,result,AFO_result#AFR:0003243
http://purl.allotrope.org/ontologies/result#AFR_0003244,calculation aggregate document,result,AFO_result#AFR:0003244
http://purl.allotrope.org/ontologies/result#AFR_0003245,calculation document,result,AFO_result#AFR:0003245
http://purl.allotrope.org/ontologies/result#AFR_0003246,calculation equation,result,AFO_result#AFR:0003246
http://purl.allotrope.org/ontologies/result#AFR_0003247,calculation identifier,result,AFO_result#AFR:0003247
http://purl.allotrope.org/ontologies/result#AFR_0003248,calculation name,result,AFO_result#AFR:0003248
http://purl.allotrope.org/ontologies/result#AFR_0003249,calculation reference,result,AFO_result#AFR:0003249
http://purl.allotrope.org/ontologies/result#AFR_0003250,catalog number,result,AFO_result#AFR:0003250
http://purl.allotrope.org/ontologies/result#AFR_0003251,change description,result,AFO_result#AFR:0003251
http://purl.allotrope.org/ontologies/result#AFR_0003252,change reason,result,AFO_result#AFR:0003252
http://purl.allotrope.org/ontologies/result#AFR_0003253,change type,result,AFO_result#AFR:0003253
http://purl.allotrope.org/ontologies/result#AFR_0003254,condition aggregate document,result,AFO_result#AFR:0003254
http://purl.allotrope.org/ontologies/result#AFR_0003255,condition document,result,AFO_result#AFR:0003255
http://purl.allotrope.org/ontologies/result#AFR_0003256,condition feature,result,AFO_result#AFR:0003256
http://purl.allotrope.org/ontologies/result#AFR_0003257,effective date,result,AFO_result#AFR:0003257
http://purl.allotrope.org/ontologies/result#AFR_0003258,equivalence permitted,result,AFO_result#AFR:0003258
http://purl.allotrope.org/ontologies/result#AFR_0003259,life cycle status,result,AFO_result#AFR:0003259
http://purl.allotrope.org/ontologies/result#AFR_0003260,lower limit,result,AFO_result#AFR:0003260
http://purl.allotrope.org/ontologies/result#AFR_0003261,material aggregate document,result,AFO_result#AFR:0003261
http://purl.allotrope.org/ontologies/result#AFR_0003262,material document,result,AFO_result#AFR:0003262
http://purl.allotrope.org/ontologies/result#AFR_0003263,material grade,result,AFO_result#AFR:0003263
http://purl.allotrope.org/ontologies/result#AFR_0003264,material role type,result,AFO_result#AFR:0003264
http://purl.allotrope.org/ontologies/result#AFR_0003265,objective specification aggregate document,result,AFO_result#AFR:0003265
http://purl.allotrope.org/ontologies/result#AFR_0003266,objective specification document,result,AFO_result#AFR:0003266
http://purl.allotrope.org/ontologies/result#AFR_0003267,permitted phase description,result,AFO_result#AFR:0003267
http://purl.allotrope.org/ontologies/result#AFR_0003268,plan specification aggregate document,result,AFO_result#AFR:0003268
http://purl.allotrope.org/ontologies/result#AFR_0003269,plan specification document,result,AFO_result#AFR:0003269
http://purl.allotrope.org/ontologies/result#AFR_0003270,pore diameter,result,AFO_result#AFR:0003270
http://purl.allotrope.org/ontologies/result#AFR_0003271,prerequisite identifier,result,AFO_result#AFR:0003271
http://purl.allotrope.org/ontologies/result#AFR_0003272,primary analyte,result,AFO_result#AFR:0003272
http://purl.allotrope.org/ontologies/result#AFR_0003273,primary device material type,result,AFO_result#AFR:0003273
http://purl.allotrope.org/ontologies/result#AFR_0003274,procedure specification aggregate document,result,AFO_result#AFR:0003274
http://purl.allotrope.org/ontologies/result#AFR_0003275,procedure specification document,result,AFO_result#AFR:0003275
http://purl.allotrope.org/ontologies/result#AFR_0003276,qualified location description,result,AFO_result#AFR:0003276
http://purl.allotrope.org/ontologies/result#AFR_0003277,reference aggregate document,result,AFO_result#AFR:0003277
http://purl.allotrope.org/ontologies/result#AFR_0003278,reference document,result,AFO_result#AFR:0003278
http://purl.allotrope.org/ontologies/result#AFR_0003279,safety information,result,AFO_result#AFR:0003279
http://purl.allotrope.org/ontologies/result#AFR_0003280,supplier,result,AFO_result#AFR:0003280
http://purl.allotrope.org/ontologies/result#AFR_0003281,supplier lot number,result,AFO_result#AFR:0003281
http://purl.allotrope.org/ontologies/result#AFR_0003282,system suitability aggregate document,result,AFO_result#AFR:0003282
http://purl.allotrope.org/ontologies/result#AFR_0003283,system suitability document,result,AFO_result#AFR:0003283
http://purl.allotrope.org/ontologies/result#AFR_0003284,training requirements,result,AFO_result#AFR:0003284
http://purl.allotrope.org/ontologies/result#AFR_0003285,upper limit,result,AFO_result#AFR:0003285
http://purl.allotrope.org/ontologies/result#AFR_0003286,version log,result,AFO_result#AFR:0003286
http://purl.allotrope.org/ontologies/result#AFR_0003287,version log entry,result,AFO_result#AFR:0003287
http://purl.allotrope.org/ontologies/result#AFR_0003288,weighing capability,result,AFO_result#AFR:0003288
http://purl.allotrope.org/ontologies/result#AFR_0003289,life cycle code,result,AFO_result#AFR:0003289
http://purl.allotrope.org/ontologies/result#AFR_0003295,analysis code,result,AFO_result#AFR:0003295
http://purl.allotrope.org/ontologies/result#AFR_0003307,biological potency,result,AFO_result#AFR:0003307
http://purl.allotrope.org/ontologies/result#AFR_0003308,pharmaceutical strength,result,AFO_result#AFR:0003308
http://purl.allotrope.org/ontologies/result#AFR_0003309,certification aggregate document,result,AFO_result#AFR:0003309
http://purl.allotrope.org/ontologies/result#AFR_0003310,certification document,result,AFO_result#AFR:0003310
http://purl.allotrope.org/ontologies/result#AFR_0003311,certifier,result,AFO_result#AFR:0003311
http://purl.allotrope.org/ontologies/result#AFR_0003312,certification,result,AFO_result#AFR:0003312
http://purl.allotrope.org/ontologies/result#AFR_0003313,differential scanning calorimetry document,result,AFO_result#AFR:0003313
http://purl.allotrope.org/ontologies/result#AFR_0003314,differential scanning calorimetry aggregate document,result,AFO_result#AFR:0003314
http://purl.allotrope.org/ontologies/result#AFR_0003318,differential scanning calorimetry data cube,result,AFO_result#AFR:0003318
http://purl.allotrope.org/ontologies/result#AFR_0003327,thermogravimetric analysis aggregate document,result,AFO_result#AFR:0003327
http://purl.allotrope.org/ontologies/result#AFR_0003328,thermogravimetric analysis document,result,AFO_result#AFR:0003328
http://purl.allotrope.org/ontologies/result#AFR_0003330,thermogravimetric analysis data cube,result,AFO_result#AFR:0003330
http://purl.allotrope.org/ontologies/result#AFR_0003331,titration document,result,AFO_result#AFR:0003331
http://purl.allotrope.org/ontologies/result#AFR_0003332,titration aggregate document,result,AFO_result#AFR:0003332
http://purl.allotrope.org/ontologies/result#AFR_0003333,titration data cube,result,AFO_result#AFR:0003333
http://purl.allotrope.org/ontologies/result#AFR_0003334,titrant solution document,result,AFO_result#AFR:0003334
http://purl.allotrope.org/ontologies/result#AFR_0003335,X-ray diffraction spectroscopy document,result,AFO_result#AFR:0003335
http://purl.allotrope.org/ontologies/result#AFR_0003336,X-ray diffraction spectroscopy aggregate document,result,AFO_result#AFR:0003336
http://purl.allotrope.org/ontologies/result#AFR_0003337,X-ray spectrum data cube,result,AFO_result#AFR:0003337
http://purl.allotrope.org/ontologies/result#AFR_0003338,mathematical cluster,result,AFO_result#AFR:0003338
http://purl.allotrope.org/ontologies/result#AFR_0003339,cluster identifier,result,AFO_result#AFR:0003339
http://purl.allotrope.org/ontologies/result#AFR_0003341,Raman aggregate document,result,AFO_result#AFR:0003341
http://purl.allotrope.org/ontologies/result#AFR_0003342,optical microscopy document,result,AFO_result#AFR:0003342
http://purl.allotrope.org/ontologies/result#AFR_0003343,optical microscopy aggregate document,result,AFO_result#AFR:0003343
http://purl.allotrope.org/ontologies/result#AFR_0003344,dynamic vapor sorption document,result,AFO_result#AFR:0003344
http://purl.allotrope.org/ontologies/result#AFR_0003345,dynamic vapor sorption aggregate document,result,AFO_result#AFR:0003345
http://purl.allotrope.org/ontologies/result#AFR_0003346,dynamic vapor sorption curve,result,AFO_result#AFR:0003346
http://purl.allotrope.org/ontologies/result#AFR_0003348,scatter correction wavelength setting,result,AFO_result#AFR:0003348
http://purl.allotrope.org/ontologies/result#AFR_0003349,baseline correction enabled setting,result,AFO_result#AFR:0003349
http://purl.allotrope.org/ontologies/result#AFR_0003350,coefficient of determination,result,AFO_result#AFR:0003350
http://purl.allotrope.org/ontologies/result#AFR_0003351,path length,result,AFO_result#AFR:0003351
http://purl.allotrope.org/ontologies/result#AFR_0003352,profile setting document,result,AFO_result#AFR:0003352
http://purl.allotrope.org/ontologies/result#AFR_0003353,profile setting aggregate document,result,AFO_result#AFR:0003353
http://purl.allotrope.org/ontologies/result#AFR_0003355,profile setting feature,result,AFO_result#AFR:0003355
http://purl.allotrope.org/ontologies/result#AFR_0003356,initial setting,result,AFO_result#AFR:0003356
http://purl.allotrope.org/ontologies/result#AFR_0003357,final setting,result,AFO_result#AFR:0003357
http://purl.allotrope.org/ontologies/result#AFR_0003359,setting identifier,result,AFO_result#AFR:0003359
http://purl.allotrope.org/ontologies/result#AFR_0003361,partial pressure setting,result,AFO_result#AFR:0003361
http://purl.allotrope.org/ontologies/result#AFR_0003362,relative humidity setting,result,AFO_result#AFR:0003362
http://purl.allotrope.org/ontologies/result#AFR_0003364,program identifier,result,AFO_result#AFR:0003364
http://purl.allotrope.org/ontologies/result#AFR_0003365,therapeutic class,result,AFO_result#AFR:0003365
http://purl.allotrope.org/ontologies/result#AFR_0003366,program document,result,AFO_result#AFR:0003366
http://purl.allotrope.org/ontologies/result#AFR_0003367,project document,result,AFO_result#AFR:0003367
http://purl.allotrope.org/ontologies/result#AFR_0003368,study document,result,AFO_result#AFR:0003368
http://purl.allotrope.org/ontologies/result#AFR_0003369,study identifier,result,AFO_result#AFR:0003369
http://purl.allotrope.org/ontologies/result#AFR_0003370,project identifier,result,AFO_result#AFR:0003370
http://purl.allotrope.org/ontologies/result#AFR_0003371,normative practice specification,result,AFO_result#AFR:0003371
http://purl.allotrope.org/ontologies/result#AFR_0003373,peak position offset setting,result,AFO_result#AFR:0003373
http://purl.allotrope.org/ontologies/result#AFR_0003374,temperature profile modulation amplitude setting,result,AFO_result#AFR:0003374
http://purl.allotrope.org/ontologies/result#AFR_0003375,temperature profile modulation period setting,result,AFO_result#AFR:0003375
http://purl.allotrope.org/ontologies/result#AFR_0003376,temperature profile modulation heat only setting,result,AFO_result#AFR:0003376
http://purl.allotrope.org/ontologies/result#AFR_0003378,divergence slit width setting,result,AFO_result#AFR:0003378
http://purl.allotrope.org/ontologies/result#AFR_0003379,Soller slit width setting,result,AFO_result#AFR:0003379
http://purl.allotrope.org/ontologies/result#AFR_0003380,guard slit width setting,result,AFO_result#AFR:0003380
http://purl.allotrope.org/ontologies/result#AFR_0003381,receiving slit width setting,result,AFO_result#AFR:0003381
http://purl.allotrope.org/ontologies/result#AFR_0003384,advancing contact angle setting,result,AFO_result#AFR:0003384
http://purl.allotrope.org/ontologies/result#AFR_0003385,receding contact angle setting,result,AFO_result#AFR:0003385
http://purl.allotrope.org/ontologies/result#AFR_0003386,bulk density,result,AFO_result#AFR:0003386
http://purl.allotrope.org/ontologies/result#AFR_0003387,pore diameter by area,result,AFO_result#AFR:0003387
http://purl.allotrope.org/ontologies/result#AFR_0003388,pore diameter by volume,result,AFO_result#AFR:0003388
http://purl.allotrope.org/ontologies/result#AFR_0003389,total intrusion volume,result,AFO_result#AFR:0003389
http://purl.allotrope.org/ontologies/result#AFR_0003390,specific total intrusion volume,result,AFO_result#AFR:0003390
http://purl.allotrope.org/ontologies/result#AFR_0003391,pore diameter reporting range setting,result,AFO_result#AFR:0003391
http://purl.allotrope.org/ontologies/result#AFR_0003392,pressure reporting range setting,result,AFO_result#AFR:0003392
http://purl.allotrope.org/ontologies/result#AFR_0003393,apparent skeletal density,result,AFO_result#AFR:0003393
http://purl.allotrope.org/ontologies/result#AFR_0003394,intrusion data cube,result,AFO_result#AFR:0003394
http://purl.allotrope.org/ontologies/result#AFR_0003395,intrusion reporting data cube,result,AFO_result#AFR:0003395
http://purl.allotrope.org/ontologies/result#AFR_0003396,cumulative specific intrusion,result,AFO_result#AFR:0003396
http://purl.allotrope.org/ontologies/result#AFR_0003397,logarithmic differential intrusion,result,AFO_result#AFR:0003397
http://purl.allotrope.org/ontologies/result#AFR_0003398,specific pore volume,result,AFO_result#AFR:0003398
http://purl.allotrope.org/ontologies/result#AFR_0003399,cumulative specific pore volume,result,AFO_result#AFR:0003399
http://purl.allotrope.org/ontologies/result#AFR_0003400,specific total pore area,result,AFO_result#AFR:0003400
http://purl.allotrope.org/ontologies/result#AFR_0003401,cumulative specific pore area,result,AFO_result#AFR:0003401
http://purl.allotrope.org/ontologies/result#AFR_0003402,bulk volume,result,AFO_result#AFR:0003402
http://purl.allotrope.org/ontologies/result#AFR_0003404,location aggregate document,result,AFO_result#AFR:0003404
http://purl.allotrope.org/ontologies/result#AFR_0003405,location document,result,AFO_result#AFR:0003405
http://purl.allotrope.org/ontologies/result#AFR_0003406,start trigger reason,result,AFO_result#AFR:0003406
http://purl.allotrope.org/ontologies/result#AFR_0003407,end trigger reason,result,AFO_result#AFR:0003407
http://purl.allotrope.org/ontologies/result#AFR_0003408,start volume,result,AFO_result#AFR:0003408
http://purl.allotrope.org/ontologies/result#AFR_0003409,incremental specific pore volume,result,AFO_result#AFR:0003409
http://purl.allotrope.org/ontologies/result#AFR_0003410,incremental specific pore area,result,AFO_result#AFR:0003410
http://purl.allotrope.org/ontologies/result#AFR_0003411,elapsed volume,result,AFO_result#AFR:0003411
http://purl.allotrope.org/ontologies/result#AFR_0003414,study design,result,AFO_result#AFR:0003414
http://purl.allotrope.org/ontologies/result#AFR_0003415,experiment parameter,result,AFO_result#AFR:0003415
http://purl.allotrope.org/ontologies/result#AFR_0003416,study point specification,result,AFO_result#AFR:0003416
http://purl.allotrope.org/ontologies/result#AFR_0003417,study point document,result,AFO_result#AFR:0003417
http://purl.allotrope.org/ontologies/result#AFR_0003418,study point identifier,result,AFO_result#AFR:0003418
http://purl.allotrope.org/ontologies/result#AFR_0003419,study point result document,result,AFO_result#AFR:0003419
http://purl.allotrope.org/ontologies/result#AFR_0003420,experimental parameter document,result,AFO_result#AFR:0003420
http://purl.allotrope.org/ontologies/result#AFR_0003421,experiment parameter identifier,result,AFO_result#AFR:0003421
http://purl.allotrope.org/ontologies/result#AFR_0003422,analytical technique prescription,result,AFO_result#AFR:0003422
http://purl.allotrope.org/ontologies/result#AFR_0003424,study point aggregate document,result,AFO_result#AFR:0003424
http://purl.allotrope.org/ontologies/result#AFR_0003425,study aggregate document,result,AFO_result#AFR:0003425
http://purl.allotrope.org/ontologies/result#AFR_0003426,experimental parameter aggregate document,result,AFO_result#AFR:0003426
http://purl.allotrope.org/ontologies/result#AFR_0003427,study point result aggregate document,result,AFO_result#AFR:0003427
http://purl.allotrope.org/ontologies/result#AFR_0003428,exception document,result,AFO_result#AFR:0003428
http://purl.allotrope.org/ontologies/result#AFR_0003429,exception aggregate document,result,AFO_result#AFR:0003429
http://purl.allotrope.org/ontologies/result#AFR_0003430,exception identifier,result,AFO_result#AFR:0003430
http://purl.allotrope.org/ontologies/role#AFRL_0000003,analyst role,other,AFO_role#AFRL:0000003
http://purl.allotrope.org/ontologies/role#AFRL_0000004,condition role,other,AFO_role#AFRL:0000004
http://purl.allotrope.org/ontologies/role#AFRL_0000005,controller role,other,AFO_role#AFRL:0000005
http://purl.allotrope.org/ontologies/role#AFRL_0000006,denominator,other,AFO_role#AFRL:0000006
http://purl.allotrope.org/ontologies/role#AFRL_0000007,identifier role,other,AFO_role#AFRL:0000007
http://purl.allotrope.org/ontologies/role#AFRL_0000008,input role,other,AFO_role#AFRL:0000008
http://purl.allotrope.org/ontologies/role#AFRL_0000009,interpolation role,other,AFO_role#AFRL:0000009
http://purl.allotrope.org/ontologies/role#AFRL_0000010,material input role,other,AFO_role#AFRL:0000010
http://purl.allotrope.org/ontologies/role#AFRL_0000011,mobile phase,other,AFO_role#AFRL:0000011
http://purl.allotrope.org/ontologies/role#AFRL_0000012,name role,other,AFO_role#AFRL:0000012
http://purl.allotrope.org/ontologies/role#AFRL_0000013,nominal datum,other,AFO_role#AFRL:0000013
http://purl.allotrope.org/ontologies/role#AFRL_0000014,numerator,other,AFO_role#AFRL:0000014
http://purl.allotrope.org/ontologies/role#AFRL_0000015,objective role,other,AFO_role#AFRL:0000015
http://purl.allotrope.org/ontologies/role#AFRL_0000016,operating maximum,other,AFO_role#AFRL:0000016
http://purl.allotrope.org/ontologies/role#AFRL_0000017,operating range,other,AFO_role#AFRL:0000017
http://purl.allotrope.org/ontologies/role#AFRL_0000018,output role,other,AFO_role#AFRL:0000018
http://purl.allotrope.org/ontologies/role#AFRL_0000019,parameter role,other,AFO_role#AFRL:0000019
http://purl.allotrope.org/ontologies/role#AFRL_0000020,material cleaned role,other,AFO_role#AFRL:0000020
http://purl.allotrope.org/ontologies/role#AFRL_0000022,reference role,other,AFO_role#AFRL:0000022
http://purl.allotrope.org/ontologies/role#AFRL_0000026,selected object role,other,AFO_role#AFRL:0000026
http://purl.allotrope.org/ontologies/role#AFRL_0000027,selected device,other,AFO_role#AFRL:0000027
http://purl.allotrope.org/ontologies/role#AFRL_0000028,setting datum,other,AFO_role#AFRL:0000028
http://purl.allotrope.org/ontologies/role#AFRL_0000029,snapshot,other,AFO_role#AFRL:0000029
http://purl.allotrope.org/ontologies/role#AFRL_0000030,specification target role,other,AFO_role#AFRL:0000030
http://purl.allotrope.org/ontologies/role#AFRL_0000032,stationary phase,other,AFO_role#AFRL:0000032
http://purl.allotrope.org/ontologies/role#AFRL_0000033,temporal mean,other,AFO_role#AFRL:0000033
http://purl.allotrope.org/ontologies/role#AFRL_0000034,time segment,other,AFO_role#AFRL:0000034
http://purl.allotrope.org/ontologies/role#AFRL_0000035,sample role,other,AFO_role#AFRL:0000035
http://purl.allotrope.org/ontologies/role#AFRL_0000039,processing role,other,AFO_role#AFRL:0000039
http://purl.allotrope.org/ontologies/role#AFRL_0000040,bound role,other,AFO_role#AFRL:0000040
http://purl.allotrope.org/ontologies/role#AFRL_0000041,lower bound,other,AFO_role#AFRL:0000041
http://purl.allotrope.org/ontologies/role#AFRL_0000042,upper bound,other,AFO_role#AFRL:0000042
http://purl.allotrope.org/ontologies/role#AFRL_0000043,data output role,other,AFO_role#AFRL:0000043
http://purl.allotrope.org/ontologies/role#AFRL_0000044,data input role,other,AFO_role#AFRL:0000044
http://purl.allotrope.org/ontologies/role#AFRL_0000047,aggregation role,other,AFO_role#AFRL:0000047
http://purl.allotrope.org/ontologies/role#AFRL_0000048,aggregate role,other,AFO_role#AFRL:0000048
http://purl.allotrope.org/ontologies/role#AFRL_0000049,member role,other,AFO_role#AFRL:0000049
http://purl.allotrope.org/ontologies/role#AFRL_0000053,descriptive purpose,other,AFO_role#AFRL:0000053
http://purl.allotrope.org/ontologies/role#AFRL_0000054,causal role,other,AFO_role#AFRL:0000054
http://purl.allotrope.org/ontologies/role#AFRL_0000055,cause,other,AFO_role#AFRL:0000055
http://purl.allotrope.org/ontologies/role#AFRL_0000056,consequence,other,AFO_role#AFRL:0000056
http://purl.allotrope.org/ontologies/role#AFRL_0000057,invariant,other,AFO_role#AFRL:0000057
http://purl.allotrope.org/ontologies/role#AFRL_0000058,post condition,other,AFO_role#AFRL:0000058
http://purl.allotrope.org/ontologies/role#AFRL_0000059,precondition,other,AFO_role#AFRL:0000059
http://purl.allotrope.org/ontologies/role#AFRL_0000060,designative purpose,other,AFO_role#AFRL:0000060
http://purl.allotrope.org/ontologies/role#AFRL_0000062,index role,other,AFO_role#AFRL:0000062
http://purl.allotrope.org/ontologies/role#AFRL_0000064,directive purpose,other,AFO_role#AFRL:0000064
http://purl.allotrope.org/ontologies/role#AFRL_0000066,specified action,other,AFO_role#AFRL:0000066
http://purl.allotrope.org/ontologies/role#AFRL_0000067,specified capability,other,AFO_role#AFRL:0000067
http://purl.allotrope.org/ontologies/role#AFRL_0000068,specified quality,other,AFO_role#AFRL:0000068
http://purl.allotrope.org/ontologies/role#AFRL_0000069,specified situation,other,AFO_role#AFRL:0000069
http://purl.allotrope.org/ontologies/role#AFRL_0000071,specified procedure,other,AFO_role#AFRL:0000071
http://purl.allotrope.org/ontologies/role#AFRL_0000072,prescriptive purpose,other,AFO_role#AFRL:0000072
http://purl.allotrope.org/ontologies/role#AFRL_0000073,temporal role,other,AFO_role#AFRL:0000073
http://purl.allotrope.org/ontologies/role#AFRL_0000074,exception role,other,AFO_role#AFRL:0000074
http://purl.allotrope.org/ontologies/role#AFRL_0000075,variable,other,AFO_role#AFRL:0000075
http://purl.allotrope.org/ontologies/role#AFRL_0000077,dependent variable,other,AFO_role#AFRL:0000077
http://purl.allotrope.org/ontologies/role#AFRL_0000078,independent variable,other,AFO_role#AFRL:0000078
http://purl.allotrope.org/ontologies/role#AFRL_0000079,specified profile,other,AFO_role#AFRL:0000079
http://purl.allotrope.org/ontologies/role#AFRL_0000080,actual datum,other,AFO_role#AFRL:0000080
http://purl.allotrope.org/ontologies/role#AFRL_0000083,port role,other,AFO_role#AFRL:0000083
http://purl.allotrope.org/ontologies/role#AFRL_0000085,support role,other,AFO_role#AFRL:0000085
http://purl.allotrope.org/ontologies/role#AFRL_0000087,sender role,other,AFO_role#AFRL:0000087
http://purl.allotrope.org/ontologies/role#AFRL_0000088,receiver role,other,AFO_role#AFRL:0000088
http://purl.allotrope.org/ontologies/role#AFRL_0000090,transfer medium role,other,AFO_role#AFRL:0000090
http://purl.allotrope.org/ontologies/role#AFRL_0000091,general role,other,AFO_role#AFRL:0000091
http://purl.allotrope.org/ontologies/role#AFRL_0000092,at end,other,AFO_role#AFRL:0000092
http://purl.allotrope.org/ontologies/role#AFRL_0000093,at start,other,AFO_role#AFRL:0000093
http://purl.allotrope.org/ontologies/role#AFRL_0000094,during,other,AFO_role#AFRL:0000094
http://purl.allotrope.org/ontologies/role#AFRL_0000095,agent role,other,AFO_role#AFRL:0000095
http://purl.allotrope.org/ontologies/role#AFRL_0000096,component role,other,AFO_role#AFRL:0000096
http://purl.allotrope.org/ontologies/role#AFRL_0000097,detection stimulant role,other,AFO_role#AFRL:0000097
http://purl.allotrope.org/ontologies/role#AFRL_0000100,material output role,other,AFO_role#AFRL:0000100
http://purl.allotrope.org/ontologies/role#AFRL_0000101,system role,other,AFO_role#AFRL:0000101
http://purl.allotrope.org/ontologies/role#AFRL_0000102,subsystem role,other,AFO_role#AFRL:0000102
http://purl.allotrope.org/ontologies/role#AFRL_0000119,transferring role,other,AFO_role#AFRL:0000119
http://purl.allotrope.org/ontologies/role#AFRL_0000120,storage medium role,other,AFO_role#AFRL:0000120
http://purl.allotrope.org/ontologies/role#AFRL_0000121,storage role,other,AFO_role#AFRL:0000121
http://purl.allotrope.org/ontologies/role#AFRL_0000124,selection target role,other,AFO_role#AFRL:0000124
http://purl.allotrope.org/ontologies/role#AFRL_0000126,chromatographic phase,other,AFO_role#AFRL:0000126
http://purl.allotrope.org/ontologies/role#AFRL_0000127,analyte role,other,AFO_role#AFRL:0000127
http://purl.allotrope.org/ontologies/role#AFRL_0000146,system bond role,other,AFO_role#AFRL:0000146
http://purl.allotrope.org/ontologies/role#AFRL_0000147,out-port role,other,AFO_role#AFRL:0000147
http://purl.allotrope.org/ontologies/role#AFRL_0000148,in-port role,other,AFO_role#AFRL:0000148
http://purl.allotrope.org/ontologies/role#AFRL_0000149,linking medium role,other,AFO_role#AFRL:0000149
http://purl.allotrope.org/ontologies/role#AFRL_0000154,calculated datum,other,AFO_role#AFRL:0000154
http://purl.allotrope.org/ontologies/role#AFRL_0000155,derived measure,other,AFO_role#AFRL:0000155
http://purl.allotrope.org/ontologies/role#AFRL_0000156,base measure,other,AFO_role#AFRL:0000156
http://purl.allotrope.org/ontologies/role#AFRL_0000157,measure,other,AFO_role#AFRL:0000157
http://purl.allotrope.org/ontologies/role#AFRL_0000159,physical signal role,other,AFO_role#AFRL:0000159
http://purl.allotrope.org/ontologies/role#AFRL_0000160,physical input role,other,AFO_role#AFRL:0000160
http://purl.allotrope.org/ontologies/role#AFRL_0000161,physical output role,other,AFO_role#AFRL:0000161
http://purl.allotrope.org/ontologies/role#AFRL_0000164,gaseous mobile phase,other,AFO_role#AFRL:0000164
http://purl.allotrope.org/ontologies/role#AFRL_0000165,supercritical mobile phase,other,AFO_role#AFRL:0000165
http://purl.allotrope.org/ontologies/role#AFRL_0000166,contextual role,other,AFO_role#AFRL:0000166
http://purl.allotrope.org/ontologies/role#AFRL_0000167,operand role,other,AFO_role#AFRL:0000167
http://purl.allotrope.org/ontologies/role#AFRL_0000169,indexed member,other,AFO_role#AFRL:0000169
http://purl.allotrope.org/ontologies/role#AFRL_0000170,ordered member,other,AFO_role#AFRL:0000170
http://purl.allotrope.org/ontologies/role#AFRL_0000171,experiment sample role,other,AFO_role#AFRL:0000171
http://purl.allotrope.org/ontologies/role#AFRL_0000211,coated material role,other,AFO_role#AFRL:0000211
http://purl.allotrope.org/ontologies/role#AFRL_0000212,coating role,other,AFO_role#AFRL:0000212
http://purl.allotrope.org/ontologies/role#AFRL_0000213,measurand role,other,AFO_role#AFRL:0000213
http://purl.allotrope.org/ontologies/role#AFRL_0000216,additive role,other,AFO_role#AFRL:0000216
http://purl.allotrope.org/ontologies/role#AFRL_0000217,catalyst role,other,AFO_role#AFRL:0000217
http://purl.allotrope.org/ontologies/role#AFRL_0000218,effluent,other,AFO_role#AFRL:0000218
http://purl.allotrope.org/ontologies/role#AFRL_0000219,eluate,other,AFO_role#AFRL:0000219
http://purl.allotrope.org/ontologies/role#AFRL_0000220,eluent,other,AFO_role#AFRL:0000220
http://purl.allotrope.org/ontologies/role#AFRL_0000221,debris role,other,AFO_role#AFRL:0000221
http://purl.allotrope.org/ontologies/role#AFRL_0000223,detergent role,other,AFO_role#AFRL:0000223
http://purl.allotrope.org/ontologies/role#AFRL_0000224,diluent role,other,AFO_role#AFRL:0000224
http://purl.allotrope.org/ontologies/role#AFRL_0000225,dispersant role,other,AFO_role#AFRL:0000225
http://purl.allotrope.org/ontologies/role#AFRL_0000226,excipient role,other,AFO_role#AFRL:0000226
http://purl.allotrope.org/ontologies/role#AFRL_0000228,filtrate role,other,AFO_role#AFRL:0000228
http://purl.allotrope.org/ontologies/role#AFRL_0000229,reaction intermediate role,other,AFO_role#AFRL:0000229
http://purl.allotrope.org/ontologies/role#AFRL_0000230,marker role,other,AFO_role#AFRL:0000230
http://purl.allotrope.org/ontologies/role#AFRL_0000231,reactant role,other,AFO_role#AFRL:0000231
http://purl.allotrope.org/ontologies/role#AFRL_0000232,retentate role,other,AFO_role#AFRL:0000232
http://purl.allotrope.org/ontologies/role#AFRL_0000233,standard material role,other,AFO_role#AFRL:0000233
http://purl.allotrope.org/ontologies/role#AFRL_0000234,titrant role,other,AFO_role#AFRL:0000234
http://purl.allotrope.org/ontologies/role#AFRL_0000244,cleaning agent role,other,AFO_role#AFRL:0000244
http://purl.allotrope.org/ontologies/role#AFRL_0000247,origin datum,other,AFO_role#AFRL:0000247
http://purl.allotrope.org/ontologies/role#AFRL_0000248,relative datum role,other,AFO_role#AFRL:0000248
http://purl.allotrope.org/ontologies/role#AFRL_0000249,ingredient role,other,AFO_role#AFRL:0000249
http://purl.allotrope.org/ontologies/role#AFRL_0000250,sum,other,AFO_role#AFRL:0000250
http://purl.allotrope.org/ontologies/role#AFRL_0000251,version role,other,AFO_role#AFRL:0000251
http://purl.allotrope.org/ontologies/role#AFRL_0000252,validation sample role,other,AFO_role#AFRL:0000252
http://purl.allotrope.org/ontologies/role#AFRL_0000253,control sample role,other,AFO_role#AFRL:0000253
http://purl.allotrope.org/ontologies/role#AFRL_0000254,calibration sample role,other,AFO_role#AFRL:0000254
http://purl.allotrope.org/ontologies/role#AFRL_0000255,standard sample role,other,AFO_role#AFRL:0000255
http://purl.allotrope.org/ontologies/role#AFRL_0000256,unknown sample role,other,AFO_role#AFRL:0000256
http://purl.allotrope.org/ontologies/role#AFRL_0000257,quality control sample role,other,AFO_role#AFRL:0000257
http://purl.allotrope.org/ontologies/role#AFRL_0000258,reference sample role,other,AFO_role#AFRL:0000258
http://purl.allotrope.org/ontologies/role#AFRL_0000259,blank role,other,AFO_role#AFRL:0000259
http://purl.allotrope.org/ontologies/role#AFRL_0000260,spiked sample role,other,AFO_role#AFRL:0000260
http://purl.allotrope.org/ontologies/role#AFRL_0000261,unspiked sample role,other,AFO_role#AFRL:0000261
http://purl.allotrope.org/ontologies/role#AFRL_0000262,spatio-temporal role,other,AFO_role#AFRL:0000262
http://purl.allotrope.org/ontologies/role#AFRL_0000263,destination datum,other,AFO_role#AFRL:0000263
http://purl.allotrope.org/ontologies/role#AFRL_0000264,term mathematical role,other,AFO_role#AFRL:0000264
http://purl.allotrope.org/ontologies/role#AFRL_0000269,solvent role,other,AFO_role#AFRL:0000269
http://purl.allotrope.org/ontologies/role#AFRL_0000270,solute role,other,AFO_role#AFRL:0000270
http://purl.allotrope.org/ontologies/role#AFRL_0000271,dispersed phase role,other,AFO_role#AFRL:0000271
http://purl.allotrope.org/ontologies/role#AFRL_0000272,continuous phase role,other,AFO_role#AFRL:0000272
http://purl.allotrope.org/ontologies/role#AFRL_0000273,dispersion role,other,AFO_role#AFRL:0000273
http://purl.allotrope.org/ontologies/role#AFRL_0000274,dissolution role,other,AFO_role#AFRL:0000274
http://purl.allotrope.org/ontologies/role#AFRL_0000275,initial response,other,AFO_role#AFRL:0000275
http://purl.allotrope.org/ontologies/role#AFRL_0000276,primary response,other,AFO_role#AFRL:0000276
http://purl.allotrope.org/ontologies/role#AFRL_0000277,mathematical role,other,AFO_role#AFRL:0000277
http://purl.allotrope.org/ontologies/role#AFRL_0000278,x-coordinate role,other,AFO_role#AFRL:0000278
http://purl.allotrope.org/ontologies/role#AFRL_0000279,y-coordinate role,other,AFO_role#AFRL:0000279
http://purl.allotrope.org/ontologies/role#AFRL_0000280,coordinate role,other,AFO_role#AFRL:0000280
http://purl.allotrope.org/ontologies/role#AFRL_0000281,Cartesian coordinate role,other,AFO_role#AFRL:0000281
http://purl.allotrope.org/ontologies/role#AFRL_0000285,reference datum,other,AFO_role#AFRL:0000285
http://purl.allotrope.org/ontologies/role#AFRL_0000286,temporal reference role,other,AFO_role#AFRL:0000286
http://purl.allotrope.org/ontologies/role#AFRL_0000287,operator role,other,AFO_role#AFRL:0000287
http://purl.allotrope.org/ontologies/role#AFRL_0000288,selection role,other,AFO_role#AFRL:0000288
http://purl.allotrope.org/ontologies/role#AFRL_0000289,cleaning role,other,AFO_role#AFRL:0000289
http://purl.allotrope.org/ontologies/role#AFRL_0000290,subject role,other,AFO_role#AFRL:0000290
http://purl.allotrope.org/ontologies/role#AFRL_0000291,detection role,other,AFO_role#AFRL:0000291
http://purl.allotrope.org/ontologies/role#AFRL_0000292,detection target role,other,AFO_role#AFRL:0000292
http://purl.allotrope.org/ontologies/role#AFRL_0000293,analysis role,other,AFO_role#AFRL:0000293
http://purl.allotrope.org/ontologies/role#AFRL_0000294,measurement role,other,AFO_role#AFRL:0000294
http://purl.allotrope.org/ontologies/role#AFRL_0000295,linking role,other,AFO_role#AFRL:0000295
http://purl.allotrope.org/ontologies/role#AFRL_0000296,controlling role,other,AFO_role#AFRL:0000296
http://purl.allotrope.org/ontologies/role#AFRL_0000297,controlled object role,other,AFO_role#AFRL:0000297
http://purl.allotrope.org/ontologies/role#AFRL_0000298,dilution role,other,AFO_role#AFRL:0000298
http://purl.allotrope.org/ontologies/role#AFRL_0000299,result role,other,AFO_role#AFRL:0000299
http://purl.allotrope.org/ontologies/role#AFRL_0000312,ratio datum role,other,AFO_role#AFRL:0000312
http://purl.allotrope.org/ontologies/role#AFRL_0000313,difference datum role,other,AFO_role#AFRL:0000313
http://purl.allotrope.org/ontologies/role#AFRL_0000314,relation role,other,AFO_role#AFRL:0000314
http://purl.allotrope.org/ontologies/role#AFRL_0000316,first member,other,AFO_role#AFRL:0000316
http://purl.allotrope.org/ontologies/role#AFRL_0000317,last member,other,AFO_role#AFRL:0000317
http://purl.allotrope.org/ontologies/role#AFRL_0000319,statistical role,other,AFO_role#AFRL:0000319
http://purl.allotrope.org/ontologies/role#AFRL_0000320,arithmetic mean role,other,AFO_role#AFRL:0000320
http://purl.allotrope.org/ontologies/role#AFRL_0000321,median role,other,AFO_role#AFRL:0000321
http://purl.allotrope.org/ontologies/role#AFRL_0000322,skewness role,other,AFO_role#AFRL:0000322
http://purl.allotrope.org/ontologies/role#AFRL_0000323,variance role,other,AFO_role#AFRL:0000323
http://purl.allotrope.org/ontologies/role#AFRL_0000324,statistical sample role,other,AFO_role#AFRL:0000324
http://purl.allotrope.org/ontologies/role#AFRL_0000325,statistical population role,other,AFO_role#AFRL:0000325
http://purl.allotrope.org/ontologies/role#AFRL_0000326,random variable,other,AFO_role#AFRL:0000326
http://purl.allotrope.org/ontologies/role#AFRL_0000328,statistic datum role,other,AFO_role#AFRL:0000328
http://purl.allotrope.org/ontologies/role#AFRL_0000330,trigger datum,other,AFO_role#AFRL:0000330
http://purl.allotrope.org/ontologies/role#AFRL_0000332,survival range,other,AFO_role#AFRL:0000332
http://purl.allotrope.org/ontologies/role#AFRL_0000333,alert datum,other,AFO_role#AFRL:0000333
http://purl.allotrope.org/ontologies/role#AFRL_0000335,reference signal,other,AFO_role#AFRL:0000335
http://purl.allotrope.org/ontologies/role#AFRL_0000336,domain (math),other,AFO_role#AFRL:0000336
http://purl.allotrope.org/ontologies/role#AFRL_0000337,codomain (math),other,AFO_role#AFRL:0000337
http://purl.allotrope.org/ontologies/role#AFRL_0000339,liquid mobile phase,other,AFO_role#AFRL:0000339
http://purl.allotrope.org/ontologies/role#AFRL_0000340,detector role,other,AFO_role#AFRL:0000340
http://purl.allotrope.org/ontologies/role#AFRL_0000344,synthesis role,other,AFO_role#AFRL:0000344
http://purl.allotrope.org/ontologies/role#AFRL_0000345,formulation role,other,AFO_role#AFRL:0000345
http://purl.allotrope.org/ontologies/role#AFRL_0000347,particulate phase,other,AFO_role#AFRL:0000347
http://purl.allotrope.org/ontologies/role#AFRL_0000351,active pharmaceutical ingredient role,other,AFO_role#AFRL:0000351
http://purl.allotrope.org/ontologies/role#AFRL_0000352,specimen role,other,AFO_role#AFRL:0000352
http://purl.allotrope.org/ontologies/role#AFRL_0000359,by-product role,other,AFO_role#AFRL:0000359
http://purl.allotrope.org/ontologies/role#AFRL_0000360,product role,other,AFO_role#AFRL:0000360
http://purl.allotrope.org/ontologies/role#AFRL_0000361,batch role,other,AFO_role#AFRL:0000361
http://purl.allotrope.org/ontologies/role#AFRL_0000362,filtration role,other,AFO_role#AFRL:0000362
http://purl.allotrope.org/ontologies/role#AFRL_0000363,rinse solution role,other,AFO_role#AFRL:0000363
http://purl.allotrope.org/ontologies/role#AFRL_0000364,impurity role,other,AFO_role#AFRL:0000364
http://purl.allotrope.org/ontologies/role#AFRL_0000365,degradation product role,other,AFO_role#AFRL:0000365
http://purl.allotrope.org/ontologies/role#AFRL_0000366,unidentified degradation product role,other,AFO_role#AFRL:0000366
http://purl.allotrope.org/ontologies/role#AFRL_0000367,unspecified degradation product role,other,AFO_role#AFRL:0000367
http://purl.allotrope.org/ontologies/role#AFRL_0000368,classification purpose,other,AFO_role#AFRL:0000368
http://purl.allotrope.org/ontologies/role#AFRL_0000369,sampling role,other,AFO_role#AFRL:0000369
http://purl.allotrope.org/ontologies/role#AFRL_0000370,population role,other,AFO_role#AFRL:0000370
http://purl.allotrope.org/ontologies/role#AFRL_0000371,sample set role,other,AFO_role#AFRL:0000371
http://purl.allotrope.org/ontologies/role#AFRL_0000373,spatial role,other,AFO_role#AFRL:0000373
http://purl.allotrope.org/ontologies/role#AFRL_0000402,head,other,AFO_role#AFRL:0000402
http://purl.allotrope.org/ontologies/role#AFRL_0000403,post,other,AFO_role#AFRL:0000403
http://purl.allotrope.org/ontologies/role#AFRL_0000404,approver,other,AFO_role#AFRL:0000404
http://purl.allotrope.org/ontologies/role#AFRL_0000405,researcher,other,AFO_role#AFRL:0000405
http://purl.allotrope.org/ontologies/role#AFRL_0000406,investigator,other,AFO_role#AFRL:0000406
http://purl.allotrope.org/ontologies/role#AFRL_0000407,reviewer,other,AFO_role#AFRL:0000407
http://purl.allotrope.org/ontologies/role#AFRL_0000409,signer,other,AFO_role#AFRL:0000409
http://purl.allotrope.org/ontologies/role#AFRL_0000410,calibration role,other,AFO_role#AFRL:0000410
http://purl.allotrope.org/ontologies/role#AFRL_0000411,reference material role,other,AFO_role#AFRL:0000411
http://purl.allotrope.org/ontologies/role#AFRL_0000420,starting material role,other,AFO_role#AFRL:0000420
http://purl.allotrope.org/ontologies/role#AFRL_0000421,limiting reagent role,other,AFO_role#AFRL:0000421
http://purl.allotrope.org/ontologies/role#AFRL_0000422,enantiomeric impurity role,other,AFO_role#AFRL:0000422
http://purl.allotrope.org/ontologies/role#AFRL_0000423,extraneous contaminant role,other,AFO_role#AFRL:0000423
http://purl.allotrope.org/ontologies/role#AFRL_0000424,identified impurity role,other,AFO_role#AFRL:0000424
http://purl.allotrope.org/ontologies/role#AFRL_0000425,potential impurity role,other,AFO_role#AFRL:0000425
http://purl.allotrope.org/ontologies/role#AFRL_0000426,specified impurity role,other,AFO_role#AFRL:0000426
http://purl.allotrope.org/ontologies/role#AFRL_0000427,unidentified impurity role,other,AFO_role#AFRL:0000427
http://purl.allotrope.org/ontologies/role#AFRL_0000428,unspecified impurity role,other,AFO_role#AFRL:0000428
http://purl.allotrope.org/ontologies/role#AFRL_0000429,identified degradation product role,other,AFO_role#AFRL:0000429
http://purl.allotrope.org/ontologies/role#AFRL_0000430,specified degradation product role,other,AFO_role#AFRL:0000430
http://purl.allotrope.org/ontologies/role#AFRL_0000432,internal standard role,other,AFO_role#AFRL:0000432
http://purl.allotrope.org/ontologies/role#AFRL_0000434,approving role,other,AFO_role#AFRL:0000434
http://purl.allotrope.org/ontologies/role#AFRL_0000435,signing role,other,AFO_role#AFRL:0000435
http://purl.allotrope.org/ontologies/role#AFRL_0000436,signed object,other,AFO_role#AFRL:0000436
http://purl.allotrope.org/ontologies/role#AFRL_0000437,signing contextual role,other,AFO_role#AFRL:0000437
http://purl.allotrope.org/ontologies/role#AFRL_0000438,signature role,other,AFO_role#AFRL:0000438
http://purl.allotrope.org/ontologies/role#AFRL_0000439,signed content role,other,AFO_role#AFRL:0000439
http://purl.allotrope.org/ontologies/role#AFRL_0000441,submitter role,other,AFO_role#AFRL:0000441
http://purl.allotrope.org/ontologies/role#AFRL_0000442,aggregated datum,other,AFO_role#AFRL:0000442
http://purl.allotrope.org/ontologies/role#AFRL_0000443,product (math),other,AFO_role#AFRL:0000443
http://purl.allotrope.org/ontologies/role#AFRL_0000444,aggregated feature,other,AFO_role#AFRL:0000444
http://purl.allotrope.org/ontologies/role#AFRL_0000446,software agent role,other,AFO_role#AFRL:0000446
http://purl.allotrope.org/ontologies/role#AFRL_0000448,general agent role,other,AFO_role#AFRL:0000448
http://purl.allotrope.org/ontologies/role#AFRL_0000449,submission role,other,AFO_role#AFRL:0000449
http://purl.allotrope.org/ontologies/role#AFRL_0000450,metadata role,other,AFO_role#AFRL:0000450
http://purl.allotrope.org/ontologies/role#AFRL_0000451,destination role,other,AFO_role#AFRL:0000451
http://purl.allotrope.org/ontologies/role#AFRL_0000452,origin role,other,AFO_role#AFRL:0000452
http://purl.allotrope.org/ontologies/role#AFRL_0000453,transferred material,other,AFO_role#AFRL:0000453
http://purl.allotrope.org/ontologies/role#AFRL_0000454,received object role,other,AFO_role#AFRL:0000454
http://purl.allotrope.org/ontologies/role#AFRL_0000455,sent object role,other,AFO_role#AFRL:0000455
http://purl.allotrope.org/ontologies/role#AFRL_0000457,predecessor role,other,AFO_role#AFRL:0000457
http://purl.allotrope.org/ontologies/role#AFRL_0000458,successor role,other,AFO_role#AFRL:0000458
http://purl.allotrope.org/ontologies/role#AFRL_0000461,triggering event,other,AFO_role#AFRL:0000461
http://purl.allotrope.org/ontologies/role#AFRL_0000462,triggered event,other,AFO_role#AFRL:0000462
http://purl.allotrope.org/ontologies/role#AFRL_0000463,direction role,other,AFO_role#AFRL:0000463
http://purl.allotrope.org/ontologies/role#AFRL_0000464,to role,other,AFO_role#AFRL:0000464
http://purl.allotrope.org/ontologies/role#AFRL_0000465,from role,other,AFO_role#AFRL:0000465
http://purl.allotrope.org/ontologies/role#AFRL_0000466,defining purpose,other,AFO_role#AFRL:0000466
http://purl.allotrope.org/ontologies/role#AFRL_0000471,ordering role,other,AFO_role#AFRL:0000471
http://purl.allotrope.org/ontologies/role#AFRL_0000472,workflow role,other,AFO_role#AFRL:0000472
http://purl.allotrope.org/ontologies/role#AFRL_0000473,default transition,other,AFO_role#AFRL:0000473
http://purl.allotrope.org/ontologies/role#AFRL_0000474,expected datum,other,AFO_role#AFRL:0000474
http://purl.allotrope.org/ontologies/role#AFRL_0000475,sequential,other,AFO_role#AFRL:0000475
http://purl.allotrope.org/ontologies/role#AFRL_0000476,repeatable,other,AFO_role#AFRL:0000476
http://purl.allotrope.org/ontologies/role#AFRL_0000477,calibrated datum,other,AFO_role#AFRL:0000477
http://purl.allotrope.org/ontologies/role#AFRL_0000478,parameter (math),other,AFO_role#AFRL:0000478
http://purl.allotrope.org/ontologies/role#AFRL_0000479,oxidant role,other,AFO_role#AFRL:0000479
http://purl.allotrope.org/ontologies/role#AFRL_0000480,fuel role,other,AFO_role#AFRL:0000480
http://purl.allotrope.org/ontologies/role#AFRL_0000481,make-up role,other,AFO_role#AFRL:0000481
http://purl.allotrope.org/ontologies/role#AFRL_0000484,coating process role,other,AFO_role#AFRL:0000484
http://purl.allotrope.org/ontologies/role#AFRL_0000485,capillary inner coating role,other,AFO_role#AFRL:0000485
http://purl.allotrope.org/ontologies/role#AFRL_0000486,endcapping role,other,AFO_role#AFRL:0000486
http://purl.allotrope.org/ontologies/role#AFRL_0000487,stored object role,other,AFO_role#AFRL:0000487
http://purl.allotrope.org/ontologies/role#AFRL_0000488,calibrated instrument role,other,AFO_role#AFRL:0000488
http://purl.allotrope.org/ontologies/role#AFRL_0000489,diluted material role,other,AFO_role#AFRL:0000489
http://purl.allotrope.org/ontologies/role#AFRL_0000493,calibration item role,other,AFO_role#AFRL:0000493
http://purl.allotrope.org/ontologies/role#AFRL_0000495,mass spectrometry role,other,AFO_role#AFRL:0000495
http://purl.allotrope.org/ontologies/role#AFRL_0000496,product ion role,other,AFO_role#AFRL:0000496
http://purl.allotrope.org/ontologies/role#AFRL_0000497,precursor ion role,other,AFO_role#AFRL:0000497
http://purl.allotrope.org/ontologies/role#AFRL_0000499,ion role,other,AFO_role#AFRL:0000499
http://purl.allotrope.org/ontologies/role#AFRL_0000500,qualifier transition role,other,AFO_role#AFRL:0000500
http://purl.allotrope.org/ontologies/role#AFRL_0000501,quantifier transition role,other,AFO_role#AFRL:0000501
http://purl.allotrope.org/ontologies/role#AFRL_0000502,qualified transition role,other,AFO_role#AFRL:0000502
http://purl.allotrope.org/ontologies/role#AFRL_0000504,operating minimum,other,AFO_role#AFRL:0000504
http://purl.allotrope.org/ontologies/role#AFRL_0000505,cooling role,other,AFO_role#AFRL:0000505
http://purl.allotrope.org/ontologies/role#AFRL_0000506,coolant role,other,AFO_role#AFRL:0000506
http://purl.allotrope.org/ontologies/role#AFRL_0000508,sample role (preparation),other,AFO_role#AFRL:0000508
http://purl.allotrope.org/ontologies/role#AFRL_0000509,nebulizer support role,other,AFO_role#AFRL:0000509
http://purl.allotrope.org/ontologies/role#AFRL_0000510,drying additive role,other,AFO_role#AFRL:0000510
http://purl.allotrope.org/ontologies/role#AFRL_0000511,drying role,other,AFO_role#AFRL:0000511
http://purl.allotrope.org/ontologies/role#AFRL_0000512,drying medium role,other,AFO_role#AFRL:0000512
http://purl.allotrope.org/ontologies/role#AFRL_0000513,material dried role,other,AFO_role#AFRL:0000513
http://purl.allotrope.org/ontologies/role#AFRL_0000516,reagent role (ms),other,AFO_role#AFRL:0000516
http://purl.allotrope.org/ontologies/role#AFRL_0000517,adduct ion role,other,AFO_role#AFRL:0000517
http://purl.allotrope.org/ontologies/role#AFRL_0000518,fragment ion role,other,AFO_role#AFRL:0000518
http://purl.allotrope.org/ontologies/role#AFRL_0000519,default condition role,other,AFO_role#AFRL:0000519
http://purl.allotrope.org/ontologies/role#AFRL_0000520,default role,other,AFO_role#AFRL:0000520
http://purl.allotrope.org/ontologies/role#AFRL_0000521,repeated action role,other,AFO_role#AFRL:0000521
http://purl.allotrope.org/ontologies/role#AFRL_0000524,reference pan role,other,AFO_role#AFRL:0000524
http://purl.allotrope.org/ontologies/role#AFRL_0000525,sample pan role,other,AFO_role#AFRL:0000525
http://purl.allotrope.org/ontologies/role#AFRL_0000526,differential scanning calorimetry role,other,AFO_role#AFRL:0000526
http://purl.allotrope.org/ontologies/role#AFRL_0000527,standard deviation role,other,AFO_role#AFRL:0000527
http://purl.allotrope.org/ontologies/role#AFRL_0000528,dynamic vapor sorption role,other,AFO_role#AFRL:0000528
http://purl.allotrope.org/ontologies/role#AFRL_0000529,exhaust gas role (DVS),other,AFO_role#AFRL:0000529
http://purl.allotrope.org/ontologies/role#AFRL_0000530,dry gas role (DVS),other,AFO_role#AFRL:0000530
http://purl.allotrope.org/ontologies/role#AFRL_0000531,saturated gas role (DVS),other,AFO_role#AFRL:0000531
http://purl.allotrope.org/ontologies/role#AFRL_0000532,inlet gas role (DVS),other,AFO_role#AFRL:0000532
http://purl.allotrope.org/ontologies/role#AFRL_0000533,reaction mixture role,other,AFO_role#AFRL:0000533
http://purl.allotrope.org/ontologies/role#AFRL_0000535,PCR role,other,AFO_role#AFRL:0000535
http://purl.allotrope.org/ontologies/role#AFRL_0000536,reporter dye role,other,AFO_role#AFRL:0000536
http://purl.allotrope.org/ontologies/role#AFRL_0000537,passive reference dye role,other,AFO_role#AFRL:0000537
http://purl.allotrope.org/ontologies/role#AFRL_0000538,quencher dye role,other,AFO_role#AFRL:0000538
http://purl.allotrope.org/ontologies/role#AFRL_0000539,relative standard deviation role,other,AFO_role#AFRL:0000539
http://purl.allotrope.org/ontologies/role#AFRL_0000542,purge gas role,other,AFO_role#AFRL:0000542
http://purl.allotrope.org/ontologies/role#AFRL_0000543,product role (economic),other,AFO_role#AFRL:0000543
http://purl.allotrope.org/ontologies/role#AFRL_0000544,information product role,other,AFO_role#AFRL:0000544
http://purl.allotrope.org/ontologies/role#AFRL_0000545,physical product role,other,AFO_role#AFRL:0000545
http://purl.allotrope.org/ontologies/role#AFRL_0000546,z-coordinate role,other,AFO_role#AFRL:0000546
http://purl.allotrope.org/ontologies/role#AFRL_0000547,matrix role,other,AFO_role#AFRL:0000547
http://purl.allotrope.org/ontologies/role#AFRL_0000549,sample introduction medium role,other,AFO_role#AFRL:0000549
http://purl.allotrope.org/ontologies/role#AFRL_0000550,loading role,other,AFO_role#AFRL:0000550
http://purl.allotrope.org/ontologies/role#AFRL_0000551,loading medium role,other,AFO_role#AFRL:0000551
http://purl.allotrope.org/ontologies/role#AFRL_0000552,localization role,other,AFO_role#AFRL:0000552
http://purl.allotrope.org/ontologies/role#AFRL_0000553,carrier role,other,AFO_role#AFRL:0000553
http://purl.allotrope.org/ontologies/role#AFRL_0000554,carrying role,other,AFO_role#AFRL:0000554
http://purl.allotrope.org/ontologies/role#AFRL_0000555,loaded material,other,AFO_role#AFRL:0000555
http://purl.allotrope.org/ontologies/role#AFRL_0000558,abrading material role,other,AFO_role#AFRL:0000558
http://purl.allotrope.org/ontologies/role#AFRL_0000559,abraded material role,other,AFO_role#AFRL:0000559
http://purl.allotrope.org/ontologies/role#AFRL_0000560,abrading role,other,AFO_role#AFRL:0000560
http://purl.allotrope.org/ontologies/role#AFRL_0000561,abrading source role,other,AFO_role#AFRL:0000561
http://purl.allotrope.org/ontologies/role#AFRL_0000563,fraction role,other,AFO_role#AFRL:0000563
http://purl.allotrope.org/ontologies/role#AFRL_0000565,maximum value role,other,AFO_role#AFRL:0000565
http://purl.allotrope.org/ontologies/role#AFRL_0000566,minimum value role,other,AFO_role#AFRL:0000566
http://purl.allotrope.org/ontologies/role#AFRL_0000567,dispensing role,other,AFO_role#AFRL:0000567
http://purl.allotrope.org/ontologies/role#AFRL_0000568,dispensed material role,other,AFO_role#AFRL:0000568
http://purl.allotrope.org/ontologies/role#AFRL_0000569,internal standard sample role,other,AFO_role#AFRL:0000569
http://purl.allotrope.org/ontologies/role#AFRL_0000570,matrix sample role,other,AFO_role#AFRL:0000570
http://purl.allotrope.org/ontologies/role#AFRL_0000571,narrow standard role (size-exclusion chromatography),other,AFO_role#AFRL:0000571
http://purl.allotrope.org/ontologies/role#AFRL_0000572,broad standard role (size-exclusion chromatography),other,AFO_role#AFRL:0000572
http://purl.allotrope.org/ontologies/role#AFRL_0000573,fluorescent tag role,other,AFO_role#AFRL:0000573
http://purl.allotrope.org/ontologies/role#AFRL_0000574,fluorimetry role,other,AFO_role#AFRL:0000574
http://purl.allotrope.org/ontologies/role#AFRL_0000575,initial value role,other,AFO_role#AFRL:0000575
http://purl.allotrope.org/ontologies/role#AFRL_0000576,final value role,other,AFO_role#AFRL:0000576
http://purl.allotrope.org/ontologies/role#AFRL_0000577,positive control sample role,other,AFO_role#AFRL:0000577
http://purl.allotrope.org/ontologies/role#AFRL_0000578,negative control sample role,other,AFO_role#AFRL:0000578
http://purl.allotrope.org/ontologies/role#AFRL_0000579,heterozygous control sample role,other,AFO_role#AFRL:0000579
http://purl.allotrope.org/ontologies/role#AFRL_0000580,homozygous control sample role,other,AFO_role#AFRL:0000580
http://purl.allotrope.org/ontologies/role#AFRL_0000581,reference DNA control sample role,other,AFO_role#AFRL:0000581
http://purl.allotrope.org/ontologies/role#AFRL_0000582,non-specific DNA amplification control sample role,other,AFO_role#AFRL:0000582
http://purl.allotrope.org/ontologies/role#AFRL_0000583,receptor role,other,AFO_role#AFRL:0000583
http://purl.allotrope.org/ontologies/role#AFRL_0000584,geometric mean role,other,AFO_role#AFRL:0000584
http://purl.allotrope.org/ontologies/role#AFRL_0000585,coefficient of variation role,other,AFO_role#AFRL:0000585
http://purl.allotrope.org/ontologies/role#AFRL_0000586,median absolute deviation role,other,AFO_role#AFRL:0000586
http://purl.allotrope.org/ontologies/role#AFRL_0000587,buffer solution role,other,AFO_role#AFRL:0000587
http://purl.allotrope.org/ontologies/spatial#AFSP_0000001,site (organization),other,AFO_spatial#AFSP:0000001
http://purl.allotrope.org/ontologies/spatial#AFSP_0000002,bench (site),other,AFO_spatial#AFSP:0000002
http://purl.allotrope.org/ontologies/spatial#AFSP_0000003,building (site),other,AFO_spatial#AFSP:0000003
http://purl.allotrope.org/ontologies/spatial#AFSP_0000004,room,other,AFO_spatial#AFSP:0000004
http://purl.allotrope.org/ontologies/spatial#AFSP_0000005,space,other,AFO_spatial#AFSP:0000005
http://purl.allotrope.org/ontologies/spatial#AFSP_0000006,campus,other,AFO_spatial#AFSP:0000006
http://purl.allotrope.org/ontologies/spatial#AFSP_0000007,section (site),other,AFO_spatial#AFSP:0000007
http://purl.allotrope.org/ontologies/spatial#AFSP_0000009,well,other,AFO_spatial#AFSP:0000009
http://purl.obolibrary.org/obo/BFO_0000001,entity,other,BFO:0000001
http://purl.obolibrary.org/obo/BFO_0000002,continuant,other,BFO:0000002
http://purl.obolibrary.org/obo/BFO_0000003,occurrent,other,BFO:0000003
http://purl.obolibrary.org/obo/BFO_0000004,independent continuant,other,BFO:0000004
http://purl.obolibrary.org/obo/BFO_0000006,spatial region,other,BFO:0000006
http://purl.obolibrary.org/obo/BFO_0000008,temporal region,other,BFO:0000008
http://purl.obolibrary.org/obo/BFO_0000009,two-dimensional spatial region,other,BFO:0000009
http://purl.obolibrary.org/obo/BFO_0000011,spatiotemporal region,other,BFO:0000011
http://purl.obolibrary.org/obo/BFO_0000015,process,other,BFO:0000015
http://purl.obolibrary.org/obo/BFO_0000016,disposition,other,BFO:0000016
http://purl.obolibrary.org/obo/BFO_0000017,realizable entity,other,BFO:0000017
http://purl.obolibrary.org/obo/BFO_0000018,zero-dimensional spatial region,other,BFO:0000018
http://purl.obolibrary.org/obo/BFO_0000019,quality,other,BFO:0000019
http://purl.obolibrary.org/obo/BFO_0000020,specifically dependent continuant,other,BFO:0000020
http://purl.obolibrary.org/obo/BFO_0000023,role,other,BFO:0000023
http://purl.obolibrary.org/obo/BFO_0000024,fiat object part,other,BFO:0000024
http://purl.obolibrary.org/obo/BFO_0000026,one-dimensional spatial region,other,BFO:0000026
http://purl.obolibrary.org/obo/BFO_0000027,object aggregate,other,BFO:0000027
http://purl.obolibrary.org/obo/BFO_0000028,three-dimensional spatial region,other,BFO:0000028
http://purl.obolibrary.org/obo/BFO_0000029,site,other,BFO:0000029
http://purl.obolibrary.org/obo/BFO_0000030,object,other,BFO:0000030
http://purl.obolibrary.org/obo/BFO_0000031,generically dependent continuant,other,BFO:0000031
http://purl.obolibrary.org/obo/BFO_0000034,function,other,BFO:0000034
http://purl.obolibrary.org/obo/BFO_0000035,process boundary,other,BFO:0000035
http://purl.obolibrary.org/obo/BFO_0000038,one-dimensional temporal region,other,BFO:0000038
http://purl.obolibrary.org/obo/BFO_0000040,material entity,other,BFO:0000040
http://purl.obolibrary.org/obo/BFO_0000140,continuant fiat boundary,other,BFO:0000140
http://purl.obolibrary.org/obo/BFO_0000141,immaterial entity,other,BFO:0000141
http://purl.obolibrary.org/obo/BFO_0000142,one-dimensional continuant fiat boundary,other,BFO:0000142
http://purl.obolibrary.org/obo/BFO_0000144,process profile,other,BFO:0000144
http://purl.obolibrary.org/obo/BFO_0000145,relational quality,other,BFO:0000145
http://purl.obolibrary.org/obo/BFO_0000146,two-dimensional continuant fiat boundary,other,BFO:0000146
http://purl.obolibrary.org/obo/BFO_0000147,zero-dimensional continuant fiat boundary,other,BFO:0000147
http://purl.obolibrary.org/obo/BFO_0000148,zero-dimensional temporal region,other,BFO:0000148
http://purl.obolibrary.org/obo/BFO_0000182,history,other,AFO:0000182
http://purl.obolibrary.org/obo/CARO_0000006,material anatomical entity,other,CARO:0000006
http://purl.obolibrary.org/obo/CHEBI_15377,water (molecule),other,CHEBI:15377
http://purl.obolibrary.org/obo/CHEBI_15379,dioxygen (molecule),other,AFO_I:15379
http://purl.obolibrary.org/obo/CHEBI_16134,ammonia (molecule),other,AFO_I:16134
http://purl.obolibrary.org/obo/CHEBI_16183,methane (molecule),other,AFO_I:16183
http://purl.obolibrary.org/obo/CHEBI_16526,carbon dioxide (molecule),other,AFO_I:16526
http://purl.obolibrary.org/obo/CHEBI_17245,carbon monoxide (molecule),other,CHEBI:17245
http://purl.obolibrary.org/obo/CHEBI_17632,nitrate ion,other,AFO_I:17632
http://purl.obolibrary.org/obo/CHEBI_17997,dinitrogen (molecule),other,AFO_I:17997
http://purl.obolibrary.org/obo/CHEBI_18153,ethene (molecule),other,AFO_I:18153
http://purl.obolibrary.org/obo/CHEBI_18276,dihydrogen (molecule),other,AFO_I:18276
http://purl.obolibrary.org/obo/CHEBI_23367,molecular entity,other,CHEBI:23367
http://purl.obolibrary.org/obo/CHEBI_25195,mercury (atom),other,AFO_I:25195
http://purl.obolibrary.org/obo/CHEBI_25367,molecule,other,CHEBI:25367
http://purl.obolibrary.org/obo/CHEBI_25812,ozone (molecule),other,AFO_I:25812
http://purl.obolibrary.org/obo/CHEBI_26191,polyol (molecule),other,CHEBI:26191
http://purl.obolibrary.org/obo/CHEBI_26519,radical,other,AFO_I:26519
http://purl.obolibrary.org/obo/CHEBI_27518,acetylene (molecule),other,AFO_I:27518
http://purl.obolibrary.org/obo/CHEBI_30212,photon,other,AFO_I:30212
http://purl.obolibrary.org/obo/CHEBI_33253,nucleon,other,AFO_I:33253
http://purl.obolibrary.org/obo/CHEBI_33681,helium (atom),other,AFO_I:33681
http://purl.obolibrary.org/obo/CHEBI_36338,lepton,other,AFO_I:36338
http://purl.obolibrary.org/obo/CHEBI_36339,baryon,other,AFO_I:36339
http://purl.obolibrary.org/obo/CHEBI_36340,fermion,other,AFO_I:36340
http://purl.obolibrary.org/obo/CHEBI_36341,boson,other,AFO_I:36341
http://purl.obolibrary.org/obo/CHEBI_36342,subatomic particle,other,AFO_I:36342
http://purl.obolibrary.org/obo/CHEBI_36347,nuclear particle,other,AFO_I:36347
http://purl.obolibrary.org/obo/CHEBI_49468,silver(1+) ion,other,AFO_I:49468
http://purl.obolibrary.org/obo/CHEBI_49474,argon (atom),other,AFO_I:49474
http://purl.obolibrary.org/obo/CHEBI_53212,isocyanate (molecule),other,AFO_I:53212
http://purl.obolibrary.org/obo/CHMO_0000993,portion of material,other,AFO_:0000993
http://purl.obolibrary.org/obo/ENVO_00002005,air,other,AFO_:00002005
http://purl.obolibrary.org/obo/ENVO_00010483,environmental material,other,ENVO:00010483
http://purl.obolibrary.org/obo/ENVO_01000254,environmental system,other,ENVO:01000254
http://purl.obolibrary.org/obo/IAO_0000005,objective specification,other,AFO:0000005
http://purl.obolibrary.org/obo/IAO_0000009,datum label,other,AFO:0000009
http://purl.obolibrary.org/obo/IAO_0000010,software,other,AFO:0000010
http://purl.obolibrary.org/obo/IAO_0000017,model number,other,AFO:0000017
http://purl.obolibrary.org/obo/IAO_0000028,symbol,other,AFO:0000028
http://purl.obolibrary.org/obo/IAO_0000030,information content entity,other,IAO:0000030
http://purl.obolibrary.org/obo/IAO_0000037,dot plot,other,AFO:0000037
http://purl.obolibrary.org/obo/IAO_0000038,graph,other,AFO:0000038
http://purl.obolibrary.org/obo/IAO_0000064,algorithm,other,AFO:0000064
http://purl.obolibrary.org/obo/IAO_0000088,report,other,IAO:0000088
http://purl.obolibrary.org/obo/IAO_0000098,data format specification,other,AFO:0000098
http://purl.obolibrary.org/obo/IAO_0000101,image,other,AFO:0000101
http://purl.obolibrary.org/obo/IAO_0000129,version number,other,AFO:0000129
http://purl.obolibrary.org/obo/IAO_0000131,serial number,other,AFO:0000131
http://purl.obolibrary.org/obo/IAO_0000132,lot number,other,AFO:0000132
http://purl.obolibrary.org/obo/IAO_0000178,material information bearer,other,IAO:0000178
http://purl.obolibrary.org/obo/IAO_0000300,textual entity,other,AFO:0000300
http://purl.obolibrary.org/obo/IAO_0000304,caption,other,AFO:0000304
http://purl.obolibrary.org/obo/IAO_0000306,table,other,AFO:0000306
http://purl.obolibrary.org/obo/IAO_0000308,figure,other,AFO:0000308
http://purl.obolibrary.org/obo/IAO_0000309,diagram,other,AFO:0000309
http://purl.obolibrary.org/obo/IAO_0000310,document,other,IAO:0000310
http://purl.obolibrary.org/obo/IAO_0000422,postal address,other,AFO:0000422
http://purl.obolibrary.org/obo/IAO_0000429,email address,other,AFO:0000429
http://purl.obolibrary.org/obo/IAO_0000573,line graph,other,AFO:0000573
http://purl.obolibrary.org/obo/IAO_0000577,centrally registered identifier symbol,other,AFO:0000577
http://purl.obolibrary.org/obo/IAO_0000578,centrally registered identifier,other,AFO:0000578
http://purl.obolibrary.org/obo/IAO_0000579,centrally registered identifier registry,other,AFO:0000579
http://purl.obolibrary.org/obo/IAO_0000590,written name,other,AFO:0000590
http://purl.obolibrary.org/obo/MONDO_0000001,disease,other,AFO_O:0000001
http://purl.obolibrary.org/obo/NCBITaxon_9606,human,other,NCBITaxon:9606
http://purl.obolibrary.org/obo/NCIT_C142533,electronic signature,other,AFO_:C142533
http://purl.obolibrary.org/obo/NCIT_C42636,pharmaceutical dosage form,other,AFO_:C42636
http://purl.obolibrary.org/obo/NCIT_C42998,tablet dosage form,other,AFO_:C42998
http://purl.obolibrary.org/obo/NCIT_C45235,solid dosage form,other,AFO_:C45235
http://purl.obolibrary.org/obo/NCIT_C48297,server,other,AFO_:C48297
http://purl.obolibrary.org/obo/OBI_0000011,planned process,other,OBI:0000011
http://purl.obolibrary.org/obo/OBI_0000018,material supplier role,other,AFO:0000018
http://purl.obolibrary.org/obo/OBI_0000047,processed material,other,OBI:0000047
http://purl.obolibrary.org/obo/OBI_0000086,reagent role,other,AFO:0000086
http://purl.obolibrary.org/obo/OBI_0000094,material processing,other,OBI:0000094
http://purl.obolibrary.org/obo/OBI_0000260,plan,other,AFO:0000260
http://purl.obolibrary.org/obo/OBI_0000457,manufacturing,other,AFO:0000457
http://purl.obolibrary.org/obo/OBI_0000571,manufacturer role,other,AFO:0000571
http://purl.obolibrary.org/obo/OBI_0000835,manufacturer,other,AFO:0000835
http://purl.obolibrary.org/obo/OBI_0100026,organism,other,AFO:0100026
http://purl.obolibrary.org/obo/OBI_0200072,curve fitting,other,AFO:0200072
http://purl.obolibrary.org/obo/PATO_0000008,speed,other,AFO_:0000008
http://purl.obolibrary.org/obo/PATO_0000014,color (quality),other,AFO_:0000014
http://purl.obolibrary.org/obo/PATO_0000018,fluorescence (quality),other,AFO_:0000018
http://purl.obolibrary.org/obo/PATO_0000025,composition,other,AFO_:0000025
http://purl.obolibrary.org/obo/PATO_0000033,concentration (quality),other,PATO:0000033
http://purl.obolibrary.org/obo/PATO_0000048,hardness (quality),other,AFO_:0000048
http://purl.obolibrary.org/obo/PATO_0000051,morphology,other,AFO_:0000051
http://purl.obolibrary.org/obo/PATO_0000052,shape (quality),other,PATO:0000052
http://purl.obolibrary.org/obo/PATO_0000117,size (quality),other,AFO_:0000117
http://purl.obolibrary.org/obo/PATO_0000119,height (quality),other,AFO_:0000119
http://purl.obolibrary.org/obo/PATO_0000122,length (quality),other,AFO_:0000122
http://purl.obolibrary.org/obo/PATO_0000125,mass (quality),other,AFO_:0000125
http://purl.obolibrary.org/obo/PATO_0000140,position (quality),other,AFO_:0000140
http://purl.obolibrary.org/obo/PATO_0000141,structure,other,AFO_:0000141
http://purl.obolibrary.org/obo/PATO_0000146,temperature (quality),other,AFO_:0000146
http://purl.obolibrary.org/obo/PATO_0000169,viability (quality),other,AFO_:0000169
http://purl.obolibrary.org/obo/PATO_0000719,viable,other,AFO_:0000719
http://purl.obolibrary.org/obo/PATO_0000915,thickness (quality),other,AFO_:0000915
http://purl.obolibrary.org/obo/PATO_0000918,volume (quality),other,AFO_:0000918
http://purl.obolibrary.org/obo/PATO_0000921,width (quality),other,AFO_:0000921
http://purl.obolibrary.org/obo/PATO_0000970,permeability,other,AFO_:0000970
http://purl.obolibrary.org/obo/PATO_0000973,porosity (quality),other,AFO_:0000973
http://purl.obolibrary.org/obo/PATO_0000984,fully porous,other,AFO_:0000984
http://purl.obolibrary.org/obo/PATO_0000985,non-porous,other,AFO_:0000985
http://purl.obolibrary.org/obo/PATO_0000992,viscosity (quality),other,AFO_:0000992
http://purl.obolibrary.org/obo/PATO_0001019,mass density (quality),other,AFO_:0001019
http://purl.obolibrary.org/obo/PATO_0001024,power (quality),other,AFO_:0001024
http://purl.obolibrary.org/obo/PATO_0001025,pressure (quality),other,AFO_:0001025
http://purl.obolibrary.org/obo/PATO_0001035,force (quality),other,AFO_:0001035
http://purl.obolibrary.org/obo/PATO_0001159,concentrated,other,AFO_:0001159
http://purl.obolibrary.org/obo/PATO_0001161,diluted,other,AFO_:0001161
http://purl.obolibrary.org/obo/PATO_0001230,strength (quality),other,AFO_:0001230
http://purl.obolibrary.org/obo/PATO_0001242,wavelength (quality),other,AFO_:0001242
http://purl.obolibrary.org/obo/PATO_0001291,electromagnetic radiation quality,other,AFO_:0001291
http://purl.obolibrary.org/obo/PATO_0001300,optical quality,other,AFO_:0001300
http://purl.obolibrary.org/obo/PATO_0001323,area (quality),other,AFO_:0001323
http://purl.obolibrary.org/obo/PATO_0001334,diameter (quality),other,AFO_:0001334
http://purl.obolibrary.org/obo/PATO_0001413,angular velocity (quality),other,AFO_:0001413
http://purl.obolibrary.org/obo/PATO_0001421,alive,other,AFO_:0001421
http://purl.obolibrary.org/obo/PATO_0001422,dead,other,AFO_:0001422
http://purl.obolibrary.org/obo/PATO_0001574,flow rate (quality),other,AFO_:0001574
http://purl.obolibrary.org/obo/PATO_0001585,conductivity (quality),other,AFO_:0001585
http://purl.obolibrary.org/obo/PATO_0001595,depth (quality),other,AFO_:0001595
http://purl.obolibrary.org/obo/PATO_0001681,molar mass (quality),other,AFO_:0001681
http://purl.obolibrary.org/obo/PATO_0001708,1-D extent,other,AFO_:0001708
http://purl.obolibrary.org/obo/PATO_0001709,2-D extent,other,AFO_:0001709
http://purl.obolibrary.org/obo/PATO_0001710,3-D extent,other,AFO_:0001710
http://purl.obolibrary.org/obo/PATO_0001757,electrical conductivity (quality),other,AFO_:0001757
http://purl.obolibrary.org/obo/PATO_0001770,semi-viable,other,AFO_:0001770
http://purl.obolibrary.org/obo/PATO_0001842,pH (quality),other,AFO_:0001842
http://purl.obolibrary.org/obo/PATO_0001884,hydrophobicity (quality),other,AFO_:0001884
http://purl.obolibrary.org/obo/PATO_0001906,movement quality,other,AFO_:0001906
http://purl.obolibrary.org/obo/PATO_0001995,organismal quality,other,AFO_:0001995
http://purl.obolibrary.org/obo/PATO_0002027,osmolality (quality),other,AFO_:0002027
http://purl.obolibrary.org/obo/PATO_0002070,affinity,other,AFO_:0002070
http://purl.obolibrary.org/obo/PATO_0002186,polarity (molecular quality),other,AFO_:0002186
http://purl.obolibrary.org/obo/PATO_0002189,polarizability (quality),other,AFO_:0002189
http://purl.obolibrary.org/obo/PATO_0002193,electric charge (molecular quality),other,AFO_:0002193
http://purl.obolibrary.org/obo/PATO_0002194,neutral charge,other,AFO_:0002194
http://purl.obolibrary.org/obo/PATO_0002195,positive charge,other,AFO_:0002195
http://purl.obolibrary.org/obo/PATO_0002196,negative charge,other,AFO_:0002196
http://purl.obolibrary.org/obo/PATO_0002242,velocity,other,AFO_:0002242
http://purl.obolibrary.org/obo/PATO_0002243,fluid flow rate (quality),other,AFO_:0002243
http://purl.obolibrary.org/obo/PATO_0002244,mass flow rate (quality),other,AFO_:0002244
http://purl.obolibrary.org/obo/PATO_0002390,radius (quality),other,AFO_:0002390
http://purl.obolibrary.org/obo/PATO_0015009,humidity (quality),other,AFO_:0015009
http://purl.obolibrary.org/obo/RO_0002577,system,other,RO:0002577
http://purl.org/dc/terms/LicenseDocument,LicenseDocument,other,DCTERMS:LicenseDocument
http://purl.org/dc/terms/RightsStatement,RightsStatement,other,DCTERMS:RightsStatement
http://purl.org/linked-data/cube#DataSet,data cube,other,DataSet
http://qudt.org/schema/qudt#Dimension,dimension,other,Dimension
http://qudt.org/schema/qudt#DimensionVector,dimension vector,other,DimensionVector
http://qudt.org/schema/qudt#EnumeratedValue,enumerated value,other,EnumeratedValue
http://qudt.org/schema/qudt#Quantity,quantity,other,Quantity
http://qudt.org/schema/qudt#QuantityKind,quantity kind,other,QuantityKind
http://qudt.org/schema/qudt#QuantityValue,quantity value,other,QuantityValue
http://qudt.org/schema/qudt#SystemOfQuantities,system of quantity kinds,other,SystemOfQuantities
http://qudt.org/schema/qudt#SystemOfUnits,system of units,other,SystemOfUnits
http://qudt.org/schema/qudt#Unit,unit of measure,other,Unit
http://www.w3.org/2004/02/skos/core#Collection,Collection,other,SKOS:Collection
http://www.w3.org/2004/02/skos/core#Concept,Concept,other,SKOS:Concept
http://www.w3.org/2004/02/skos/core#ConceptScheme,Concept Scheme,other,SKOS:ConceptScheme
http://www.w3.org/2004/02/skos/core#OrderedCollection,Ordered Collection,other,SKOS:OrderedCollection
http://www.w3.org/2006/time#Instant,instant,other,Instant
http://www.w3.org/2006/time#Interval,interval,other,Interval
http://www.w3.org/ns/shacl#NodeShape,Node shape,other,NodeShape
http://www.w3.org/ns/shacl#PropertyShape,Property shape,other,PropertyShape
http://www.w3.org/ns/shacl#Shape,Shape,other,Shape
http://xmlns.com/foaf/0.1/Organization,Organization,other,Organization
