domain,url,doc_type,title,slot,pillars
www.thermofisher.com,https://www.thermofisher.com/us/en/home/industrial/environmental/environmental-learning-center/environmental-resource-library/fast5-issues/fast5-december-2015-operating-410i-carbon-dioxide-gas-analyzer.html,manual,fast5 december 15 operating 41 i carbon dioxide gas analyzer,GDTI,
www.thermofisher.com,https://www.thermofisher.com/us/en/home/industrial/environmental/environmental-learning-center/environmental-resource-library/fast5-issues/fast5-january-2016-operating-51i-total-carbon-analyzer.html,manual,fast5 january 16 operating 51i total carbon analyzer,GDTI,
www.thermofisher.com,https://www.thermofisher.com/us/en/home/industrial/environmental/environmental-learning-center/environmental-resource-library/fast5-issues/fast5-february-2016-operating-450i-hydrogen-sulfide-sulfur-dioxide-analyzer.html,manual,fast5 february 16 operating 45 i hydrogen sulfide sulfur dioxide analyzer,GDTI,
www.thermofisher.com,https://www.thermofisher.com/us/en/home/industrial/environmental/environmental-learning-center/environmental-resource-library/fast5-issues/fast5-october-2016-tips-tricks-modbus-standard-protocol.html,application-note,fast5 october 16 tips tricks modbus standard protocol,GDTI,P3
www.thermofisher.com,https://www.thermofisher.com/us/en/home/industrial/environmental/environmental-learning-center/environmental-resource-library/fast5-issues/fast5-may-2018-modbus-protocol-modbus-register-tables.html,application-note,fast5 may 18 modbus protocol modbus register tables,GDTI,P3
www.thermofisher.com,https://www.thermofisher.com/us/en/home/industrial/environmental/environmental-learning-center/environmental-resource-library/talk-tech/talk-tech-january-2015-pm-10-inlet-cleaning-instructions.html,manual,talk tech january 15 pm 1 inlet cleaning instructions,GDTI,P3
www.thermofisher.com,https://www.thermofisher.com/us/en/home/industrial/environmental/environmental-learning-center/environmental-resource-library/talk-tech/talk-tech-february-2015-finding-operators-manuals.html,manual,talk tech february 15 finding operators manuals,GDTI,
www.thermofisher.com,https://www.thermofisher.com/us/en/home/industrial/environmental/environmental-learning-center/environmental-resource-library/talk-tech/talk-tech-march-2015-updating-firmware-using-eport.html,driver,talk tech march 15 updating firmware using eport,GDTI,
www.thermofisher.com,https://www.thermofisher.com/us/en/home/industrial/chromatography/liquid-chromatography-lc/hplc-uhplc-systems/hplc-system-total-cost-ownership-calculator.html,manual,hplc system total cost ownership calculator,GDTI,
www.thermofisher.com,https://www.thermofisher.com/us/en/home/industrial/chromatography/chromatography-data-systems-cds/chromeleon-cds-ce-drivers.html,driver,chromeleon cds ce drivers,GDTI,P2
www.thermofisher.com,https://www.thermofisher.com/us/en/home/industrial/chromatography/chromatography-learning-center/chromatography-resource-library/customer-application-notes.html,application-note,customer application notes,GDTI,P3
www.thermofisher.com,https://www.thermofisher.com/us/en/home/industrial/spectroscopy-elemental-isotope-analysis/spectroscopy-elemental-isotope-analysis-applications/analytical-instrument-solutions-automotive/automotive-paints-coatings-adhesives.html,certificate,automotive paints coatings adhesives,GDTI,
www.thermofisher.com,https://www.thermofisher.com/us/en/home/industrial/microbiology/microbial-identification/biochemical-identification/biochemical-identification-software-downloads.html,driver,biochemical identification software downloads,GDTI,P2
www.thermofisher.com,https://www.thermofisher.com/us/en/home/industrial/microbiology/microbiology-learning-center/susceptibility-testing-empowered/IMC-white-paper.html,application-note,IMC white paper,GDTI,
www.thermofisher.com,https://www.thermofisher.com/us/en/home/industrial/mass-spectrometry/proteomics-mass-spectrometry/quantitative-proteomics-mass-spectrometry/silac-quantitation.html,driver,silac quantitation,GDTI,P2
www.thermofisher.com,https://www.thermofisher.com/us/en/home/industrial/manufacturing-processing/online-non-contact-measurement-gauges/metals-online-coating-weight-thickness-measurement.html,certificate,metals online coating weight thickness measurement,GDTI,
www.thermofisher.com,https://www.thermofisher.com/us/en/home/industrial/manufacturing-processing/online-non-contact-measurement-gauges/metals-online-coating-weight-thickness-measurement/metals-thickness-coating-weight-measurement-applications.html,certificate,metals thickness coating weight measurement applications,GDTI,
www.thermofisher.com,https://www.thermofisher.com/us/en/home/industrial/manufacturing-processing/online-non-contact-measurement-gauges/metals-online-coating-weight-thickness-measurement/metals-thickness-coating-weight-measurement-applications/aluminum-thickness-coating-weight-measurement-applications.html,certificate,aluminum thickness coating weight measurement applications,GDTI,
www.thermofisher.com,https://www.thermofisher.com/us/en/home/industrial/manufacturing-processing/online-non-contact-measurement-gauges/metals-online-coating-weight-thickness-measurement/metals-thickness-coating-weight-measurement-applications/steel-gauge-thickness-coating-weight-measurement-applications.html,certificate,steel gauge thickness coating weight measurement applications,GDTI,
www.thermofisher.com,https://www.thermofisher.com/us/en/home/industrial/manufacturing-processing/online-non-contact-measurement-gauges/metals-online-coating-weight-thickness-measurement/metals-thickness-coating-weight-measurement-applications/non-ferrous-metals-thickness-coating-weight-measurement-applications.html,certificate,non ferrous metals thickness coating weight measurement applications,GDTI,
www.thermofisher.com,https://www.thermofisher.com/us/en/home/industrial/manufacturing-processing/online-non-contact-measurement-gauges/metals-online-coating-weight-thickness-measurement/metals-thickness-coating-weight-measurement-applications/non-contact-coating-weight-gauges-metallic-coil-coating-lines.html,certificate,non contact coating weight gauges metallic coil coating lines,GDTI,
www.thermofisher.com,https://www.thermofisher.com/us/en/home/industrial/manufacturing-processing/online-non-contact-measurement-gauges/metals-online-coating-weight-thickness-measurement/metals-online-non-contact-thickness-coating-weight-measurement-g.html,certificate,metals online non contact thickness coating weight measurement g,GDTI,
www.thermofisher.com,https://www.thermofisher.com/us/en/home/industrial/manufacturing-processing/online-non-contact-measurement-gauges/metals-online-coating-weight-thickness-measurement/metals-coating-weight-measurement-gauges-product-comparison-tabl.html,certificate,metals coating weight measurement gauges product comparison tabl,GDTI,P1
www.thermofisher.com,https://www.thermofisher.com/us/en/home/industrial/manufacturing-processing/online-non-contact-measurement-gauges/metals-online-coating-weight-thickness-measurement/metals-thickness-measurement-gauges-product-comparison-table.html,certificate,metals thickness measurement gauges product comparison table,GDTI,P1
www.thermofisher.com,https://www.thermofisher.com/us/en/home/industrial/manufacturing-processing/data-acquisition/software-firmware-drivers.html,driver,software firmware drivers,GDTI,P2
www.thermofisher.com,https://www.thermofisher.com/us/en/home/industrial/cement-coal-minerals.html,certificate,cement coal minerals,GDTI,
www.thermofisher.com,https://www.thermofisher.com/us/en/home/industrial/cement-coal-minerals/cement-production.html,certificate,cement production,GDTI,P1
www.thermofisher.com,https://www.thermofisher.com/us/en/home/industrial/cement-coal-minerals/cement-production/technologies.html,certificate,technologies,GDTI,P1
www.thermofisher.com,https://www.thermofisher.com/us/en/home/industrial/cement-coal-minerals/cement-production/solutions.html,certificate,solutions,GDTI,P1
www.thermofisher.com,https://www.thermofisher.com/us/en/home/industrial/cement-coal-minerals/cement-production/faqs.html,certificate,faqs,GDTI,P1
www.thermofisher.com,https://www.thermofisher.com/us/en/home/industrial/cement-coal-minerals/cement-production/services.html,certificate,services,GDTI,P1
www.thermofisher.com,https://www.thermofisher.com/us/en/home/industrial/cement-coal-minerals/cement-production/resources.html,certificate,resources,GDTI,P1
www.thermofisher.com,https://www.thermofisher.com/us/en/home/industrial/cement-coal-minerals/iron-ore-sintering-process-steel-manufacturing/online-elemental-analysis-sinter-faqs.html,certificate,online elemental analysis sinter faqs,GDTI,
www.thermofisher.com,https://www.thermofisher.com/us/en/home/industrial/cement-coal-minerals/minerals-mining-processing.html,certificate,minerals mining processing,GDTI,
www.thermofisher.com,https://www.thermofisher.com/us/en/home/industrial/cement-coal-minerals/minerals-mining-processing/process-control-considerations-online-slurry-analysis-metallurgical-plants-faqs.html,certificate,process control considerations online slurry analysis metallurgical plants faqs,GDTI,
www.thermofisher.com,https://www.thermofisher.com/us/en/home/industrial/cement-coal-minerals/minerals-mining-processing/minerals-beneficiation-product-comparison-table.html,certificate,minerals beneficiation product comparison table,GDTI,P1
www.thermofisher.com,https://www.thermofisher.com/us/en/home/industrial/cement-coal-minerals/cement-coal-minerals-learning-center.html,certificate,cement coal minerals learning center,GDTI,
www.thermofisher.com,https://www.thermofisher.com/us/en/home/industrial/cement-coal-minerals/cement-coal-minerals-learning-center/cement-coal-minerals-resource-library.html,certificate,cement coal minerals resource library,GDTI,
www.thermofisher.com,https://www.thermofisher.com/us/en/home/industrial/cement-coal-minerals/cement-coal-minerals-learning-center/mining-lab-data-information.html,certificate,mining lab data information,GDTI,
www.thermofisher.com,https://www.thermofisher.com/us/en/home/industrial/cement-coal-minerals/cement-coal-minerals-learning-center/mine-safety-information.html,certificate,mine safety information,GDTI,
www.thermofisher.com,https://www.thermofisher.com/us/en/home/industrial/cement-coal-minerals/cement-coal-minerals-learning-center/cement-analysis-production-information.html,certificate,cement analysis production information,GDTI,P1
www.thermofisher.com,https://www.thermofisher.com/us/en/home/industrial/cement-coal-minerals/cement-coal-minerals-learning-center/cement-analysis-production-information/pgnaa-pftna-technology.html,certificate,pgnaa pftna technology,GDTI,P1
www.thermofisher.com,https://www.thermofisher.com/us/en/home/industrial/cement-coal-minerals/cement-coal-minerals-learning-center/cement-analysis-production-information/pgnaa-pftna-technology/technology.html,certificate,technology,GDTI,P1
www.thermofisher.com,https://www.thermofisher.com/us/en/home/industrial/cement-coal-minerals/cement-coal-minerals-learning-center/cement-analysis-production-information/pgnaa-pftna-technology/faqs.html,certificate,faqs,GDTI,P1
www.thermofisher.com,https://www.thermofisher.com/us/en/home/industrial/cement-coal-minerals/cement-coal-minerals-learning-center/cement-analysis-production-information/pgnaa-pftna-technology/resources.html,certificate,resources,GDTI,P1
www.thermofisher.com,https://www.thermofisher.com/us/en/home/industrial/cement-coal-minerals/cement-coal-minerals-learning-center/mineral-processing-information.html,certificate,mineral processing information,GDTI,
www.thermofisher.com,https://www.thermofisher.com/us/en/home/industrial/cement-coal-minerals/cement-coal-minerals-services.html,certificate,cement coal minerals services,GDTI,
www.thermofisher.com,https://www.thermofisher.com/us/en/home/industrial/cement-coal-minerals/coal-fired-power-plant-generation.html,certificate,coal fired power plant generation,GDTI,
www.thermofisher.com,https://www.thermofisher.com/us/en/home/industrial/cement-coal-minerals/coal-fired-power-plant-generation/technologies.html,certificate,technologies,GDTI,
www.thermofisher.com,https://www.thermofisher.com/us/en/home/industrial/cement-coal-minerals/coal-fired-power-plant-generation/solutions.html,certificate,solutions,GDTI,
www.thermofisher.com,https://www.thermofisher.com/us/en/home/industrial/cement-coal-minerals/coal-fired-power-plant-generation/services.html,certificate,services,GDTI,
www.thermofisher.com,https://www.thermofisher.com/us/en/home/industrial/cement-coal-minerals/coal-fired-power-plant-generation/resources.html,certificate,resources,GDTI,
www.thermofisher.com,https://www.thermofisher.com/us/en/home/industrial/cement-coal-minerals/copper-other-base-metals.html,certificate,copper other base metals,GDTI,
www.thermofisher.com,https://www.thermofisher.com/us/en/home/industrial/cement-coal-minerals/mining-minerals.html,certificate,mining minerals,GDTI,
www.thermofisher.com,https://www.thermofisher.com/us/en/home/industrial/cement-coal-minerals/mining-minerals/technologies.html,certificate,technologies,GDTI,
www.thermofisher.com,https://www.thermofisher.com/us/en/home/industrial/cement-coal-minerals/mining-minerals/solutions.html,certificate,solutions,GDTI,
www.thermofisher.com,https://www.thermofisher.com/us/en/home/industrial/cement-coal-minerals/mining-minerals/solutions/minerals-beneficiation-product-comparison.html,certificate,minerals beneficiation product comparison,GDTI,P1
www.thermofisher.com,https://www.thermofisher.com/us/en/home/industrial/cement-coal-minerals/mining-minerals/solutions/belt-scale-selection-guide.html,certificate,belt scale selection guide,GDTI,P5
www.thermofisher.com,https://www.thermofisher.com/us/en/home/industrial/cement-coal-minerals/mining-minerals/solutions/slurry-sampling-elemental-analysis.html,certificate,slurry sampling elemental analysis,GDTI,
www.thermofisher.com,https://www.thermofisher.com/us/en/home/industrial/cement-coal-minerals/mining-minerals/services.html,certificate,services,GDTI,
www.thermofisher.com,https://www.thermofisher.com/us/en/home/industrial/cement-coal-minerals/mining-minerals/resources.html,certificate,resources,GDTI,
www.thermofisher.com,https://www.thermofisher.com/us/en/home/industrial/cement-coal-minerals/bulk-weighing-monitoring-sampling-services.html,certificate,bulk weighing monitoring sampling services,GDTI,P4
www.thermofisher.com,https://www.thermofisher.com/us/en/home/industrial/cement-coal-minerals/online-analyzers.html,certificate,online analyzers,GDTI,
www.thermofisher.com,https://www.thermofisher.com/us/en/home/industrial/cement-coal-minerals/online-analyzers/solutions.html,certificate,solutions,GDTI,
www.thermofisher.com,https://www.thermofisher.com/us/en/home/industrial/cement-coal-minerals/online-analyzers/solutions/cb-omni-agile.html,certificate,cb omni agile,GDTI,
www.thermofisher.com,https://www.thermofisher.com/us/en/home/industrial/cement-coal-minerals/online-analyzers/techniques.html,certificate,techniques,GDTI,
www.thermofisher.com,https://www.thermofisher.com/us/en/home/industrial/cement-coal-minerals/online-analyzers/applications.html,certificate,applications,GDTI,
www.thermofisher.com,https://www.thermofisher.com/us/en/home/industrial/cement-coal-minerals/online-analyzers/services.html,certificate,services,GDTI,
www.thermofisher.com,https://www.thermofisher.com/us/en/home/industrial/cement-coal-minerals/online-analyzers/resources.html,certificate,resources,GDTI,
www.thermofisher.com,https://www.thermofisher.com/us/en/home/clinical/diagnostic-testing/point-of-care/accula-rapid-pcr-system/pcr-detection-whitepaper.html,application-note,pcr detection whitepaper,GDTI,
www.thermofisher.com,https://www.thermofisher.com/us/en/home/clinical/diagnostic-testing/brahms/eIFUs.html,manual,eIFUs,GDTI,P3
www.thermofisher.com,https://www.thermofisher.com/us/en/home/clinical/clinical-genomics/pathogen-detection-solutions/covid-19-sars-cov-2/instructions-for-use.html,manual,instructions for use,GDTI,P3
www.thermofisher.com,https://www.thermofisher.com/us/en/home/clinical/cell-gene-therapy/cell-therapy/cell-therapy-manufacturing-solutions/rotea-counterflow-centrifugation-system.html,manual,rotea counterflow centrifugation system,GDTI,P3
www.thermofisher.com,https://www.thermofisher.com/us/en/home/clinical/cell-gene-therapy/cell-therapy/cell-therapy-manufacturing-solutions/rotea-counterflow-centrifugation-system/features.html,manual,features,GDTI,P3
www.thermofisher.com,https://www.thermofisher.com/us/en/home/clinical/cell-gene-therapy/cell-therapy/cell-therapy-manufacturing-solutions/rotea-counterflow-centrifugation-system/specifications.html,manual,specifications,GDTI,P3
www.thermofisher.com,https://www.thermofisher.com/us/en/home/clinical/cell-gene-therapy/cell-therapy/cell-therapy-manufacturing-solutions/rotea-counterflow-centrifugation-system/accessories.html,manual,accessories,GDTI,P3|P5
www.thermofisher.com,https://www.thermofisher.com/us/en/home/clinical/cell-gene-therapy/cell-therapy/cell-therapy-manufacturing-solutions/rotea-counterflow-centrifugation-system/software.html,manual,software,GDTI,P2|P3
www.thermofisher.com,https://www.thermofisher.com/us/en/home/clinical/cell-gene-therapy/cell-therapy/cell-therapy-manufacturing-solutions/rotea-counterflow-centrifugation-system/sample-data.html,manual,sample data,GDTI,P3
www.thermofisher.com,https://www.thermofisher.com/us/en/home/clinical/cell-gene-therapy/cell-therapy/cell-therapy-manufacturing-solutions/rotea-counterflow-centrifugation-system/services.html,manual,services,GDTI,P3
www.thermofisher.com,https://www.thermofisher.com/us/en/home/clinical/cell-gene-therapy/cell-therapy/cell-therapy-manufacturing-solutions/rotea-counterflow-centrifugation-system/resources.html,manual,resources,GDTI,P3
www.thermofisher.com,https://www.thermofisher.com/us/en/home/clinical/cell-gene-therapy/cell-therapy/cell-therapy-manufacturing-solutions/xenon-electroporation-system/specifications.html,datasheet,specifications,GDTI,
www.thermofisher.com,https://www.thermofisher.com/us/en/home/clinical/cell-gene-therapy/cell-therapy/cell-therapy-manufacturing-solutions/compleo-fill-finish-system/specifications.html,datasheet,specifications,GDTI,
www.thermofisher.com,https://www.thermofisher.com/us/en/home/global/forms/industrial/beverage-spoilage-app-note.html,application-note,beverage spoilage app note,GDTI,P3
www.thermofisher.com,https://www.thermofisher.com/us/en/home/global/forms/industrial/ccs-whitepaper-new-sterile-environments.html,application-note,ccs whitepaper new sterile environments,GDTI,
www.thermofisher.com,https://www.thermofisher.com/us/en/home/about-us/events/industrial/mmg-metrology-electrode-coating-lines-sensors-webcast-registration/thank-you.html,certificate,thank you,GDTI,
www.thermofisher.com,https://www.thermofisher.com/us/en/home/about-us/events/industrial/mmg-online-sensor-characteristics-coating-edge-defect-detection-webcast-registration/thank-you.html,certificate,thank you,GDTI,
www.thermofisher.com,https://www.thermofisher.com/us/en/home/about-us/events/industrial/ppa-detecting-electrode-coating-failures-webcast-registration/thank-you.html,certificate,thank you,GDTI,
www.thermofisher.com,https://www.thermofisher.com/us/en/home/about-us/events/industrial/ppa-advancements-in-line-electrode-coating-metrology-webcast-registration/thank-you.html,certificate,thank you,GDTI,
www.thermofisher.com,https://www.thermofisher.com/us/en/home/about-us/events/industrial/west-coast-users-meetings.html,certificate,west coast users meetings,GDTI,
www.thermofisher.com,https://www.thermofisher.com/us/en/home/about-us/events/industrial/gulf-coast-conference.html,certificate,gulf coast conference,GDTI,
www.thermofisher.com,https://www.thermofisher.com/us/en/home/about-us/news-gallery/press-releases/2015/collaborative-training-program-to-prevent-spread-ebola-virus-ivory-coast.html,certificate,collaborative training program to prevent spread ebola virus ivory coast,GDTI,
www.thermofisher.com,https://www.thermofisher.com/us/en/home/about-us/corporate-social-responsibility/operational-integrity.html,manual,operational integrity,GDTI,
www.thermofisher.com,https://www.thermofisher.com/us/en/home/about-us/corporate-social-responsibility/operational-integrity/ehs-management.html,manual,ehs management,GDTI,
www.thermofisher.com,https://www.thermofisher.com/us/en/home/about-us/corporate-social-responsibility/operational-integrity/global-supply-chain.html,manual,global supply chain,GDTI,
www.thermofisher.com,https://www.thermofisher.com/us/en/home/about-us/corporate-social-responsibility/operational-integrity/governance-ethics.html,manual,governance ethics,GDTI,
www.thermofisher.com,https://www.thermofisher.com/us/en/home/about-us/corporate-social-responsibility/operational-integrity/quality-management.html,manual,quality management,GDTI,
www.thermofisher.com,https://www.thermofisher.com/us/en/home/life-science/sequencing/next-generation-sequencing/ion-torrent-next-generation-sequencing-workflow/ion-torrent-next-generation-sequencing-run-sequence/ion-proton-system-for-next-generation-sequencing/ion-proton-system-specifications.html,datasheet,ion proton system specifications,GDTI,P3
www.thermofisher.com,https://www.thermofisher.com/us/en/home/life-science/sequencing/next-generation-sequencing/ngs-library-preparation-illumina-systems/collibri-applications/viral-surveillance/protocol-sars-cov-2.html,application-note,protocol sars cov,GDTI,P3
www.thermofisher.com,https://www.thermofisher.com/us/en/home/life-science/pcr/real-time-pcr/real-time-pcr-learning-center/real-time-pcr-basics/real-time-pcr-troubleshooting-tool/snp-genotyping-troubleshooting/trailing-clusters/samples-not-centrifuged-properly.html,manual,samples not centrifuged properly,GDTI,P3
www.thermofisher.com,https://www.thermofisher.com/us/en/home/life-science/lab-equipment/lab-equipment-learning-center/lab-equipment-resource-library/manuals-by-product-type.html,manual,manuals by product type,GDTI,P1
www.thermofisher.com,https://www.thermofisher.com/us/en/home/life-science/lab-equipment/lab-equipment-learning-center/centrifuges.html,manual,centrifuges,GDTI,P3
www.thermofisher.com,https://www.thermofisher.com/us/en/home/life-science/lab-equipment/lab-equipment-learning-center/centrifuges/centrifuge-applications.html,manual,centrifuge applications,GDTI,P3
www.thermofisher.com,https://www.thermofisher.com/us/en/home/life-science/lab-equipment/lab-equipment-learning-center/centrifuges/centrifuge-best-practices.html,manual,centrifuge best practices,GDTI,P3
www.thermofisher.com,https://www.thermofisher.com/us/en/home/life-science/lab-equipment/lab-equipment-learning-center/centrifuges/centrifuge-articles.html,manual,centrifuge articles,GDTI,P3
www.thermofisher.com,https://www.thermofisher.com/us/en/home/life-science/lab-equipment/lab-centrifuges.html,manual,lab centrifuges,GDTI,P3
www.thermofisher.com,https://www.thermofisher.com/us/en/home/life-science/lab-equipment/lab-centrifuges/features.html,manual,features,GDTI,P3
www.thermofisher.com,https://www.thermofisher.com/us/en/home/life-science/lab-equipment/lab-centrifuges/models.html,manual,models,GDTI,P1|P3
www.thermofisher.com,https://www.thermofisher.com/us/en/home/life-science/lab-equipment/lab-centrifuges/models/compact-centrifuges.html,manual,compact centrifuges,GDTI,P1|P3
www.thermofisher.com,https://www.thermofisher.com/us/en/home/life-science/lab-equipment/lab-centrifuges/models/gp-standard-centrifuges.html,manual,gp standard centrifuges,GDTI,P1|P3
www.thermofisher.com,https://www.thermofisher.com/us/en/home/life-science/lab-equipment/lab-centrifuges/models/microcentrifuges.html,manual,microcentrifuges,GDTI,P1|P3
www.thermofisher.com,https://www.thermofisher.com/us/en/home/life-science/lab-equipment/lab-centrifuges/models/mini-centrifuges.html,manual,mini centrifuges,GDTI,P1|P3
www.thermofisher.com,https://www.thermofisher.com/us/en/home/life-science/lab-equipment/lab-centrifuges/models/ultracentrifuges.html,manual,ultracentrifuges,GDTI,P1|P3
www.thermofisher.com,https://www.thermofisher.com/us/en/home/life-science/lab-equipment/lab-centrifuges/3d-tour-gallery.html,manual,3d tour gallery,GDTI,P3
www.thermofisher.com,https://www.thermofisher.com/us/en/home/life-science/lab-equipment/lab-centrifuges/rotors.html,manual,rotors,GDTI,P3
www.thermofisher.com,https://www.thermofisher.com/us/en/home/life-science/lab-equipment/lab-centrifuges/accessories.html,manual,accessories,GDTI,P3|P5
www.thermofisher.com,https://www.thermofisher.com/us/en/home/life-science/lab-equipment/lab-centrifuges/software.html,manual,software,GDTI,P2|P3
www.thermofisher.com,https://www.thermofisher.com/us/en/home/life-science/lab-equipment/lab-centrifuges/greencool.html,manual,greencool,GDTI,P3
www.thermofisher.com,https://www.thermofisher.com/us/en/home/life-science/lab-equipment/lab-centrifuges/resources.html,manual,resources,GDTI,P3
www.thermofisher.com,https://www.thermofisher.com/us/en/home/life-science/lab-equipment/lab-centrifuges/centrifuges-bioprocessing.html,manual,centrifuges bioprocessing,GDTI,P3
www.thermofisher.com,https://www.thermofisher.com/us/en/home/life-science/lab-equipment/lab-centrifuges/clinical-centrifuges.html,manual,clinical centrifuges,GDTI,P3
www.thermofisher.com,https://www.thermofisher.com/us/en/home/life-science/lab-equipment/lab-centrifuges/gp-pro-centrifuges.html,manual,gp pro centrifuges,GDTI,P3
www.thermofisher.com,https://www.thermofisher.com/us/en/home/life-science/lab-plasticware-supplies/lab-plasticware-supplies-learning-center/lab-plasticware-supplies-resource-library/laboratory-consumables-technical-application-notes-library.html,application-note,laboratory consumables technical application notes library,GDTI,P3|P5
www.thermofisher.com,https://www.thermofisher.com/us/en/home/life-science/lab-plasticware-supplies/pipettes-pipette-tips/my-pipette-creator/protocol-library.html,application-note,protocol library,GDTI,P3
www.thermofisher.com,https://www.thermofisher.com/us/en/home/life-science/lab-plasticware-supplies/tubes-vials/microcentrifuge-tubes.html,manual,microcentrifuge tubes,GDTI,P3
www.thermofisher.com,https://www.thermofisher.com/us/en/home/life-science/lab-plasticware-supplies/tubes-vials/microcentrifuge-tubes/mct-selector-tool.html,manual,mct selector tool,GDTI,P3
www.thermofisher.com,https://www.thermofisher.com/us/en/home/life-science/lab-plasticware-supplies/tubes-vials/microcentrifuge-tubes/low-dna-binding-snap-cap.html,manual,low dna binding snap cap,GDTI,P3
www.thermofisher.com,https://www.thermofisher.com/us/en/home/life-science/lab-plasticware-supplies/nalgene-nunc-centrifuge-ware.html,manual,nalgene nunc centrifuge ware,GDTI,P3
www.thermofisher.com,https://www.thermofisher.com/us/en/home/life-science/dna-rna-purification-analysis/nucleic-acid-gel-electrophoresis/dna-electrophoresis/agarose-gel-electrophoreis/agarose-gel-electrophoresis-protocols-e-gel-ex-agarose-gel-and-ultrapure-agarose.html,application-note,agarose gel electrophoresis protocols e gel ex agarose gel and ultrapure agarose,GDTI,P3
www.thermofisher.com,https://www.thermofisher.com/us/en/home/life-science/dna-rna-purification-analysis/protocol-videos.html,application-note,protocol videos,GDTI,P3
www.thermofisher.com,https://www.thermofisher.com/us/en/home/life-science/dna-rna-purification-analysis/nucleic-acid-isolation-application-notes.html,application-note,nucleic acid isolation application notes,GDTI,P3
www.thermofisher.com,https://www.thermofisher.com/us/en/home/life-science/rnai/introduction-to-in-vivo-rnai/in-vivo-rnai-protocols.html,application-note,in vivo rnai protocols,GDTI,P3
www.thermofisher.com,https://www.thermofisher.com/us/en/home/life-science/cell-analysis/flow-cytometry/flow-cytometers/bigfoot-spectral-cell-sorter/specifications.html,datasheet,specifications,GDTI,
www.thermofisher.com,https://www.thermofisher.com/us/en/home/life-science/cell-analysis/flow-cytometry/flow-cytometry-learning-center/flow-cytometry-resource-library/flow-cytometry-application-notes.html,application-note,flow cytometry application notes,GDTI,P3
www.thermofisher.com,https://www.thermofisher.com/us/en/home/life-science/cell-analysis/flow-cytometry/flow-cytometry-learning-center/flow-cytometry-resource-library/flow-cytometry-application-notes/detection-murine-regulatory-t-cells-attune-nxt-flow-cytometer.html,application-note,detection murine regulatory t cells attune nxt flow cytometer,GDTI,P3
www.thermofisher.com,https://www.thermofisher.com/us/en/home/life-science/cell-analysis/flow-cytometry/flow-cytometry-learning-center/flow-cytometry-resource-library/flow-cytometry-application-notes/multiparameter-analysis-murine-regulatory-t-cells-dendritic-cells-attune-nxt-flow-cytometer.html,application-note,multiparameter analysis murine regulatory t cells dendritic cells attune nxt flow cytometer,GDTI,P3
www.thermofisher.com,https://www.thermofisher.com/us/en/home/life-science/cell-analysis/flow-cytometry/flow-cytometry-learning-center/flow-cytometry-resource-library/flow-cytometry-application-notes/6-color-immunophenotyping-human-whole-blood-no-lyse-no-wash-no-compensation-protocol-attune-nxt-flow-cytometer.html,application-note,6 color immunophenotyping human whole blood no lyse no wash no compensation protocol attune nxt flow cytometer,GDTI,P3
www.thermofisher.com,https://www.thermofisher.com/us/en/home/life-science/cell-analysis/flow-cytometry/flow-cytometry-learning-center/flow-cytometry-resource-library/flow-cytometry-application-notes/multiparameter-immunophenotyping-human-whole-blood.html,application-note,multiparameter immunophenotyping human whole blood,GDTI,P3
www.thermofisher.com,https://www.thermofisher.com/us/en/home/life-science/cell-analysis/flow-cytometry/flow-cytometry-learning-center/flow-cytometry-resource-library/flow-cytometry-application-notes/flow-cytometry-multiplexing-used-analyze-metabolic-activity-assess-pharmaceutical-compound-toxicity-as-high-throughput-screening-tool.html,application-note,flow cytometry multiplexing used analyze metabolic activity assess pharmaceutical compound toxicity as high throughput screening tool,GDTI,P3
www.thermofisher.com,https://www.thermofisher.com/us/en/home/life-science/cell-analysis/flow-cytometry/flow-cytometry-learning-center/flow-cytometry-resource-library/flow-cytometry-application-notes/copper-safe-click-it-plus-edu-proliferation-assay.html,application-note,copper safe click it plus edu proliferation assay,GDTI,P3
www.thermofisher.com,https://www.thermofisher.com/us/en/home/life-science/cell-analysis/flow-cytometry/flow-cytometry-learning-center/flow-cytometry-resource-library/flow-cytometry-application-notes/multiparameter-immunophenotyping-human-lysed-whole-blood-attune-nxt-flow-cytometer-b-cells-nk-cells-t-cells-myeloid-cells.html,application-note,multiparameter immunophenotyping human lysed whole blood attune nxt flow cytometer b cells nk cells t cells myeloid cells,GDTI,P3
www.thermofisher.com,https://www.thermofisher.com/us/en/home/life-science/cell-analysis/flow-cytometry/flow-cytometry-learning-center/flow-cytometry-resource-library/flow-cytometry-application-notes/no-wash-no-lyse-detection-leukocytes-human-whole-blood-attune-nxt-flow-cytometer.html,application-note,no wash no lyse detection leukocytes human whole blood attune nxt flow cytometer,GDTI,P3
www.thermofisher.com,https://www.thermofisher.com/us/en/home/life-science/cell-analysis/flow-cytometry/flow-cytometry-learning-center/flow-cytometry-resource-library/flow-cytometry-application-notes/no-wash-no-lyse-detection-phagocytic-cells-phrodo-bioparticles-functional-assay-human-whole-blood-attune-nxt-flow-cytometer.html,application-note,no wash no lyse detection phagocytic cells phrodo bioparticles functional assay human whole blood attune nxt flow cytometer,GDTI,P3
www.thermofisher.com,https://www.thermofisher.com/us/en/home/life-science/cell-analysis/flow-cytometry/flow-cytometry-learning-center/flow-cytometry-resource-library/flow-cytometry-application-notes/live-dead-algal-analysis-attune-nxt-flow-cytometer.html,application-note,live dead algal analysis attune nxt flow cytometer,GDTI,P3
www.thermofisher.com,https://www.thermofisher.com/us/en/home/life-science/cell-analysis/flow-cytometry/flow-cytometry-learning-center/flow-cytometry-resource-library/flow-cytometry-application-notes/recommendations-accurate-carryover-measurements-attune-nxt-flow-cytometer.html,application-note,recommendations accurate carryover measurements attune nxt flow cytometer,GDTI,P3
www.thermofisher.com,https://www.thermofisher.com/us/en/home/life-science/cell-analysis/flow-cytometry/flow-cytometry-learning-center/flow-cytometry-resource-library/flow-cytometry-application-notes/detection-fluorescent-proteins-attune-nxt-flow-cytometer.html,application-note,detection fluorescent proteins attune nxt flow cytometer,GDTI,P3
www.thermofisher.com,https://www.thermofisher.com/us/en/home/life-science/cell-analysis/flow-cytometry/flow-cytometry-learning-center/flow-cytometry-resource-library/flow-cytometry-application-notes/flow-cytometry-analysis-dose-response-apoptosis-induction.html,application-note,flow cytometry analysis dose response apoptosis induction,GDTI,P3
www.thermofisher.com,https://www.thermofisher.com/us/en/home/life-science/cell-analysis/flow-cytometry/flow-cytometry-learning-center/flow-cytometry-resource-library/flow-cytometry-application-notes/detection-platelets-in-whole-blood-using-attune-nxt-flow-cytometer.html,application-note,detection platelets in whole blood using attune nxt flow cytometer,GDTI,P3
www.thermofisher.com,https://www.thermofisher.com/us/en/home/life-science/cell-analysis/flow-cytometry/flow-cytometry-learning-center/flow-cytometry-resource-library/flow-cytometry-application-notes/flow-cytometry-analysis-transcription-factor-expression-during-differentiation-hPSC-derived-cardiomyocytes.html,application-note,flow cytometry analysis transcription factor expression during differentiation hPSC derived cardiomyocytes,GDTI,P3
www.thermofisher.com,https://www.thermofisher.com/us/en/home/life-science/cell-analysis/flow-cytometry/flow-cytometry-learning-center/flow-cytometry-resource-library/flow-cytometry-application-notes/recommendations-accurate-concentration-measurements-attune-nxt-flow-cytometer.html,application-note,recommendations accurate concentration measurements attune nxt flow cytometer,GDTI,P3
www.thermofisher.com,https://www.thermofisher.com/us/en/home/life-science/cell-analysis/flow-cytometry/flow-cytometry-learning-center/flow-cytometry-resource-library/flow-cytometry-application-notes/validated-ten-color-tcell-panel-attune-nxt-flow-cytometer.html,application-note,validated ten color tcell panel attune nxt flow cytometer,GDTI,P3
www.thermofisher.com,https://www.thermofisher.com/us/en/home/life-science/cell-analysis/flow-cytometry/flow-cytometry-learning-center/flow-cytometry-resource-library/flow-cytometry-application-notes/high-throughput-automation-attune-nxt-autosampler.html,application-note,high throughput automation attune nxt autosampler,GDTI,P3
www.thermofisher.com,https://www.thermofisher.com/us/en/home/life-science/cell-analysis/flow-cytometry/flow-cytometry-learning-center/flow-cytometry-resource-library/flow-cytometry-application-notes/guide-analyze-attune-nxt-fcs-data-files.html,application-note,guide analyze attune nxt fcs data files,GDTI,P3
www.thermofisher.com,https://www.thermofisher.com/us/en/home/life-science/cell-analysis/cellular-imaging/ihc/immunohistochemistry-protocols.html,application-note,immunohistochemistry protocols,GDTI,P3
www.thermofisher.com,https://www.thermofisher.com/us/en/home/life-science/cell-analysis/cellular-imaging/cell-imaging-systems/floid-cell-imaging-station/floid-software-firmware-updates.html,driver,floid software firmware updates,GDTI,P2
www.thermofisher.com,https://www.thermofisher.com/us/en/home/life-science/cell-analysis/qdots-microspheres-nanospheres/idc-surfactant-free-latex-beads/latex-bead-protein-coupling-protocols.html,application-note,latex bead protein coupling protocols,GDTI,P3
www.thermofisher.com,https://www.thermofisher.com/us/en/home/life-science/cell-analysis/qdots-microspheres-nanospheres/idc-surfactant-free-latex-beads/latex-bead-protein-coupling-protocols/passive-adsorption-protocol.html,application-note,passive adsorption protocol,GDTI,P3
www.thermofisher.com,https://www.thermofisher.com/us/en/home/life-science/cell-analysis/qdots-microspheres-nanospheres/idc-surfactant-free-latex-beads/latex-bead-protein-coupling-protocols/covalent-protein-coupling-protocol.html,application-note,covalent protein coupling protocol,GDTI,P3
www.thermofisher.com,https://www.thermofisher.com/us/en/home/life-science/cell-analysis/exosomes/manual-automated-sars-cov-2-enrichment-products.html,manual,manual automated sars cov enrichment products,GDTI,P1
www.thermofisher.com,https://www.thermofisher.com/us/en/home/life-science/cell-analysis/cell-analysis-learning-center/molecular-probes-school-of-fluorescence/imaging-basics/protocols-troubleshooting.html,application-note,protocols troubleshooting,GDTI,P3
www.thermofisher.com,https://www.thermofisher.com/us/en/home/life-science/cell-analysis/cell-analysis-learning-center/molecular-probes-school-of-fluorescence/imaging-basics/protocols-troubleshooting/protocols.html,application-note,protocols,GDTI,P3
www.thermofisher.com,https://www.thermofisher.com/us/en/home/life-science/cell-analysis/cell-analysis-learning-center/molecular-probes-school-of-fluorescence/imaging-basics/protocols-troubleshooting/protocols/fix-perm-block.html,application-note,fix perm block,GDTI,P3
www.thermofisher.com,https://www.thermofisher.com/us/en/home/life-science/cell-analysis/cell-analysis-learning-center/molecular-probes-school-of-fluorescence/imaging-basics/protocols-troubleshooting/protocols/immunolabeling-using-secondary-antibodies.html,application-note,immunolabeling using secondary antibodies,GDTI,P3
www.thermofisher.com,https://www.thermofisher.com/us/en/home/life-science/cell-analysis/cell-analysis-learning-center/molecular-probes-school-of-fluorescence/imaging-basics/protocols-troubleshooting/protocols/nuclear-staining.html,application-note,nuclear staining,GDTI,P3
www.thermofisher.com,https://www.thermofisher.com/us/en/home/life-science/cell-analysis/cell-analysis-learning-center/molecular-probes-school-of-fluorescence/imaging-basics/protocols-troubleshooting/protocols/f-actin-staining.html,application-note,f actin staining,GDTI,P3
www.thermofisher.com,https://www.thermofisher.com/us/en/home/life-science/cell-analysis/cell-analysis-learning-center/molecular-probes-school-of-fluorescence/imaging-basics/protocols-troubleshooting/protocols/functional-mitochondrial-staining.html,application-note,functional mitochondrial staining,GDTI,P3
www.thermofisher.com,https://www.thermofisher.com/us/en/home/life-science/cell-analysis/cell-analysis-learning-center/molecular-probes-school-of-fluorescence/imaging-basics/protocols-troubleshooting/protocols/mounting-coverslips.html,application-note,mounting coverslips,GDTI,P3
www.thermofisher.com,https://www.thermofisher.com/us/en/home/life-science/cell-analysis/cell-analysis-learning-center/molecular-probes-school-of-fluorescence/imaging-basics/protocols-troubleshooting/troubleshooting.html,application-note,troubleshooting,GDTI,P3
www.thermofisher.com,https://www.thermofisher.com/us/en/home/life-science/cell-analysis/cell-analysis-learning-center/molecular-probes-school-of-fluorescence/imaging-basics/protocols-troubleshooting/troubleshooting/background-fluorescence.html,application-note,background fluorescence,GDTI,P3
www.thermofisher.com,https://www.thermofisher.com/us/en/home/life-science/cell-analysis/cell-analysis-learning-center/molecular-probes-school-of-fluorescence/imaging-basics/protocols-troubleshooting/troubleshooting/photobleaching.html,application-note,photobleaching,GDTI,P3
www.thermofisher.com,https://www.thermofisher.com/us/en/home/life-science/cell-analysis/cell-analysis-learning-center/molecular-probes-school-of-fluorescence/imaging-basics/protocols-troubleshooting/troubleshooting/bleed-through.html,application-note,bleed through,GDTI,P3
www.thermofisher.com,https://www.thermofisher.com/us/en/home/life-science/cell-analysis/cell-analysis-learning-center/molecular-probes-school-of-fluorescence/imaging-basics/protocols-troubleshooting/troubleshooting/photoxicity.html,application-note,photoxicity,GDTI,P3
www.thermofisher.com,https://www.thermofisher.com/us/en/home/life-science/cell-analysis/cell-analysis-learning-center/molecular-probes-school-of-fluorescence/imaging-basics/protocols-troubleshooting/troubleshooting/uneven-illumination.html,application-note,uneven illumination,GDTI,P3
www.thermofisher.com,https://www.thermofisher.com/us/en/home/life-science/cell-analysis/cell-analysis-learning-center/cell-analysis-resource-library/cell-analysis-application-notes.html,application-note,cell analysis application notes,GDTI,P3
www.thermofisher.com,https://www.thermofisher.com/us/en/home/life-science/cell-analysis/cell-analysis-learning-center/cell-analysis-resource-library/cell-analysis-application-notes/quantitation-proliferating-cells-evos-fl-auto-imaging-system.html,application-note,quantitation proliferating cells evos fl auto imaging system,GDTI,P3
www.thermofisher.com,https://www.thermofisher.com/us/en/home/life-science/cell-analysis/cell-analysis-learning-center/cell-analysis-resource-library/cell-analysis-application-notes/collecting-z-stack-image-sequences-evos-fl-auto-imaging-system.html,application-note,collecting z stack image sequences evos fl auto imaging system,GDTI,P3
www.thermofisher.com,https://www.thermofisher.com/us/en/home/life-science/cell-analysis/cell-analysis-learning-center/cell-analysis-resource-library/cell-analysis-application-notes/using-time-lapse-imaging-evos-fl-auto-imaging-system.html,application-note,using time lapse imaging evos fl auto imaging system,GDTI,P3
www.thermofisher.com,https://www.thermofisher.com/us/en/home/life-science/cell-analysis/cell-analysis-learning-center/cell-analysis-resource-library/cell-analysis-application-notes/image-tiling-stitching-evos-fl-auto-imaging-system.html,application-note,image tiling stitching evos fl auto imaging system,GDTI,P3
www.thermofisher.com,https://www.thermofisher.com/us/en/home/life-science/cell-analysis/cell-analysis-learning-center/cell-analysis-resource-library/cell-analysis-application-notes/cell-division-migration-during-wound-healing-visualized-evos-fl-auto-imaging-system.html,application-note,cell division migration during wound healing visualized evos fl auto imaging system,GDTI,P3
www.thermofisher.com,https://www.thermofisher.com/us/en/home/life-science/cell-analysis/cell-analysis-learning-center/cell-analysis-resource-library/cell-analysis-application-notes/phagocytosis-visualized-evos-fl-auto-imaging-system-onstage-incubator.html,application-note,phagocytosis visualized evos fl auto imaging system onstage incubator,GDTI,P3
www.thermofisher.com,https://www.thermofisher.com/us/en/home/life-science/cell-analysis/cell-analysis-learning-center/cell-analysis-resource-library/cell-analysis-application-notes/setting-up-hypoxic-conditions-evos-fl-auto-imaging-system-onstage-incubator.html,application-note,setting up hypoxic conditions evos fl auto imaging system onstage incubator,GDTI,P3
www.thermofisher.com,https://www.thermofisher.com/us/en/home/life-science/cell-analysis/cell-analysis-learning-center/cell-analysis-resource-library/cell-analysis-application-notes/correlating-internalization-potency-accelerate-antibody-discovery-development.html,application-note,correlating internalization potency accelerate antibody discovery development,GDTI,P3
www.thermofisher.com,https://www.thermofisher.com/us/en/home/life-science/cell-analysis/cell-analysis-learning-center/cell-analysis-resource-library/cell-analysis-application-notes/fluorescent-viability-assays-countess-ii-fl-automated-cell-counter.html,application-note,fluorescent viability assays countess ii fl automated cell counter,GDTI,P3
www.thermofisher.com,https://www.thermofisher.com/us/en/home/life-science/cell-analysis/cell-analysis-learning-center/cell-analysis-resource-library/cell-analysis-application-notes/fluorescent-apoptosis-evaluation-countess-ii-fl-automated-cell-counter.html,application-note,fluorescent apoptosis evaluation countess ii fl automated cell counter,GDTI,P3
www.thermofisher.com,https://www.thermofisher.com/us/en/home/life-science/cell-analysis/cell-analysis-learning-center/cell-analysis-resource-library/cell-analysis-application-notes/accuracy-precision-countess-ii-fl-automated-cell-counter.html,application-note,accuracy precision countess ii fl automated cell counter,GDTI,P3
www.thermofisher.com,https://www.thermofisher.com/us/en/home/life-science/cell-analysis/cell-analysis-learning-center/cell-analysis-resource-library/cell-analysis-application-notes/comparison-cell-counting-countess-ii-automated-cell-counters-hemocytometers.html,application-note,comparison cell counting countess ii automated cell counters hemocytometers,GDTI,P3
www.thermofisher.com,https://www.thermofisher.com/us/en/home/life-science/cell-analysis/cell-analysis-learning-center/cell-analysis-resource-library/cell-analysis-application-notes/blood-cell-counting-countess-ii-fl-automated-cell-counter.html,application-note,blood cell counting countess ii fl automated cell counter,GDTI,P3
www.thermofisher.com,https://www.thermofisher.com/us/en/home/life-science/cell-analysis/cell-analysis-learning-center/cell-analysis-resource-library/cell-analysis-application-notes/fluorescent-protein-reporter-gene-transduction-efficiency-measured-countess-ii-fl-automated-cell-counter.html,application-note,fluorescent protein reporter gene transduction efficiency measured countess ii fl automated cell counter,GDTI,P3
www.thermofisher.com,https://www.thermofisher.com/us/en/home/life-science/cell-analysis/cell-analysis-learning-center/cell-analysis-resource-library/cell-analysis-application-notes/simple-accurate-monitoring-adipogenesis-countess-ii-fl-system.html,application-note,simple accurate monitoring adipogenesis countess ii fl system,GDTI,P3|P4
www.thermofisher.com,https://www.thermofisher.com/us/en/home/life-science/cell-analysis/cell-analysis-learning-center/cell-analysis-resource-library/cell-analysis-application-notes/importance-accurate-cell-counting-flow-cytometry-cell-sorting.html,application-note,importance accurate cell counting flow cytometry cell sorting,GDTI,P3
www.thermofisher.com,https://www.thermofisher.com/us/en/home/life-science/cell-analysis/cell-analysis-learning-center/cell-analysis-resource-library/cell-analysis-application-notes/fluorospot-pre-screening-thermo-scientific-plate-readers.html,application-note,fluorospot pre screening thermo scientific plate readers,GDTI,P3
www.thermofisher.com,https://www.thermofisher.com/us/en/home/life-science/cell-analysis/cell-analysis-learning-center/cell-analysis-resource-library/cell-analysis-application-notes/cell-culture-quality-control-during-t-cell-expansion.html,application-note,cell culture quality control during t cell expansion,GDTI,P3
www.thermofisher.com,https://www.thermofisher.com/us/en/home/life-science/cell-analysis/cell-analysis-learning-center/cell-analysis-resource-library/cell-analysis-application-notes/absorbance-turbidimetric-scattering-photometry.html,application-note,absorbance turbidimetric scattering photometry,GDTI,P3
www.thermofisher.com,https://www.thermofisher.com/us/en/home/life-science/cell-analysis/cell-analysis-learning-center/immunology-at-work/immunology-protocols.html,application-note,immunology protocols,GDTI,P3
www.thermofisher.com,https://www.thermofisher.com/us/en/home/life-science/cell-analysis/cell-analysis-learning-center/immunology-at-work/immunology-protocols/t-cell-activation-anti-cd3-anti-cd28.html,application-note,t cell activation anti cd3 anti cd 8,GDTI,P3
www.thermofisher.com,https://www.thermofisher.com/us/en/home/life-science/cell-analysis/cell-analysis-learning-center/immunology-at-work/immunology-protocols/immune-cell-stimulation-lps.html,application-note,immune cell stimulation lps,GDTI,P3
www.thermofisher.com,https://www.thermofisher.com/us/en/home/life-science/cell-analysis/cell-analysis-learning-center/immunology-at-work/immunology-protocols/stimulation-cytokine-production-immune-cells.html,application-note,stimulation cytokine production immune cells,GDTI,P1|P3
www.thermofisher.com,https://www.thermofisher.com/us/en/home/life-science/cell-analysis/cell-analysis-learning-center/immunology-at-work/immunology-protocols/t-cell-activation-concanavalin-a.html,application-note,t cell activation concanavalin a,GDTI,P3
www.thermofisher.com,https://www.thermofisher.com/us/en/home/life-science/cell-analysis/cell-analysis-learning-center/immunology-at-work/immunology-protocols/culturing-macrophages-from-monocytes.html,application-note,culturing macrophages from monocytes,GDTI,P3
www.thermofisher.com,https://www.thermofisher.com/us/en/home/life-science/cell-analysis/cell-analysis-learning-center/immunology-at-work/immunology-protocols/mouse-bone-marrow-cell-isolation.html,application-note,mouse bone marrow cell isolation,GDTI,P3
www.thermofisher.com,https://www.thermofisher.com/us/en/home/life-science/cell-analysis/cell-analysis-learning-center/immunology-at-work/immunology-protocols/mouse-spleen-cell-isolation-protocol.html,application-note,mouse spleen cell isolation protocol,GDTI,P3
www.thermofisher.com,https://www.thermofisher.com/us/en/home/life-science/cell-analysis/cell-analysis-learning-center/immunology-at-work/immunology-protocols/whole-blood-staining-protocol-flow-cytometry.html,application-note,whole blood staining protocol flow cytometry,GDTI,P3
www.thermofisher.com,https://www.thermofisher.com/us/en/home/life-science/cell-analysis/cell-analysis-learning-center/immunology-at-work/immunology-protocols/inkt-cell-overview.html,application-note,inkt cell overview,GDTI,P3
www.thermofisher.com,https://www.thermofisher.com/us/en/home/life-science/cell-analysis/cell-analysis-learning-center/immunology-at-work/immunology-protocols/inkt-cell-identification-protocol.html,application-note,inkt cell identification protocol,GDTI,P3
www.thermofisher.com,https://www.thermofisher.com/us/en/home/life-science/epigenetics-noncoding-rna-research/mirna-analysis/quantigene-mirna-singleplex-assay/quantigene-mirna-singleplex-assay-data-specifications.html,datasheet,quantigene mirna singleplex assay data specifications,GDTI,P3
www.thermofisher.com,https://www.thermofisher.com/us/en/home/life-science/stem-cell-research/stem-cell-culture/stem-cell-research-misc/stempro-accutase/hesc-accutase-protocol.html,application-note,hesc accutase protocol,GDTI,P3
www.thermofisher.com,https://www.thermofisher.com/us/en/home/life-science/cloning/gateway-cloning/protocols.html,application-note,protocols,GDTI,P3
www.thermofisher.com,https://www.thermofisher.com/us/en/home/life-science/cloning/c-misc/updated-protocol-ta-blunt.html,application-note,updated protocol ta blunt,GDTI,P3
www.thermofisher.com,https://www.thermofisher.com/us/en/home/life-science/protein-biology/protein-mass-spectrometry-analysis/protein-quantitation-mass-spectrometry/silac-metabolic-labeling-systems.html,driver,silac metabolic labeling systems,GDTI,P2
www.thermofisher.com,https://www.thermofisher.com/us/en/home/life-science/protein-biology/protein-biology-learning-center/protein-biology-resource-library/protein-biology-application-notes.html,application-note,protein biology application notes,GDTI,P3
www.thermofisher.com,https://www.thermofisher.com/us/en/home/life-science/protein-biology/protein-biology-learning-center/protein-biology-resource-library/protein-biology-application-notes/active-gtpases-neuronal-cells.html,application-note,active gtpases neuronal cells,GDTI,P3
www.thermofisher.com,https://www.thermofisher.com/us/en/home/life-science/protein-biology/protein-biology-learning-center/protein-biology-resource-library/protein-biology-application-notes/develop-srm-mrm-assays.html,application-note,develop srm mrm assays,GDTI,P3
www.thermofisher.com,https://www.thermofisher.com/us/en/home/life-science/protein-biology/protein-biology-learning-center/protein-biology-resource-library/protein-biology-application-notes/ecl-plus-western-blotting-substrate.html,application-note,ecl plus western blotting substrate,GDTI,P3
www.thermofisher.com,https://www.thermofisher.com/us/en/home/life-science/protein-biology/protein-biology-learning-center/protein-biology-resource-library/protein-biology-application-notes/enhanced-immunostaining.html,application-note,enhanced immunostaining,GDTI,P3
www.thermofisher.com,https://www.thermofisher.com/us/en/home/life-science/protein-biology/protein-biology-learning-center/protein-biology-resource-library/protein-biology-application-notes/gtpase-enrichment-using-active-site-probe.html,application-note,gtpase enrichment using active site probe,GDTI,P3
www.thermofisher.com,https://www.thermofisher.com/us/en/home/life-science/protein-biology/protein-biology-learning-center/protein-biology-resource-library/protein-biology-application-notes/immobilization-conjugation-glycoproteins.html,application-note,immobilization conjugation glycoproteins,GDTI,P3
www.thermofisher.com,https://www.thermofisher.com/us/en/home/life-science/protein-biology/protein-biology-learning-center/protein-biology-resource-library/protein-biology-application-notes/low-volume-sample-dialysis.html,application-note,low volume sample dialysis,GDTI,P3
www.thermofisher.com,https://www.thermofisher.com/us/en/home/life-science/protein-biology/protein-biology-learning-center/protein-biology-resource-library/protein-biology-application-notes/mass-spec-calibration-solutions.html,application-note,mass spec calibration solutions,GDTI,P3
www.thermofisher.com,https://www.thermofisher.com/us/en/home/life-science/protein-biology/protein-biology-learning-center/protein-biology-resource-library/protein-biology-application-notes/measure-small-gtpase-activation.html,application-note,measure small gtpase activation,GDTI,P3
www.thermofisher.com,https://www.thermofisher.com/us/en/home/life-science/protein-biology/protein-biology-learning-center/protein-biology-resource-library/protein-biology-application-notes/protein-ag-magnetic-beads.html,application-note,protein ag magnetic beads,GDTI,P3
www.thermofisher.com,https://www.thermofisher.com/us/en/home/life-science/protein-biology/protein-biology-learning-center/protein-biology-resource-library/protein-biology-application-notes/selective-enrichment-sialylated-glycopeptides.html,application-note,selective enrichment sialylated glycopeptides,GDTI,P3
www.thermofisher.com,https://www.thermofisher.com/us/en/home/life-science/protein-biology/protein-biology-learning-center/protein-biology-resource-library/protein-biology-application-notes/serine-hydrolase-active-site-probes.html,application-note,serine hydrolase active site probes,GDTI,P3
www.thermofisher.com,https://www.thermofisher.com/us/en/home/life-science/protein-biology/protein-biology-learning-center/protein-biology-resource-library/protein-biology-application-notes/antibody-purification-column-formats.html,application-note,antibody purification column formats,GDTI,P3
www.thermofisher.com,https://www.thermofisher.com/us/en/home/life-science/protein-biology/protein-biology-learning-center/protein-biology-resource-library/protein-biology-application-notes/cell-free-protein-expression-generating-stable-isotope-labeled-proteins.html,application-note,cell free protein expression generating stable isotope labeled proteins,GDTI,P3
www.thermofisher.com,https://www.thermofisher.com/us/en/home/life-science/protein-biology/protein-biology-learning-center/protein-biology-resource-library/protein-biology-application-notes/eliminate-endotoxins-protein-antibody-samples.html,application-note,eliminate endotoxins protein antibody samples,GDTI,P3
www.thermofisher.com,https://www.thermofisher.com/us/en/home/life-science/protein-biology/protein-biology-learning-center/protein-biology-resource-library/protein-biology-application-notes/isolate-functional-synaptosomes.html,application-note,isolate functional synaptosomes,GDTI,P3
www.thermofisher.com,https://www.thermofisher.com/us/en/home/life-science/protein-biology/protein-biology-learning-center/protein-biology-resource-library/protein-biology-application-notes/luciferase-assays-jurkat-cells.html,application-note,luciferase assays jurkat cells,GDTI,P3
www.thermofisher.com,https://www.thermofisher.com/us/en/home/life-science/protein-biology/protein-biology-learning-center/protein-biology-resource-library/protein-biology-application-notes/neuronal-protein-extraction.html,application-note,neuronal protein extraction,GDTI,P3
www.thermofisher.com,https://www.thermofisher.com/us/en/home/life-science/protein-biology/protein-biology-learning-center/protein-biology-resource-library/protein-biology-application-notes/phosphoprotein-enrichment-cell-tissue-samples.html,application-note,phosphoprotein enrichment cell tissue samples,GDTI,P3
www.thermofisher.com,https://www.thermofisher.com/us/en/home/life-science/protein-biology/protein-biology-learning-center/protein-biology-resource-library/protein-biology-application-notes/protease-phosphatase-inhibitor-tablets.html,application-note,protease phosphatase inhibitor tablets,GDTI,P3
www.thermofisher.com,https://www.thermofisher.com/us/en/home/life-science/protein-biology/protein-biology-learning-center/protein-biology-resource-library/protein-biology-application-notes/quantitative-cancer-stem-cell-phosphoprotein-profiling.html,application-note,quantitative cancer stem cell phosphoprotein profiling,GDTI,P3
www.thermofisher.com,https://www.thermofisher.com/us/en/home/life-science/protein-biology/protein-biology-learning-center/protein-biology-resource-library/protein-biology-application-notes/removing-endotoxins-using-spin-column-format.html,application-note,removing endotoxins using spin column format,GDTI,P3
www.thermofisher.com,https://www.thermofisher.com/us/en/home/life-science/protein-biology/protein-biology-learning-center/protein-biology-resource-library/protein-biology-application-notes/highly-sensitive-multiplex-luciferase-reporter-assays.html,application-note,highly sensitive multiplex luciferase reporter assays,GDTI,P3
www.thermofisher.com,https://www.thermofisher.com/us/en/home/life-science/protein-biology/protein-biology-learning-center/protein-biology-resource-library/protein-biology-application-notes/subcellular-protein-fractionation.html,application-note,subcellular protein fractionation,GDTI,P3
www.thermofisher.com,https://www.thermofisher.com/us/en/home/life-science/protein-biology/protein-biology-learning-center/protein-biology-resource-library/protein-biology-application-notes/activation-antioxidant-response-pathway-pesticide-chemicals.html,application-note,activation antioxidant response pathway pesticide chemicals,GDTI,P3
www.thermofisher.com,https://www.thermofisher.com/us/en/home/life-science/protein-biology/protein-biology-learning-center/protein-biology-resource-library/protein-biology-application-notes/chIP-analysis-androgen-regulation-transcriptional-activity.html,application-note,chIP analysis androgen regulation transcriptional activity,GDTI,P3
www.thermofisher.com,https://www.thermofisher.com/us/en/home/life-science/protein-biology/protein-biology-learning-center/protein-biology-resource-library/protein-biology-application-notes/choosing-vector-purification-method-in-vitro-protein-expression.html,application-note,choosing vector purification method in vitro protein expression,GDTI,P3
www.thermofisher.com,https://www.thermofisher.com/us/en/home/life-science/protein-biology/protein-biology-learning-center/protein-biology-resource-library/protein-biology-application-notes/chromatography-cartridges-desalting-affinity-purification.html,application-note,chromatography cartridges desalting affinity purification,GDTI,P3
www.thermofisher.com,https://www.thermofisher.com/us/en/home/life-science/protein-biology/protein-biology-learning-center/protein-biology-resource-library/protein-biology-application-notes/efficient-mammalian-membrane-protein-extraction.html,application-note,efficient mammalian membrane protein extraction,GDTI,P3
www.thermofisher.com,https://www.thermofisher.com/us/en/home/life-science/protein-biology/protein-biology-learning-center/protein-biology-resource-library/protein-biology-application-notes/western-blot-detection-using-ccd-digital-imaging.html,application-note,western blot detection using ccd digital imaging,GDTI,P3|P4
www.thermofisher.com,https://www.thermofisher.com/us/en/home/life-science/protein-biology/protein-biology-learning-center/protein-biology-resource-library/protein-biology-application-notes/luciferase-assays-biotek-synergy-microplate-readers.html,application-note,luciferase assays biotek synergy microplate readers,GDTI,P3|P4
www.thermofisher.com,https://www.thermofisher.com/us/en/home/life-science/protein-biology/protein-biology-learning-center/protein-biology-resource-library/protein-biology-application-notes/mass-spectrometry-sample-preparation-procedure-protein-samples.html,application-note,mass spectrometry sample preparation procedure protein samples,GDTI,P3
www.thermofisher.com,https://www.thermofisher.com/us/en/home/life-science/protein-biology/protein-biology-learning-center/protein-biology-resource-library/protein-biology-application-notes/specific-labeling-enrichment-quantitation-s-nitrosylated-peptides-using-iodotmt-reagents.html,application-note,specific labeling enrichment quantitation s nitrosylated peptides using iodotmt reagents,GDTI,P3
www.thermofisher.com,https://www.thermofisher.com/us/en/home/life-science/protein-biology/protein-biology-learning-center/protein-biology-resource-library/protein-biology-application-notes/monitoring-neuronal-differentiation-using-multiplexed-luciferase-reporters.html,application-note,monitoring neuronal differentiation using multiplexed luciferase reporters,GDTI,P3|P4
www.thermofisher.com,https://www.thermofisher.com/us/en/home/life-science/protein-biology/protein-biology-learning-center/protein-biology-resource-library/protein-biology-application-notes/performance-characterization-hispur-cobalt-superflow-agarose.html,application-note,performance characterization hispur cobalt superflow agarose,GDTI,P3
www.thermofisher.com,https://www.thermofisher.com/us/en/home/life-science/protein-biology/protein-biology-learning-center/protein-biology-resource-library/protein-biology-application-notes/performance-characterization-hispur-nickel-superflow-agarose.html,application-note,performance characterization hispur nickel superflow agarose,GDTI,P3
www.thermofisher.com,https://www.thermofisher.com/us/en/home/life-science/protein-biology/protein-biology-learning-center/protein-biology-resource-library/protein-biology-application-notes/performance-characterization-glutathione-superflow-agarose.html,application-note,performance characterization glutathione superflow agarose,GDTI,P3
www.thermofisher.com,https://www.thermofisher.com/us/en/home/life-science/protein-biology/protein-biology-learning-center/protein-biology-resource-library/protein-biology-application-notes/protocol-in-vitro-protein-expression-using-mrna-templates.html,application-note,protocol in vitro protein expression using mrna templates,GDTI,P3
www.thermofisher.com,https://www.thermofisher.com/us/en/home/life-science/protein-biology/protein-biology-learning-center/protein-biology-resource-library/protein-biology-application-notes/separation-characteristics-dialysis-membranes.html,application-note,separation characteristics dialysis membranes,GDTI,P3
www.thermofisher.com,https://www.thermofisher.com/us/en/home/life-science/protein-biology/protein-biology-learning-center/protein-biology-resource-library/protein-biology-application-notes/simultaneous-dual-emission-detection-luciferase-reporter-assays.html,application-note,simultaneous dual emission detection luciferase reporter assays,GDTI,P3
www.thermofisher.com,https://www.thermofisher.com/us/en/home/life-science/protein-biology/protein-biology-learning-center/protein-biology-resource-library/protein-biology-application-notes/versatile-luciferases-tools-reporter-assays.html,application-note,versatile luciferases tools reporter assays,GDTI,P3
www.thermofisher.com,https://www.thermofisher.com/us/en/home/life-science/protein-biology/protein-biology-learning-center/protein-biology-resource-library/protein-biology-application-notes/benchmarking-experiments-zeba-spin-desalting-columns.html,application-note,benchmarking experiments zeba spin desalting columns,GDTI,P3
www.thermofisher.com,https://www.thermofisher.com/us/en/home/life-science/protein-biology/protein-biology-learning-center/protein-biology-resource-library/protein-biology-application-notes/calculate-number-immobilized-proteins-per-bead-agarose-affinity-supports.html,application-note,calculate number immobilized proteins per bead agarose affinity supports,GDTI,P3
www.thermofisher.com,https://www.thermofisher.com/us/en/home/life-science/protein-biology/protein-biology-learning-center/protein-biology-resource-library/protein-biology-application-notes/efficient-method-isolation-highly-functional-primary-neurons.html,application-note,efficient method isolation highly functional primary neurons,GDTI,P3
www.thermofisher.com,https://www.thermofisher.com/us/en/home/life-science/protein-biology/protein-biology-learning-center/protein-biology-resource-library/protein-biology-application-notes/expression-highly-active-proteins-using-cell-free-human-ivt-system.html,application-note,expression highly active proteins using cell free human ivt system,GDTI,P3
www.thermofisher.com,https://www.thermofisher.com/us/en/home/life-science/protein-biology/protein-biology-learning-center/protein-biology-resource-library/protein-biology-application-notes/glycoprotein-expression-human-ivt-system.html,application-note,glycoprotein expression human ivt system,GDTI,P3
www.thermofisher.com,https://www.thermofisher.com/us/en/home/life-science/protein-biology/protein-biology-learning-center/protein-biology-resource-library/protein-biology-application-notes/all-in-one-b-per-reagent-bacterial-protein-extraction.html,application-note,all in one b per reagent bacterial protein extraction,GDTI,P3
www.thermofisher.com,https://www.thermofisher.com/us/en/home/life-science/protein-biology/protein-biology-learning-center/protein-biology-resource-library/protein-biology-application-notes/method-efficient-isolation-primary-mouse-embryonic-fibroblasts.html,application-note,method efficient isolation primary mouse embryonic fibroblasts,GDTI,P3
www.thermofisher.com,https://www.thermofisher.com/us/en/home/life-science/protein-biology/protein-biology-learning-center/protein-biology-resource-library/protein-biology-application-notes/one-hour-procedure-isolate-primary-cardiomyocytes-neonatal-mouse-rat-hearts.html,application-note,one hour procedure isolate primary cardiomyocytes neonatal mouse rat hearts,GDTI,P3
www.thermofisher.com,https://www.thermofisher.com/us/en/home/life-science/protein-biology/protein-biology-learning-center/protein-biology-resource-library/protein-biology-application-notes/qip-assay-novel-hts-compatible-protein-protein-interaction-assay-system.html,application-note,qip assay novel hts compatible protein protein interaction assay system,GDTI,P3|P5
www.thermofisher.com,https://www.thermofisher.com/us/en/home/life-science/protein-biology/protein-biology-learning-center/protein-biology-resource-library/protein-biology-application-notes/system-high-throughput-high-yield-in-vitro-translation.html,application-note,system high throughput high yield in vitro translation,GDTI,P3
www.thermofisher.com,https://www.thermofisher.com/us/en/home/life-science/protein-biology/protein-biology-learning-center/protein-biology-resource-library/protein-biology-application-notes/transfer-emsa-gels-using-g2-fast-blotter.html,application-note,transfer emsa gels using g fast blotter,GDTI,P3
www.thermofisher.com,https://www.thermofisher.com/us/en/home/life-science/protein-biology/protein-biology-learning-center/protein-biology-resource-library/protein-biology-application-notes/pierce-power-stainer-coomassie-protein-staining-destaining.html,application-note,pierce power stainer coomassie protein staining destaining,GDTI,P3
www.thermofisher.com,https://www.thermofisher.com/us/en/home/life-science/protein-biology/protein-biology-learning-center/protein-biology-resource-library/protein-biology-application-notes/successful-transfer-high-mw-proteins-western-blotting.html,application-note,successful transfer high mw proteins western blotting,GDTI,P3
www.thermofisher.com,https://www.thermofisher.com/us/en/home/life-science/protein-biology/protein-biology-learning-center/protein-biology-resource-library/protein-biology-application-notes/optimizing-protein-a-purification-monoclonal-antibodies.html,application-note,optimizing protein a purification monoclonal antibodies,GDTI,P3
www.thermofisher.com,https://www.thermofisher.com/us/en/home/life-science/protein-biology/protein-biology-learning-center/protein-biology-resource-library/protein-biology-application-notes/detection-soluble-isoforms-immuno-oncology-checkpoint-markers.html,application-note,detection soluble isoforms immuno oncology checkpoint markers,GDTI,P3
www.thermofisher.com,https://www.thermofisher.com/us/en/home/life-science/protein-biology/protein-biology-learning-center/protein-biology-resource-library/protein-biology-application-notes/gpcr-extraction-purification.html,application-note,gpcr extraction purification,GDTI,P3
www.thermofisher.com,https://www.thermofisher.com/us/en/home/life-science/protein-biology/protein-biology-learning-center/protein-gel-electrophoresis-information/western-blot-protocols.html,application-note,western blot protocols,GDTI,P3
www.thermofisher.com,https://www.thermofisher.com/us/en/home/life-science/protein-biology/protein-biology-learning-center/protein-gel-electrophoresis-information/western-blot-protocols/western-blot-sample-preparation.html,application-note,western blot sample preparation,GDTI,P3
www.thermofisher.com,https://www.thermofisher.com/us/en/home/life-science/protein-biology/protein-expression/protein-expression-protocol-calculator.html,application-note,protein expression protocol calculator,GDTI,P3
www.thermofisher.com,https://www.thermofisher.com/us/en/home/life-science/protein-biology/protein-expression/mammalian-protein-expression/transient-mammalian-protein-expression/expi293-expression-system/expi293-expression-system-protocol-guide.html,application-note,expi 93 expression system protocol guide,GDTI,P3
www.thermofisher.com,https://www.thermofisher.com/us/en/home/life-science/protein-biology/protein-expression/mammalian-protein-expression/transient-mammalian-protein-expression/expicho-expression-system/expicho-expression-system-protocol-guide.html,application-note,expicho expression system protocol guide,GDTI,P3
www.thermofisher.com,https://www.thermofisher.com/us/en/home/life-science/protein-biology/protein-expression/insect-protein-expression/expisf-expression-system/expisf-expression-system-protocol-guide.html,application-note,expisf expression system protocol guide,GDTI,P3
www.thermofisher.com,https://www.thermofisher.com/us/en/home/life-science/protein-biology/protein-assays-analysis/immunoprecipitation/dynabeads-immunoprecipitation-crosslinking-protocol.html,application-note,dynabeads immunoprecipitation crosslinking protocol,GDTI,P3
www.thermofisher.com,https://www.thermofisher.com/us/en/home/life-science/protein-biology/protein-assays-analysis/immunoprecipitation/automated-immunoprecipitation-protocols.html,application-note,automated immunoprecipitation protocols,GDTI,P3
www.thermofisher.com,https://www.thermofisher.com/us/en/home/life-science/protein-biology/protein-assays-analysis/elisa/elisa-microplates-plasticware/affinity-coated-immunoassay-plates.html,certificate,affinity coated immunoassay plates,GDTI,P3
www.thermofisher.com,https://www.thermofisher.com/us/en/home/life-science/protein-biology/protein-assays-analysis/elisa/elisa-microplates-plasticware/affinity-coated-immunoassay-plates/antibody-binding-plates.html,certificate,antibody binding plates,GDTI,P3
www.thermofisher.com,https://www.thermofisher.com/us/en/home/life-science/protein-biology/protein-assays-analysis/elisa/elisa-microplates-plasticware/affinity-coated-immunoassay-plates/biotin-binding-plates.html,certificate,biotin binding plates,GDTI,P3|P4
www.thermofisher.com,https://www.thermofisher.com/us/en/home/life-science/protein-biology/protein-assays-analysis/elisa/elisa-microplates-plasticware/affinity-coated-immunoassay-plates/gst-binding-plates.html,certificate,gst binding plates,GDTI,P3
www.thermofisher.com,https://www.thermofisher.com/us/en/home/life-science/protein-biology/protein-assays-analysis/elisa/elisa-microplates-plasticware/affinity-coated-immunoassay-plates/his-tag-binding-plates.html,certificate,his tag binding plates,GDTI,P3
www.thermofisher.com,https://www.thermofisher.com/us/en/home/life-science/cell-culture/mammalian-cell-culture/fbs/specialty-serum/charcoal-stripped-fbs.html,certificate,charcoal stripped fbs,GDTI,
www.thermofisher.com,https://www.thermofisher.com/us/en/home/life-science/cell-culture/mammalian-cell-culture/reagents/trypsin/tryple-express/tryple-countess-protocol.html,application-note,tryple countess protocol,GDTI,P3
www.thermofisher.com,https://www.thermofisher.com/us/en/home/life-science/cell-culture/cell-culture-plastics/custom-coated-cell-culture-plastics.html,certificate,custom coated cell culture plastics,GDTI,
www.thermofisher.com,https://www.thermofisher.com/us/en/home/life-science/cell-culture/transfection/rnai-transfection/rnai-transfection-protocols.html,application-note,rnai transfection protocols,GDTI,P3
www.thermofisher.com,https://www.thermofisher.com/us/en/home/life-science/cell-culture/transfection/transfection-support/transfection-reagents-product-protocols.html,application-note,transfection reagents product protocols,GDTI,P1|P3
www.thermofisher.com,https://www.thermofisher.com/us/en/home/life-science/cell-culture/transfection/resources/transfection-protocol-calculator.html,application-note,transfection protocol calculator,GDTI,P3
www.thermofisher.com,https://www.thermofisher.com/us/en/home/life-science/cell-culture/transfection/resources/using-transfection-protocols-citations-tool.html,application-note,using transfection protocols citations tool,GDTI,P3
www.thermofisher.com,https://www.thermofisher.com/us/en/home/life-science/cell-culture/transfection/protocols-citations.html,application-note,protocols citations,GDTI,P3
www.thermofisher.com,https://www.thermofisher.com/us/en/home/life-science/cell-culture/cell-culture-learning-center/cell-culture-resource-library/cell-culture-transfection-application-notes.html,application-note,cell culture transfection application notes,GDTI,P3
www.thermofisher.com,https://www.thermofisher.com/us/en/home/life-science/cell-culture/cell-culture-learning-center/cell-culture-resource-library/cell-culture-transfection-application-notes/improve-lentiviral-production-using-lipofectamine-3000-reagent.html,application-note,improve lentiviral production using lipofectamine 3 reagent,GDTI,P1|P3
www.thermofisher.com,https://www.thermofisher.com/us/en/home/life-science/cell-culture/cell-culture-learning-center/cell-culture-resource-library/cell-culture-transfection-application-notes/neurobiology-transfection-guide.html,application-note,neurobiology transfection guide,GDTI,P3
www.thermofisher.com,https://www.thermofisher.com/us/en/home/life-science/cell-culture/cell-culture-learning-center/cell-culture-resource-library/cell-culture-transfection-application-notes/improve-genome-editing-outcomes-in-biologically-relevant-cell-models.html,application-note,improve genome editing outcomes in biologically relevant cell models,GDTI,P1|P3
www.thermofisher.com,https://www.thermofisher.com/us/en/home/life-science/cell-culture/cell-culture-learning-center/cell-culture-resource-library/cell-culture-transfection-application-notes/delivery-solutions-immune-cells.html,application-note,delivery solutions immune cells,GDTI,P3
www.thermofisher.com,https://www.thermofisher.com/us/en/home/life-science/cell-culture/cell-culture-learning-center/cell-culture-resource-library/cell-culture-transfection-application-notes/generation-transfection-induced-pluripotent-stem-cells.html,application-note,generation transfection induced pluripotent stem cells,GDTI,P3
www.thermofisher.com,https://www.thermofisher.com/us/en/home/life-science/cell-culture/cell-culture-learning-center/cell-culture-resource-library/cell-culture-transfection-application-notes/harnessing-new-dimensions-research-coming-round-spheroid-culture.html,application-note,harnessing new dimensions research coming round spheroid culture,GDTI,P3
www.thermofisher.com,https://www.thermofisher.com/us/en/home/life-science/cell-culture/cell-culture-learning-center/cell-culture-resource-library/cell-culture-transfection-application-notes/cell-culture-testing-nunclon-delta-surface.html,application-note,cell culture testing nunclon delta surface,GDTI,P3
www.thermofisher.com,https://www.thermofisher.com/us/en/home/life-science/cell-culture/cell-culture-learning-center/cell-culture-resource-library/cell-culture-transfection-application-notes/differentiation-pluripotent-stem-cells-neural-organoids.html,application-note,differentiation pluripotent stem cells neural organoids,GDTI,P3
www.thermofisher.com,https://www.thermofisher.com/us/en/home/life-science/cell-culture/cell-culture-learning-center/cell-culture-resource-library/cell-culture-transfection-application-notes/high-content-imaging-analysis-2d-3d-neuronal-cultures-grown-optimized-media.html,application-note,high content imaging analysis d 3d neuronal cultures grown optimized media,GDTI,P3
www.thermofisher.com,https://www.thermofisher.com/us/en/home/life-science/cell-culture/cell-culture-learning-center/cell-culture-resource-library/cell-culture-transfection-application-notes/nunclon-sphera-surface-supports-formation-3d-cancer-spheroids-suspension.html,application-note,nunclon sphera surface supports formation 3d cancer spheroids suspension,GDTI,P3
www.thermofisher.com,https://www.thermofisher.com/us/en/home/life-science/cell-culture/cell-culture-learning-center/cell-culture-resource-library/cell-culture-transfection-application-notes/in-vitro-evaluation-hepatic-function-using-spheroid-culture-system.html,application-note,in vitro evaluation hepatic function using spheroid culture system,GDTI,P3
www.thermofisher.com,https://www.thermofisher.com/us/en/home/life-science/cell-culture/cell-culture-learning-center/3d-culture-analysis-products-protocols-methods/3d-research-application-resources.html,application-note,3d research application resources,GDTI,P1|P3
www.thermofisher.com,https://www.thermofisher.com/us/en/home/life-science/cell-culture/cell-culture-learning-center/3d-culture-analysis-products-protocols-methods/3d-cell-culture-analysis-videos-webinars.html,application-note,3d cell culture analysis videos webinars,GDTI,P1|P3
www.thermofisher.com,https://www.thermofisher.com/us/en/home/life-science/genome-editing/genome-editing-learning-center/genome-editing-resource-library/genome-editing-application-notes/arrayed-lentiviral-crispr-library-powerful-high-throughput-lof-screening-tools-poster.html,application-note,arrayed lentiviral crispr library powerful high throughput lof screening tools poster,GDTI,P3
www.thermofisher.com,https://www.thermofisher.com/us/en/home/life-science/genome-editing/genome-editing-learning-center/genome-editing-resource-library/genome-editing-application-notes/crispr-cas9-formats-highly-efficient-high-throughput-cell-engineering-poster.html,application-note,crispr cas9 formats highly efficient high throughput cell engineering poster,GDTI,P3
www.thermofisher.com,https://www.thermofisher.com/us/en/home/life-science/genome-editing/genome-editing-learning-center/genome-editing-resource-library/genome-editing-application-notes/rapid-highly-efficient-cell-engineering-cas9-protein-transfection-poster.html,application-note,rapid highly efficient cell engineering cas9 protein transfection poster,GDTI,P3
www.thermofisher.com,https://www.thermofisher.com/us/en/home/life-science/genome-editing/genome-editing-learning-center/genome-editing-resource-library/genome-editing-application-notes/rapid-highly-efficient-cell-engineering-cas9-ribonucleoproteins-lentiviral-crispr-systems-poster.html,application-note,rapid highly efficient cell engineering cas9 ribonucleoproteins lentiviral crispr systems poster,GDTI,P3
www.thermofisher.com,https://www.thermofisher.com/us/en/home/life-science/genome-editing/genome-editing-learning-center/genome-editing-resource-library/genome-editing-application-notes/protocol-embryo-microinjection-crispr-cas9-mice-zebrafish.html,application-note,protocol embryo microinjection crispr cas9 mice zebrafish,GDTI,P3
www.thermofisher.com,https://www.thermofisher.com/us/en/home/life-science/genome-editing/genome-editing-learning-center/genome-editing-resource-library/genome-editing-application-notes/protocol-crispr-cas9-genome-editing-human-induced-pluripotent-stem-cells.html,application-note,protocol crispr cas9 genome editing human induced pluripotent stem cells,GDTI,P3
www.thermofisher.com,https://www.thermofisher.com/us/en/home/life-science/genome-editing/genome-editing-learning-center/genome-editing-resource-library/genome-editing-application-notes/crispr-cas9-protein-genome-editing-getting-started-guide.html,application-note,crispr cas9 protein genome editing getting started guide,GDTI,P3
www.thermofisher.com,https://www.thermofisher.com/us/en/home/life-science/genome-editing/genome-editing-learning-center/genome-editing-resource-library/genome-editing-application-notes/sanger-sequencing-facilitate-crispr-talen-mediated-genome-editing-workflows.html,application-note,sanger sequencing facilitate crispr talen mediated genome editing workflows,GDTI,P3
www.thermofisher.com,https://www.thermofisher.com/us/en/home/life-science/genome-editing/genome-editing-learning-center/genome-editing-resource-library/genome-editing-application-notes/genome-editing-stem-cells-geneart-crispr-nuclease-mrna.html,application-note,genome editing stem cells geneart crispr nuclease mrna,GDTI,P3
www.thermofisher.com,https://www.thermofisher.com/us/en/home/life-science/genome-editing/genome-editing-learning-center/genome-editing-resource-library/crispr-validated-protocols.html,application-note,crispr validated protocols,GDTI,P3
www.thermofisher.com,https://www.thermofisher.com/us/en/home/life-science/genome-editing/genome-editing-learning-center/genome-editing-resource-library/crispr-validated-protocols/general-crispr-rnp-transfection-guidelines.html,application-note,general crispr rnp transfection guidelines,GDTI,P3
www.thermofisher.com,https://www.thermofisher.com/us/en/home/life-science/genome-editing/genome-editing-learning-center/genome-editing-resource-library/crispr-validated-protocols/verification-crispr-gene-editing-efficiency.html,application-note,verification crispr gene editing efficiency,GDTI,P3
www.thermofisher.com,https://www.thermofisher.com/us/en/home/life-science/genome-editing/genome-editing-learning-center/genome-editing-resource-library/crispr-validated-protocols/guidelines-clone-isolation-validation.html,application-note,guidelines clone isolation validation,GDTI,P3
www.thermofisher.com,https://www.thermofisher.com/us/en/home/life-science/genome-editing/genome-editing-learning-center/genome-editing-resource-library/crispr-validated-protocols/cell-line-specific-crispr-rnp-transfection-conditions-lipofectamine-crisprmax-reagent.html,application-note,cell line specific crispr rnp transfection conditions lipofectamine crisprmax reagent,GDTI,P3
www.thermofisher.com,https://www.thermofisher.com/us/en/home/life-science/genome-editing/genome-editing-learning-center/genome-editing-resource-library/crispr-validated-protocols/cell-line-specific-crispr-rnp-electroporation-conditions-neon-system.html,application-note,cell line specific crispr rnp electroporation conditions neon system,GDTI,P3
www.thermofisher.com,https://www.thermofisher.com/us/en/home/life-science/antibodies/custom-antibodies/custom-antibody-production/custom-polyclonal-antibody-production/custom-rat-polyclonal-antibody-production-protocols.html,application-note,custom rat polyclonal antibody production protocols,GDTI,P1|P3
www.thermofisher.com,https://www.thermofisher.com/us/en/home/life-science/antibodies/custom-antibodies/custom-antibody-production/custom-polyclonal-antibody-production/custom-rabbit-polyclonal-antibody-production-protocols.html,application-note,custom rabbit polyclonal antibody production protocols,GDTI,P1|P3
www.thermofisher.com,https://www.thermofisher.com/us/en/home/life-science/antibodies/custom-antibodies/custom-antibody-production/custom-polyclonal-antibody-production/custom-chicken-polyclonal-antibody-production-protocols.html,application-note,custom chicken polyclonal antibody production protocols,GDTI,P1|P3
www.thermofisher.com,https://www.thermofisher.com/us/en/home/life-science/antibodies/custom-antibodies/custom-antibody-production/custom-polyclonal-antibody-production/custom-goat-polyclonal-antibody-production-protocols.html,application-note,custom goat polyclonal antibody production protocols,GDTI,P1|P3
www.thermofisher.com,https://www.thermofisher.com/us/en/home/life-science/antibodies/custom-antibodies/custom-antibody-production/custom-polyclonal-antibody-production/custom-guniea-pig-polyclonal-antibody-production-protocols.html,application-note,custom guniea pig polyclonal antibody production protocols,GDTI,P1|P3
www.thermofisher.com,https://www.thermofisher.com/us/en/home/life-science/antibodies/custom-antibodies/custom-antibody-production/custom-polyclonal-antibody-production/custom-mouse-polyclonal-antibody-production-protocols.html,application-note,custom mouse polyclonal antibody production protocols,GDTI,P1|P3
www.thermofisher.com,https://www.thermofisher.com/us/en/home/life-science/antibodies/antibodies-learning-center/antibodies-resource-library/antibody-application-notes.html,application-note,antibody application notes,GDTI,P3
www.thermofisher.com,https://www.thermofisher.com/us/en/home/life-science/antibodies/antibodies-learning-center/antibodies-resource-library/antibody-application-notes/step-by-step-guide-successful-chip-assays.html,application-note,step by step guide successful chip assays,GDTI,P3
www.thermofisher.com,https://www.thermofisher.com/us/en/home/life-science/antibodies/antibodies-learning-center/antibodies-resource-library/antibody-application-notes/abfinity-rabbit-monoclonal-antibodies-white-paper.html,application-note,abfinity rabbit monoclonal antibodies white paper,GDTI,P3
www.thermofisher.com,https://www.thermofisher.com/us/en/home/life-science/antibodies/antibodies-learning-center/antibodies-resource-library/antibody-application-notes/characterization-antibody-specificity-using-ip-ms.html,application-note,characterization antibody specificity using ip ms,GDTI,P3
www.thermofisher.com,https://www.thermofisher.com/us/en/home/life-science/antibodies/antibodies-learning-center/antibodies-resource-library/antibody-application-notes/carrier-protein-activation-conjugation-data.html,application-note,carrier protein activation conjugation data,GDTI,P3
www.thermofisher.com,https://www.thermofisher.com/us/en/home/life-science/antibodies/antibodies-learning-center/antibodies-resource-library/antibody-application-notes/abfinity-antibodies-studying-neuronal-synaptic-vesicle-exocytosis.html,application-note,abfinity antibodies studying neuronal synaptic vesicle exocytosis,GDTI,P3
www.thermofisher.com,https://www.thermofisher.com/us/en/home/life-science/antibodies/antibodies-learning-center/antibodies-resource-library/antibody-application-testing-protocols.html,application-note,antibody application testing protocols,GDTI,P3
www.thermofisher.com,https://www.thermofisher.com/us/en/home/life-science/antibodies/antibodies-learning-center/antibodies-resource-library/antibody-application-testing-protocols/western-blot-protocol-application-testing.html,application-note,western blot protocol application testing,GDTI,P3
www.thermofisher.com,https://www.thermofisher.com/us/en/home/life-science/antibodies/antibodies-learning-center/antibodies-resource-library/antibody-application-testing-protocols/immunofluorescence-protocol-adherent-suspension-application-testing.html,application-note,immunofluorescence protocol adherent suspension application testing,GDTI,P3
www.thermofisher.com,https://www.thermofisher.com/us/en/home/life-science/antibodies/antibodies-learning-center/antibodies-resource-library/antibody-application-testing-protocols/immunohistochemistry-paraffin-protocol-application-testing.html,application-note,immunohistochemistry paraffin protocol application testing,GDTI,P3
www.thermofisher.com,https://www.thermofisher.com/us/en/home/life-science/antibodies/antibodies-learning-center/antibodies-resource-library/antibody-application-testing-protocols/immunohistochemistry-frozen-protocol-application-testing.html,application-note,immunohistochemistry frozen protocol application testing,GDTI,P3
www.thermofisher.com,https://www.thermofisher.com/us/en/home/life-science/antibodies/antibodies-learning-center/antibodies-resource-library/antibody-application-testing-protocols/chromatin-immunoprecipitation-protocol-application-testing.html,application-note,chromatin immunoprecipitation protocol application testing,GDTI,P3
www.thermofisher.com,https://www.thermofisher.com/us/en/home/life-science/antibodies/antibodies-learning-center/antibodies-resource-library/epigenetics-education-center/protocols.html,application-note,protocols,GDTI,P3
www.thermofisher.com,https://www.thermofisher.com/us/en/home/life-science/antibodies/antibodies-learning-center/antibodies-resource-library/epitope-education-center/protocols.html,application-note,protocols,GDTI,P3
www.thermofisher.com,https://www.thermofisher.com/us/en/home/life-science/antibodies/antibodies-learning-center/antibody-protocols.html,application-note,antibody protocols,GDTI,P3
www.thermofisher.com,https://www.thermofisher.com/us/en/home/life-science/antibodies/antibodies-learning-center/neurobiology-education/protocols.html,application-note,protocols,GDTI,P3
www.thermofisher.com,https://www.thermofisher.com/us/en/home/life-science/lab-data-management-analysis-software/lab-apps/centrifuge-ware-selector-tool.html,manual,centrifuge ware selector tool,GDTI,P2|P3|P4
www.thermofisher.com,https://www.thermofisher.com/us/en/home/life-science/lab-data-management-analysis-software/lab-apps/operation-organoid.html,manual,operation organoid,GDTI,P2|P4
www.thermofisher.com,https://www.thermofisher.com/us/en/home/life-science/oligonucleotides-primers-probes-genes/custom-dna-oligos/oligo-technical-resources/oligo-protocols.html,application-note,oligo protocols,GDTI,P3
www.thermofisher.com,https://www.thermofisher.com/us/en/home/technical-resources/rohs-certificates.html,certificate,rohs certificates,GDTI,
www.thermofisher.com,https://www.thermofisher.com/us/en/home/technical-resources/software-downloads.html,driver,software downloads,GDTI,P2
www.thermofisher.com,https://www.thermofisher.com/us/en/home/technical-resources/software-downloads/ab-secondary-data-analysis-modules/applied-biosystems-analysis-modules-for-qpcr.html,driver,applied biosystems analysis modules for qpcr,GDTI,P2
www.thermofisher.com,https://www.thermofisher.com/us/en/home/technical-resources/software-downloads/applied-biosystems-8200-cellular-detection-system.html,driver,applied biosystems 8 cellular detection system,GDTI,P2
www.thermofisher.com,https://www.thermofisher.com/us/en/home/technical-resources/software-downloads/abi-prism-6100-nucleic-acid-prepstation.html,driver,abi prism 61 nucleic acid prepstation,GDTI,P2
www.thermofisher.com,https://www.thermofisher.com/us/en/home/technical-resources/software-downloads/abi-prism-3700-genetic-analyzer.html,driver,abi prism 37 genetic analyzer,GDTI,P2
www.thermofisher.com,https://www.thermofisher.com/us/en/home/technical-resources/software-downloads/applied-biosystems-3730-dna-analyzer.html,driver,applied biosystems 373 dna analyzer,GDTI,P2
www.thermofisher.com,https://www.thermofisher.com/us/en/home/technical-resources/software-downloads/bigdye-direct-cycle-sequencing-kit.html,driver,bigdye direct cycle sequencing kit,GDTI,P2|P3
www.thermofisher.com,https://www.thermofisher.com/us/en/home/technical-resources/software-downloads/genemapper-id-software.html,driver,genemapper id software,GDTI,P2
www.thermofisher.com,https://www.thermofisher.com/us/en/home/technical-resources/software-downloads/genemapper-id-x-software.html,driver,genemapper id x software,GDTI,P2
www.thermofisher.com,https://www.thermofisher.com/us/en/home/technical-resources/software-downloads/microseq-identification-systems.html,driver,microseq identification systems,GDTI,P2
www.thermofisher.com,https://www.thermofisher.com/us/en/home/technical-resources/software-downloads/mutation-analysis-reagent.html,driver,mutation analysis reagent,GDTI,P2|P3
www.thermofisher.com,https://www.thermofisher.com/us/en/home/technical-resources/software-downloads/solid-software.html,driver,solid software,GDTI,P2
www.thermofisher.com,https://www.thermofisher.com/us/en/home/technical-resources/software-downloads/veriti-therma-cycler.html,driver,veriti therma cycler,GDTI,P2
www.thermofisher.com,https://www.thermofisher.com/us/en/home/technical-resources/software-downloads/abi-prism-7000-sequence-detection-system.html,driver,abi prism 7 sequence detection system,GDTI,P2
www.thermofisher.com,https://www.thermofisher.com/us/en/home/technical-resources/software-downloads/abi-prism-7700-sequence-detection-system.html,driver,abi prism 77 sequence detection system,GDTI,P2
www.thermofisher.com,https://www.thermofisher.com/us/en/home/technical-resources/software-downloads/ampflstr-identifiler-plus-pcr-amplification-kit.html,driver,ampflstr identifiler plus pcr amplification kit,GDTI,P2|P3
www.thermofisher.com,https://www.thermofisher.com/us/en/home/technical-resources/software-downloads/bigdye-xterminator-purification-kit.html,driver,bigdye xterminator purification kit,GDTI,P2|P3
www.thermofisher.com,https://www.thermofisher.com/us/en/home/technical-resources/software-downloads/ampflstr-ngm-pc-amplification-kit.html,driver,ampflstr ngm pc amplification kit,GDTI,P2|P3
www.thermofisher.com,https://www.thermofisher.com/us/en/home/technical-resources/software-downloads/applied-biosystems-7300-real-time-pcr-system.html,driver,applied biosystems 73 real time pcr system,GDTI,P2
www.thermofisher.com,https://www.thermofisher.com/us/en/home/technical-resources/software-downloads/applied-biosystems-7500-fast-real-time-pcr-system.html,driver,applied biosystems 75 fast real time pcr system,GDTI,P2
www.thermofisher.com,https://www.thermofisher.com/us/en/home/technical-resources/software-downloads/applied-biosystems-7500-real-time-pcr-system-for-human-identification.html,driver,applied biosystems 75 real time pcr system for human identification,GDTI,P2
www.thermofisher.com,https://www.thermofisher.com/us/en/home/technical-resources/software-downloads/applied-biosystems-viia-7-real-time-pcr-system.html,driver,applied biosystems viia 7 real time pcr system,GDTI,P2
www.thermofisher.com,https://www.thermofisher.com/us/en/home/technical-resources/software-downloads/applied-biosystems-7900ht-fast-real-timespcr-system.html,driver,applied biosystems 79 ht fast real timespcr system,GDTI,P2
www.thermofisher.com,https://www.thermofisher.com/us/en/home/technical-resources/software-downloads/copycaller-software.html,driver,copycaller software,GDTI,P2
www.thermofisher.com,https://www.thermofisher.com/us/en/home/technical-resources/software-downloads/protein-thermal-shift-software.html,driver,protein thermal shift software,GDTI,P2
www.thermofisher.com,https://www.thermofisher.com/us/en/home/technical-resources/software-downloads/rapidfinder-express-software.html,driver,rapidfinder express software,GDTI,P2
www.thermofisher.com,https://www.thermofisher.com/us/en/home/technical-resources/software-downloads/taqman-genotyper-software.html,driver,taqman genotyper software,GDTI,P2
www.thermofisher.com,https://www.thermofisher.com/us/en/home/technical-resources/software-downloads/dataassist-software.html,driver,dataassist software,GDTI,P2
www.thermofisher.com,https://www.thermofisher.com/us/en/home/technical-resources/software-downloads/SOLiDBioScopecom.html,driver,SOLiDBioScopecom,GDTI,P2
www.thermofisher.com,https://www.thermofisher.com/us/en/home/technical-resources/software-downloads/autoscanxt-lcm-image-analysis-software.html,driver,autoscanxt lcm image analysis software,GDTI,P2
www.thermofisher.com,https://www.thermofisher.com/us/en/home/technical-resources/software-downloads/mutation-detector-software.html,driver,mutation detector software,GDTI,P2
www.thermofisher.com,https://www.thermofisher.com/us/en/home/technical-resources/software-downloads/5500-Series-Genetic-Analyzers.html,driver,55 Series Genetic Analyzers,GDTI,P2
www.thermofisher.com,https://www.thermofisher.com/us/en/home/technical-resources/software-downloads/expressionsuite-software.html,driver,expressionsuite software,GDTI,P2
www.thermofisher.com,https://www.thermofisher.com/us/en/home/technical-resources/software-downloads/applied-biosystems-7500-real-time-pcr-system.html,driver,applied biosystems 75 real time pcr system,GDTI,P2
www.thermofisher.com,https://www.thermofisher.com/us/en/home/technical-resources/software-downloads/xsq-software.html,driver,xsq software,GDTI,P2
www.thermofisher.com,https://www.thermofisher.com/us/en/home/technical-resources/software-downloads/lifescope-genomic-analysis-software.html,driver,lifescope genomic analysis software,GDTI,P2
www.thermofisher.com,https://www.thermofisher.com/us/en/home/technical-resources/software-downloads/StepOne-and-StepOnePlus-Real-Time-PCR-System.html,driver,StepOne and StepOnePlus Real Time PCR System,GDTI,P2
www.thermofisher.com,https://www.thermofisher.com/us/en/home/technical-resources/software-downloads/3500-Series-Genetic-Analyzers-for-Human-Identification.html,driver,35 Series Genetic Analyzers for Human Identification,GDTI,P2
www.thermofisher.com,https://www.thermofisher.com/us/en/home/technical-resources/software-downloads/evos-xl-core-cell-imaging-system.html,driver,evos xl core cell imaging system,GDTI,P2
www.thermofisher.com,https://www.thermofisher.com/us/en/home/technical-resources/software-downloads/evos-fl-auto.html,driver,evos fl auto,GDTI,P2
www.thermofisher.com,https://www.thermofisher.com/us/en/home/technical-resources/software-downloads/evos-fl-cell-imaging-system.html,driver,evos fl cell imaging system,GDTI,P2
www.thermofisher.com,https://www.thermofisher.com/us/en/home/technical-resources/software-downloads/evos-xl-cell-imaging-system.html,driver,evos xl cell imaging system,GDTI,P2
www.thermofisher.com,https://www.thermofisher.com/us/en/home/technical-resources/software-downloads/westover-fisher-scientific-private-labeled-microscopes.html,driver,westover fisher scientific private labeled microscopes,GDTI,P2
www.thermofisher.com,https://www.thermofisher.com/us/en/home/technical-resources/software-downloads/evos-gen-1-instrument.html,driver,evos gen 1 instrument,GDTI,P2
www.thermofisher.com,https://www.thermofisher.com/us/en/home/technical-resources/software-downloads/updating-quantstudio-12k-flex-real-time-pcr-system-software-or-firmware.html,driver,updating quantstudio 1 k flex real time pcr system software or firmware,GDTI,P2
www.thermofisher.com,https://www.thermofisher.com/us/en/home/technical-resources/software-downloads/proflex-pcr-system.html,driver,proflex pcr system,GDTI,P2
www.thermofisher.com,https://www.thermofisher.com/us/en/home/technical-resources/software-downloads/simpliAmp-thermal-cycler.html,driver,simpliAmp thermal cycler,GDTI,P2
www.thermofisher.com,https://www.thermofisher.com/us/en/home/technical-resources/software-downloads/quantstudio-3d-analysissuite-local-appliance-software.html,driver,quantstudio 3d analysissuite local appliance software,GDTI,P2
www.thermofisher.com,https://www.thermofisher.com/us/en/home/technical-resources/software-downloads/automated-thermal-cycler-atc-software.html,driver,automated thermal cycler atc software,GDTI,P2
www.thermofisher.com,https://www.thermofisher.com/us/en/home/technical-resources/software-downloads/ibright-western-imager.html,driver,ibright western imager,GDTI,P2
www.thermofisher.com,https://www.thermofisher.com/us/en/home/technical-resources/software-downloads/converge-software.html,driver,converge software,GDTI,P2
www.thermofisher.com,https://www.thermofisher.com/us/en/home/technical-resources/software-downloads/miniamp-firmware.html,driver,miniamp firmware,GDTI,P2
www.thermofisher.com,https://www.thermofisher.com/us/en/home/technical-resources/software-downloads/iblot-2-gel-transfer-device.html,driver,iblot gel transfer device,GDTI,P2
www.thermofisher.com,https://www.thermofisher.com/us/en/home/technical-resources/software-downloads/thermal-cycler-fleet-control-software.html,driver,thermal cycler fleet control software,GDTI,P2
www.thermofisher.com,https://www.thermofisher.com/us/en/home/technical-resources/software-downloads/hyperforma-single-use-mixer-touchscreen-console.html,driver,hyperforma single use mixer touchscreen console,GDTI,P2
www.thermofisher.com,https://www.thermofisher.com/us/en/home/technical-resources/software-downloads/primer-express-software-download.html,driver,primer express software download,GDTI,P2
www.thermofisher.com,https://www.thermofisher.com/us/en/home/technical-resources/software-downloads/evos-fl-auto2-imaging-system-software-download.html,driver,evos fl auto imaging system software download,GDTI,P2
www.thermofisher.com,https://www.thermofisher.com/us/en/home/technical-resources/software-downloads/rapid-software.html,driver,rapid software,GDTI,P2
www.thermofisher.com,https://www.thermofisher.com/us/en/home/technical-resources/software-downloads/molecular-microbiology-software-downloads.html,driver,molecular microbiology software downloads,GDTI,P2
www.thermofisher.com,https://www.thermofisher.com/us/en/home/technical-resources/software-downloads/axiom-analysis-suite.html,driver,axiom analysis suite,GDTI,P2
www.thermofisher.com,https://www.thermofisher.com/us/en/home/technical-resources/software-downloads/rotea-counterflow-centrifugation-system.html,manual,rotea counterflow centrifugation system,GDTI,P2|P3
www.thermofisher.com,https://www.thermofisher.com/us/en/home/technical-resources/software-downloads/high-resolution-melt-hrm-software.html,driver,high resolution melt hrm software,GDTI,P2
www.thermofisher.com,https://www.thermofisher.com/us/en/home/technical-resources/software-downloads/kingfisher-apex-bindix-software.html,driver,kingfisher apex bindix software,GDTI,P2
www.thermofisher.com,https://www.thermofisher.com/us/en/home/technical-resources/software-downloads/xenon-electroporation-system.html,driver,xenon electroporation system,GDTI,P2
www.thermofisher.com,https://www.thermofisher.com/us/en/home/technical-resources/software-downloads/dyna-drive-single-use-bioreactor-3000l-5000l-hmi.html,driver,dyna drive single use bioreactor 3 l 5 l hmi,GDTI,P2
www.thermofisher.com,https://www.thermofisher.com/us/en/home/technical-resources/software-downloads/quantstudio-6-7-pro-real-time-pcr-system.html,driver,quantstudio 6 7 pro real time pcr system,GDTI,P2
www.thermofisher.com,https://www.thermofisher.com/us/en/home/technical-resources/software-downloads/multiskan-skyhigh-instrument-software.html,driver,multiskan skyhigh instrument software,GDTI,P2
www.thermofisher.com,https://www.thermofisher.com/us/en/home/technical-resources/software-downloads/rfa-download.html,driver,rfa download,GDTI,P2
www.thermofisher.com,https://www.thermofisher.com/us/en/home/technical-resources/software-downloads/quantstudio-12k-flex-real-time-pcr-system.html,driver,quantstudio 1 k flex real time pcr system,GDTI,P2
www.thermofisher.com,https://www.thermofisher.com/us/en/home/technical-resources/software-downloads/quantstudio-3-5-real-time-pcr-systems.html,driver,quantstudio 3 5 real time pcr systems,GDTI,P2
www.thermofisher.com,https://www.thermofisher.com/us/en/home/technical-resources/software-downloads/quantstudio-absolute-q-digital-pcr-system.html,driver,quantstudio absolute q digital pcr system,GDTI,P2|P4
www.thermofisher.com,https://www.thermofisher.com/us/en/home/technical-resources/software-downloads/cellmation-software.html,driver,cellmation software,GDTI,P2
www.thermofisher.com,https://www.thermofisher.com/us/en/home/technical-resources/software-downloads/neon-nxt-firmware-download.html,driver,neon nxt firmware download,GDTI,P2
www.thermofisher.com,https://www.thermofisher.com/us/en/home/technical-resources/software-downloads/automated-axiom-analysis.html,driver,automated axiom analysis,GDTI,P2
www.thermofisher.com,https://www.thermofisher.com/us/en/home/technical-resources/software-downloads/dynacellect-magnetic-separation-system.html,driver,dynacellect magnetic separation system,GDTI,P2
www.thermofisher.com,https://www.thermofisher.com/us/en/home/technical-resources/software-downloads/kingfisher-plasmidpro-software.html,driver,kingfisher plasmidpro software,GDTI,P2
www.thermofisher.com,https://www.thermofisher.com/us/en/home/technical-resources/software-downloads/compleo-fill-finish-system.html,driver,compleo fill finish system,GDTI,P2
www.thermofisher.com,https://www.thermofisher.com/us/en/home/technical-resources/software-downloads/ovation-mixer-module.html,driver,ovation mixer module,GDTI,P2
www.thermofisher.com,https://www.thermofisher.com/us/en/home/technical-resources/software-downloads/quantstudio-6-7-flex.html,driver,quantstudio 6 7 flex,GDTI,P2
www.thermofisher.com,https://www.thermofisher.com/us/en/home/technical-resources/software-downloads/powerflex-thermal-cycler-firmware.html,driver,powerflex thermal cycler firmware,GDTI,P2
www.thermofisher.com,https://www.thermofisher.com/us/en/home/technical-resources/declarations-conformity.html,certificate,declarations conformity,GDTI,
www.thermofisher.com,https://www.thermofisher.com/us/en/home/technical-resources/ivdr-certificates.html,certificate,ivdr certificates,GDTI,
www.thermofisher.com,https://www.thermofisher.com/us/en/home/products-services/services/out-licensing-and-oem-sales/technologies/instruments_softwareandfirmware.html,driver,instruments softwareandfirmware,GDTI,P1|P2
www.thermofisher.com,https://www.thermofisher.com/us/en/home/products-and-services/promotions/life-science/benchtop-centrifuges-save-time-energy-space.html,manual,benchtop centrifuges save time energy space,GDTI,P1|P3
www.thermofisher.com,https://www.thermofisher.com/us/en/home/products-and-services/promotions/life-science/covalent-coupling-application-note.html,application-note,covalent coupling application note,GDTI,P1|P3
www.thermofisher.com,https://www.thermofisher.com/us/en/home/products-and-services/promotions/life-science/myths-truths-whitepaper.html,application-note,myths truths whitepaper,GDTI,P1
www.thermofisher.com,https://www.thermofisher.com/us/en/home/products-and-services/promotions/life-science/art-barrier-pipette-tips-application-note.html,application-note,art barrier pipette tips application note,GDTI,P1|P3
www.thermofisher.com,https://www.thermofisher.com/us/en/home/products-and-services/promotions/life-science/manualdefrostfreezer.html,manual,manualdefrostfreezer,GDTI,P1
www.thermofisher.com,https://www.thermofisher.com/us/en/home/products-and-services/promotions/industrial/special-promo-for-nicolet-380-ftir-spectrometer-owners/thank-you.html,manual,thank you,GDTI,P1
www.thermofisher.com,https://www.thermofisher.com/us/en/home/products-and-services/promotions/industrial/how-locate-user-manuals-documentation-online.html,manual,how locate user manuals documentation online,GDTI,P1
www.thermofisher.com,https://www.thermofisher.com/us/en/home/products-and-services/promotions/industrial/nexsa-vr-video-instructions.html,manual,nexsa vr video instructions,GDTI,P1|P3
www.thermofisher.com,https://www.thermofisher.com/us/en/home/products-and-services/promotions/industrial/moving-forward/moving-forward-operational.html,manual,moving forward operational,GDTI,P1
www.thermofisher.com,https://www.thermofisher.com/us/en/home/products-and-services/promotions/clinical/passive-binding-surfaces-app-note.html,application-note,passive binding surfaces app note,GDTI,P1|P3
www.thermofisher.com,https://www.thermofisher.com/us/en/home/products-and-services/promotions/movement-against-manual-cell-counting.html,manual,movement against manual cell counting,GDTI,P1
www.thermofisher.com,https://www.thermofisher.com/us/en/home/products-and-services/services/training-services/education-services-life-sciences/labcoat-live-learning-environment-training-series.html,certificate,labcoat live learning environment training series,GDTI,P1
www.thermofisher.com,https://www.thermofisher.com/us/en/home/references/molecular-probes-the-handbook/tables/molecular-probes-heterobifunctional-crosslinkers.html,manual,molecular probes heterobifunctional crosslinkers,GDTI,P3
www.thermofisher.com,https://www.thermofisher.com/us/en/home/references/protocols.html,application-note,protocols,GDTI,P3
www.thermofisher.com,https://www.thermofisher.com/us/en/home/references/protocols/cell-and-tissue-analysis.html,application-note,cell and tissue analysis,GDTI,P3
www.thermofisher.com,https://www.thermofisher.com/us/en/home/references/protocols/cell-and-tissue-analysis/microscopy-protocol.html,application-note,microscopy protocol,GDTI,P3
www.thermofisher.com,https://www.thermofisher.com/us/en/home/references/protocols/cell-and-tissue-analysis/microscopy-protocol/actin-staining-protocol.html,application-note,actin staining protocol,GDTI,P3
www.thermofisher.com,https://www.thermofisher.com/us/en/home/references/protocols/cell-and-tissue-analysis/microscopy-protocol/fluorescent-in-situ-hybridization-using-tsa.html,application-note,fluorescent in situ hybridization using tsa,GDTI,P3
www.thermofisher.com,https://www.thermofisher.com/us/en/home/references/protocols/cell-and-tissue-analysis/flow-cytometry-protocol.html,application-note,flow cytometry protocol,GDTI,P3
www.thermofisher.com,https://www.thermofisher.com/us/en/home/references/protocols/cell-and-tissue-analysis/flow-cytometry-protocol/apoptosis.html,application-note,apoptosis,GDTI,P3
www.thermofisher.com,https://www.thermofisher.com/us/en/home/references/protocols/cell-and-tissue-analysis/flow-cytometry-protocol/apoptosis/alexa-fluor-488-annexin-v-dead-cell-apoptosis-kit.html,application-note,alexa fluor 488 annexin v dead cell apoptosis kit,GDTI,P3
www.thermofisher.com,https://www.thermofisher.com/us/en/home/references/protocols/cell-and-tissue-analysis/flow-cytometry-protocol/apoptosis/mitoprobe-assay-kit-for-flow-cytometry.html,application-note,mitoprobe assay kit for flow cytometry,GDTI,P3
www.thermofisher.com,https://www.thermofisher.com/us/en/home/references/protocols/cell-and-tissue-analysis/flow-cytometry-protocol/cell-cycle-analysis/vybrant-dyecycle-green-and-orange-stains.html,application-note,vybrant dyecycle green and orange stains,GDTI,P3
www.thermofisher.com,https://www.thermofisher.com/us/en/home/references/protocols/cell-and-tissue-analysis/flow-cytometry-protocol/cell-cycle-analysis/vybrant-dyecycle-ruby-stain.html,application-note,vybrant dyecycle ruby stain,GDTI,P3
www.thermofisher.com,https://www.thermofisher.com/us/en/home/references/protocols/cell-and-tissue-analysis/flow-cytometry-protocol/cell-cycle-analysis/vybrant-dyecycle-violet-stain.html,application-note,vybrant dyecycle violet stain,GDTI,P3
www.thermofisher.com,https://www.thermofisher.com/us/en/home/references/protocols/cell-and-tissue-analysis/flow-cytometry-protocol/cell-proliferation/dual-pulse-labeling-of-cell-proliferation-using-edu-and-brdu-incorporation.html,application-note,dual pulse labeling of cell proliferation using edu and brdu incorporation,GDTI,P3
www.thermofisher.com,https://www.thermofisher.com/us/en/home/references/protocols/cell-and-tissue-analysis/flow-cytometry-protocol/cell-proliferation/standard-click-it-edu-flow-cytometry-cell-proliferation-assay.html,application-note,standard click it edu flow cytometry cell proliferation assay,GDTI,P3
www.thermofisher.com,https://www.thermofisher.com/us/en/home/references/protocols/cell-and-tissue-analysis/flow-cytometry-protocol/cell-viability.html,application-note,cell viability,GDTI,P3
www.thermofisher.com,https://www.thermofisher.com/us/en/home/references/protocols/cell-and-tissue-analysis/flow-cytometry-protocol/immunophenotyping.html,application-note,immunophenotyping,GDTI,P3
www.thermofisher.com,https://www.thermofisher.com/us/en/home/references/protocols/cell-and-tissue-analysis/flow-cytometry-protocol/immunophenotyping/abc-anti-mouse-bead-kit.html,application-note,abc anti mouse bead kit,GDTI,P3
www.thermofisher.com,https://www.thermofisher.com/us/en/home/references/protocols/cell-and-tissue-analysis/flow-cytometry-protocol/immunophenotyping/abc-anti-rat-hamster-bead-kit.html,application-note,abc anti rat hamster bead kit,GDTI,P3
www.thermofisher.com,https://www.thermofisher.com/us/en/home/references/protocols/cell-and-tissue-analysis/flow-cytometry-protocol/immunophenotyping/optimization-of-qdot-nanocrystals-for-flow-cytometry.html,application-note,optimization of qdot nanocrystals for flow cytometry,GDTI,P3
www.thermofisher.com,https://www.thermofisher.com/us/en/home/references/protocols/cell-and-tissue-analysis/flow-cytometry-protocol/sample-preparation.html,application-note,sample preparation,GDTI,P3
www.thermofisher.com,https://www.thermofisher.com/us/en/home/references/protocols/cell-and-tissue-analysis/flow-cytometry-protocol/sample-preparation/detection-of-intracellular-antigens-by-flow-cytometry.html,application-note,detection of intracellular antigens by flow cytometry,GDTI,P3
www.thermofisher.com,https://www.thermofisher.com/us/en/home/references/protocols/cell-and-tissue-analysis/microplate-protocols.html,application-note,microplate protocols,GDTI,P3
www.thermofisher.com,https://www.thermofisher.com/us/en/home/references/protocols/cell-and-tissue-analysis/high-content-screening-protocols.html,application-note,high content screening protocols,GDTI,P3
www.thermofisher.com,https://www.thermofisher.com/us/en/home/references/protocols/cell-and-tissue-analysis/elisa-protocol.html,application-note,elisa protocol,GDTI,P3
www.thermofisher.com,https://www.thermofisher.com/us/en/home/references/protocols/cell-and-tissue-analysis/elisa-protocol/elisa-sample-preparation-protocols.html,application-note,elisa sample preparation protocols,GDTI,P3
www.thermofisher.com,https://www.thermofisher.com/us/en/home/references/protocols/cell-and-tissue-analysis/elisa-protocol/elisa-sample-preparation-protocols/sample-preparation-adherent-suspension-cells.html,application-note,sample preparation adherent suspension cells,GDTI,P3
www.thermofisher.com,https://www.thermofisher.com/us/en/home/references/protocols/cell-and-tissue-analysis/elisa-protocol/elisa-sample-preparation-protocols/blood-plasma-serum-preparation.html,application-note,blood plasma serum preparation,GDTI,P3
www.thermofisher.com,https://www.thermofisher.com/us/en/home/references/protocols/cell-and-tissue-analysis/elisa-protocol/elisa-sample-preparation-protocols/cell-nuclear-extraction-protocols.html,application-note,cell nuclear extraction protocols,GDTI,P3
www.thermofisher.com,https://www.thermofisher.com/us/en/home/references/protocols/cell-and-tissue-analysis/elisa-protocol/elisa-sample-preparation-protocols/rat-elisa-protocols.html,application-note,rat elisa protocols,GDTI,P3
www.thermofisher.com,https://www.thermofisher.com/us/en/home/references/protocols/cell-and-tissue-analysis/elisa-protocol/general-elisa-protocol.html,application-note,general elisa protocol,GDTI,P3
www.thermofisher.com,https://www.thermofisher.com/us/en/home/references/protocols/cell-and-tissue-analysis/elisa-protocol/general-elisa-protocol/basic-sandwich-elisa-protocol.html,application-note,basic sandwich elisa protocol,GDTI,P3
www.thermofisher.com,https://www.thermofisher.com/us/en/home/references/protocols/cell-and-tissue-analysis/elisa-protocol/general-elisa-protocol/neurobiology-elisa-protocol.html,application-note,neurobiology elisa protocol,GDTI,P3
www.thermofisher.com,https://www.thermofisher.com/us/en/home/references/protocols/cell-and-tissue-analysis/elisa-protocol/general-elisa-protocol/phospho-specific-elisa-protocol.html,application-note,phospho specific elisa protocol,GDTI,P3
www.thermofisher.com,https://www.thermofisher.com/us/en/home/references/protocols/cell-and-tissue-analysis/elisa-protocol/general-elisa-protocol/anti-drug-antibody-bridging-elisa-protocol.html,application-note,anti drug antibody bridging elisa protocol,GDTI,P3
www.thermofisher.com,https://www.thermofisher.com/us/en/home/references/protocols/cell-and-tissue-analysis/elisa-protocol/general-elisa-protocol/sandwich-abts-tmb-elisa-protocol.html,application-note,sandwich abts tmb elisa protocol,GDTI,P3
www.thermofisher.com,https://www.thermofisher.com/us/en/home/references/protocols/cell-and-tissue-analysis/labeling-chemistry-protocols.html,application-note,labeling chemistry protocols,GDTI,P3
www.thermofisher.com,https://www.thermofisher.com/us/en/home/references/protocols/cell-and-tissue-analysis/labeling-chemistry-protocols/amine-reactive-probe-labeling-protocol.html,application-note,amine reactive probe labeling protocol,GDTI,P3
www.thermofisher.com,https://www.thermofisher.com/us/en/home/references/protocols/cell-and-tissue-analysis/labeling-chemistry-protocols/thiol-reactive-probe-labeling-protocol.html,application-note,thiol reactive probe labeling protocol,GDTI,P3
www.thermofisher.com,https://www.thermofisher.com/us/en/home/references/protocols/cell-and-tissue-analysis/labeling-chemistry-protocols/fluorescent-amine-reactive-alexa-fluor-dye-labeling-of-igm-antibodies.html,application-note,fluorescent amine reactive alexa fluor dye labeling of igm antibodies,GDTI,P3
www.thermofisher.com,https://www.thermofisher.com/us/en/home/references/protocols/cell-and-tissue-analysis/apoptosis-protocol.html,application-note,apoptosis protocol,GDTI,P3
www.thermofisher.com,https://www.thermofisher.com/us/en/home/references/protocols/cell-and-tissue-analysis/apoptosis-protocol/tunel-protocols.html,application-note,tunel protocols,GDTI,P3
www.thermofisher.com,https://www.thermofisher.com/us/en/home/references/protocols/cell-and-tissue-analysis/apoptosis-protocol/tunel-protocols/click-it-tunel-alexa-fluor-imaging-assay-protocol.html,application-note,click it tunel alexa fluor imaging assay protocol,GDTI,P3
www.thermofisher.com,https://www.thermofisher.com/us/en/home/references/protocols/cell-and-tissue-analysis/brdu-protocol.html,application-note,brdu protocol,GDTI,P3
www.thermofisher.com,https://www.thermofisher.com/us/en/home/references/protocols/cell-and-tissue-analysis/cell-profilteration-assay-protocols/angiogenesis-protocols.html,application-note,angiogenesis protocols,GDTI,P3
www.thermofisher.com,https://www.thermofisher.com/us/en/home/references/protocols/cell-and-tissue-analysis/cell-profilteration-assay-protocols/angiogenesis-protocols/endothelial-cell-tube-formation-assay.html,application-note,endothelial cell tube formation assay,GDTI,P3
www.thermofisher.com,https://www.thermofisher.com/us/en/home/references/protocols/cell-and-tissue-analysis/cell-profilteration-assay-protocols/angiogenesis-protocols/matrix-invasion-assay.html,application-note,matrix invasion assay,GDTI,P3
www.thermofisher.com,https://www.thermofisher.com/us/en/home/references/protocols/cell-and-tissue-analysis/cell-profilteration-assay-protocols/angiogenesis-protocols/transwell-migration-assay.html,application-note,transwell migration assay,GDTI,P3
www.thermofisher.com,https://www.thermofisher.com/us/en/home/references/protocols/cell-and-tissue-analysis/cell-profilteration-assay-protocols/angiogenesis-protocols/transwell-migration-assay/transwell-migration-assay-extracellular-matrices.html,application-note,transwell migration assay extracellular matrices,GDTI,P3
www.thermofisher.com,https://www.thermofisher.com/us/en/home/references/protocols/cell-and-tissue-analysis/cell-profilteration-assay-protocols/angiogenesis-protocols/transwell-migration-assay/transwell-migration-assay-cells.html,application-note,transwell migration assay cells,GDTI,P3
www.thermofisher.com,https://www.thermofisher.com/us/en/home/references/protocols/cell-and-tissue-analysis/cell-profilteration-assay-protocols/angiogenesis-protocols/transwell-migration-assay/transwell-migration-assay-media-and-media-supplements.html,application-note,transwell migration assay media and media supplements,GDTI,P3
www.thermofisher.com,https://www.thermofisher.com/us/en/home/references/protocols/cell-and-tissue-analysis/cell-profilteration-assay-protocols/angiogenesis-protocols/transwell-migration-assay/transwell-migration-assay-cell-dissociation-solutions.html,application-note,transwell migration assay cell dissociation solutions,GDTI,P3
www.thermofisher.com,https://www.thermofisher.com/us/en/home/references/protocols/cell-and-tissue-analysis/cell-profilteration-assay-protocols/angiogenesis-protocols/transwell-migration-assay/transwell-migration-assay-cell-permeant-dyes.html,application-note,transwell migration assay cell permeant dyes,GDTI,P3
www.thermofisher.com,https://www.thermofisher.com/us/en/home/references/protocols/cell-and-tissue-analysis/cell-profilteration-assay-protocols/angiogenesis-protocols/transwell-migration-assay/transwell-migration-assay-angiogenic-inducers.html,application-note,transwell migration assay angiogenic inducers,GDTI,P3
www.thermofisher.com,https://www.thermofisher.com/us/en/home/references/protocols/cell-and-tissue-analysis/cell-profilteration-assay-protocols/angiogenesis-protocols/transwell-migration-assay/transwell-migration-assay-angiogenic-inhibitors.html,application-note,transwell migration assay angiogenic inhibitors,GDTI,P3
www.thermofisher.com,https://www.thermofisher.com/us/en/home/references/protocols/cell-and-tissue-analysis/cell-profilteration-assay-protocols/angiogenesis-protocols/transwell-migration-assay/transwell-migration-assay-elisa-kits.html,application-note,transwell migration assay elisa kits,GDTI,P3
www.thermofisher.com,https://www.thermofisher.com/us/en/home/references/protocols/cell-and-tissue-analysis/cell-profilteration-assay-protocols/angiogenesis-protocols/transwell-migration-assay/transwell-migration-assay-other-extracellular-matrices.html,application-note,transwell migration assay other extracellular matrices,GDTI,P3
www.thermofisher.com,https://www.thermofisher.com/us/en/home/references/protocols/cell-and-tissue-analysis/cell-profilteration-assay-protocols/angiogenesis-protocols/transwell-migration-assay/transwell-migration-assay-other-media-and-media-supplements.html,application-note,transwell migration assay other media and media supplements,GDTI,P3
www.thermofisher.com,https://www.thermofisher.com/us/en/home/references/protocols/cell-and-tissue-analysis/cell-profilteration-assay-protocols/angiogenesis-protocols/thymidine-incorporation-assay.html,application-note,thymidine incorporation assay,GDTI,P3
www.thermofisher.com,https://www.thermofisher.com/us/en/home/references/protocols/cell-and-tissue-analysis/cell-profilteration-assay-protocols/angiogenesis-protocols/thymidine-incorporation-assay/thymidine-incorporation-assay-kits.html,application-note,thymidine incorporation assay kits,GDTI,P3
www.thermofisher.com,https://www.thermofisher.com/us/en/home/references/protocols/cell-and-tissue-analysis/cell-profilteration-assay-protocols/angiogenesis-protocols/thymidine-incorporation-assay/thymidine-incorporation-assay-brdu-and-accessories.html,application-note,thymidine incorporation assay brdu and accessories,GDTI,P3|P5
www.thermofisher.com,https://www.thermofisher.com/us/en/home/references/protocols/cell-and-tissue-analysis/cell-profilteration-assay-protocols/angiogenesis-protocols/thymidine-incorporation-assay/thymidine-incorporation-assay-extracellular-matrices.html,application-note,thymidine incorporation assay extracellular matrices,GDTI,P3
www.thermofisher.com,https://www.thermofisher.com/us/en/home/references/protocols/cell-and-tissue-analysis/cell-profilteration-assay-protocols/angiogenesis-protocols/thymidine-incorporation-assay/thymidine-incorporation-assay-cells.html,application-note,thymidine incorporation assay cells,GDTI,P3
www.thermofisher.com,https://www.thermofisher.com/us/en/home/references/protocols/cell-and-tissue-analysis/cell-profilteration-assay-protocols/angiogenesis-protocols/thymidine-incorporation-assay/thymidine-migration-assay-media-and-media-supplements.html,application-note,thymidine migration assay media and media supplements,GDTI,P3
www.thermofisher.com,https://www.thermofisher.com/us/en/home/references/protocols/cell-and-tissue-analysis/cell-profilteration-assay-protocols/angiogenesis-protocols/thymidine-incorporation-assay/thymidine-migration-assay-cell-dissociation-solutions.html,application-note,thymidine migration assay cell dissociation solutions,GDTI,P3
www.thermofisher.com,https://www.thermofisher.com/us/en/home/references/protocols/cell-and-tissue-analysis/cell-profilteration-assay-protocols/angiogenesis-protocols/thymidine-incorporation-assay/thymidine-migration-assay-cell-permeant-dyes.html,application-note,thymidine migration assay cell permeant dyes,GDTI,P3
www.thermofisher.com,https://www.thermofisher.com/us/en/home/references/protocols/cell-and-tissue-analysis/cell-profilteration-assay-protocols/angiogenesis-protocols/thymidine-incorporation-assay/thymidine-migration-assay-angiogenic-inducers.html,application-note,thymidine migration assay angiogenic inducers,GDTI,P3
www.thermofisher.com,https://www.thermofisher.com/us/en/home/references/protocols/cell-and-tissue-analysis/cell-profilteration-assay-protocols/angiogenesis-protocols/thymidine-incorporation-assay/thymidine-incorporation-assay-angiogenic-inhibitors.html,application-note,thymidine incorporation assay angiogenic inhibitors,GDTI,P3
www.thermofisher.com,https://www.thermofisher.com/us/en/home/references/protocols/cell-and-tissue-analysis/cell-profilteration-assay-protocols/angiogenesis-protocols/thymidine-incorporation-assay/thymidine-incorporation-assay-elisa-kits.html,application-note,thymidine incorporation assay elisa kits,GDTI,P3
www.thermofisher.com,https://www.thermofisher.com/us/en/home/references/protocols/cell-and-tissue-analysis/cell-profilteration-assay-protocols/angiogenesis-protocols/thymidine-incorporation-assay/thymidine-incorporation-assay-other-extracellular-matrices.html,application-note,thymidine incorporation assay other extracellular matrices,GDTI,P3
www.thermofisher.com,https://www.thermofisher.com/us/en/home/references/protocols/cell-and-tissue-analysis/cell-profilteration-assay-protocols/angiogenesis-protocols/thymidine-incorporation-assay/thymidine-incorporation-assay-other-media-and-media-supplements.html,application-note,thymidine incorporation assay other media and media supplements,GDTI,P3
www.thermofisher.com,https://www.thermofisher.com/us/en/home/references/protocols/cell-and-tissue-analysis/cell-profilteration-assay-protocols/angiogenesis-protocols/rat-aortic-ring-assay.html,application-note,rat aortic ring assay,GDTI,P3
www.thermofisher.com,https://www.thermofisher.com/us/en/home/references/protocols/cell-and-tissue-analysis/cell-profilteration-assay-protocols/angiogenesis-protocols/rat-aortic-ring-assay/rat-aortic-ring-assay-extracellular-matrices.html,application-note,rat aortic ring assay extracellular matrices,GDTI,P3
www.thermofisher.com,https://www.thermofisher.com/us/en/home/references/protocols/cell-and-tissue-analysis/cell-profilteration-assay-protocols/angiogenesis-protocols/rat-aortic-ring-assay/rat-aortic-ring-assay-cell-permeant-dyes.html,application-note,rat aortic ring assay cell permeant dyes,GDTI,P3
www.thermofisher.com,https://www.thermofisher.com/us/en/home/references/protocols/cell-and-tissue-analysis/cell-profilteration-assay-protocols/angiogenesis-protocols/rat-aortic-ring-assay/rat-aortic-ring-assay-angiogenic-inducers.html,application-note,rat aortic ring assay angiogenic inducers,GDTI,P3
www.thermofisher.com,https://www.thermofisher.com/us/en/home/references/protocols/cell-and-tissue-analysis/cell-profilteration-assay-protocols/angiogenesis-protocols/rat-aortic-ring-assay/rat-aortic-ring-assay-angiogenic-inhibitors.html,application-note,rat aortic ring assay angiogenic inhibitors,GDTI,P3
www.thermofisher.com,https://www.thermofisher.com/us/en/home/references/protocols/cell-and-tissue-analysis/cell-profilteration-assay-protocols/angiogenesis-protocols/rat-aortic-ring-assay/rat-aortic-ring-assay-elisa-kits.html,application-note,rat aortic ring assay elisa kits,GDTI,P3
www.thermofisher.com,https://www.thermofisher.com/us/en/home/references/protocols/cell-and-tissue-analysis/cell-profilteration-assay-protocols/angiogenesis-protocols/rat-aortic-ring-assay/rat-aortic-ring-assay-other-extracellular-matrices.html,application-note,rat aortic ring assay other extracellular matrices,GDTI,P3
www.thermofisher.com,https://www.thermofisher.com/us/en/home/references/protocols/cell-and-tissue-analysis/cell-profilteration-assay-protocols/angiogenesis-protocols/rat-aortic-ring-assay/rat-aortic-ring-assay-other-media-and-media-supplements.html,application-note,rat aortic ring assay other media and media supplements,GDTI,P3
www.thermofisher.com,https://www.thermofisher.com/us/en/home/references/protocols/cell-and-tissue-analysis/cell-profilteration-assay-protocols/angiogenesis-protocols/corneal-angiogenesis-assay.html,application-note,corneal angiogenesis assay,GDTI,P3
www.thermofisher.com,https://www.thermofisher.com/us/en/home/references/protocols/cell-and-tissue-analysis/cell-profilteration-assay-protocols/angiogenesis-protocols/corneal-angiogenesis-assay/corneal-angiogenesis-assay-angiogenic-inducers.html,application-note,corneal angiogenesis assay angiogenic inducers,GDTI,P3
www.thermofisher.com,https://www.thermofisher.com/us/en/home/references/protocols/cell-and-tissue-analysis/cell-profilteration-assay-protocols/angiogenesis-protocols/gel-plug-assay.html,application-note,gel plug assay,GDTI,P3
www.thermofisher.com,https://www.thermofisher.com/us/en/home/references/protocols/cell-and-tissue-analysis/cell-profilteration-assay-protocols/angiogenesis-protocols/gel-plug-assay/gel-plug-assay-extracellular-matrices.html,application-note,gel plug assay extracellular matrices,GDTI,P3
www.thermofisher.com,https://www.thermofisher.com/us/en/home/references/protocols/cell-and-tissue-analysis/cell-profilteration-assay-protocols/angiogenesis-protocols/gel-plug-assay/gel-plug-assay-angiogenic-inducers.html,application-note,gel plug assay angiogenic inducers,GDTI,P3
www.thermofisher.com,https://www.thermofisher.com/us/en/home/references/protocols/cell-and-tissue-analysis/cell-profilteration-assay-protocols/angiogenesis-protocols/directed-in-vivo-angiogenesis-assay.html,application-note,directed in vivo angiogenesis assay,GDTI,P3
www.thermofisher.com,https://www.thermofisher.com/us/en/home/references/protocols/cell-and-tissue-analysis/cell-profilteration-assay-protocols/angiogenesis-protocols/directed-in-vivo-angiogenesis-assay/directed-in-vivo-assay-extracellular-matrices.html,application-note,directed in vivo assay extracellular matrices,GDTI,P3
www.thermofisher.com,https://www.thermofisher.com/us/en/home/references/protocols/cell-and-tissue-analysis/cell-profilteration-assay-protocols/angiogenesis-protocols/directed-in-vivo-angiogenesis-assay/directed-in-vivo-assay-angiogenic-inducers.html,application-note,directed in vivo assay angiogenic inducers,GDTI,P3
www.thermofisher.com,https://www.thermofisher.com/us/en/home/references/protocols/cell-and-tissue-analysis/cell-profilteration-assay-protocols/angiogenesis-protocols/cam-assay.html,application-note,cam assay,GDTI,P3
www.thermofisher.com,https://www.thermofisher.com/us/en/home/references/protocols/cell-and-tissue-analysis/cell-profilteration-assay-protocols/angiogenesis-protocols/cam-assay/chick-chorioallantoic-membrane-assay-angiogenic-inducers.html,application-note,chick chorioallantoic membrane assay angiogenic inducers,GDTI,P3
www.thermofisher.com,https://www.thermofisher.com/us/en/home/references/protocols/cell-and-tissue-analysis/dapi-protocol.html,application-note,dapi protocol,GDTI,P3
www.thermofisher.com,https://www.thermofisher.com/us/en/home/references/protocols/cell-and-tissue-analysis/dapi-protocol/basic-dapi-counterstaining-protocols.html,application-note,basic dapi counterstaining protocols,GDTI,P3
www.thermofisher.com,https://www.thermofisher.com/us/en/home/references/protocols/cell-and-tissue-analysis/immunofluorescence-protocol.html,application-note,immunofluorescence protocol,GDTI,P3
www.thermofisher.com,https://www.thermofisher.com/us/en/home/references/protocols/cell-and-tissue-analysis/immunofluorescence-protocol/3-color-staining-alpha-catenin-in-hela-human-cervical-cancer-cells.html,application-note,3 color staining alpha catenin in hela human cervical cancer cells,GDTI,P3
www.thermofisher.com,https://www.thermofisher.com/us/en/home/references/protocols/cell-and-tissue-analysis/immunofluorescence-protocol/immunofluorescence-image-it-fixation-permeabilization-kit.html,application-note,immunofluorescence image it fixation permeabilization kit,GDTI,P3
www.thermofisher.com,https://www.thermofisher.com/us/en/home/references/protocols/cell-and-tissue-analysis/immunohistochemistry-protocol.html,application-note,immunohistochemistry protocol,GDTI,P3
www.thermofisher.com,https://www.thermofisher.com/us/en/home/references/protocols/cell-and-tissue-analysis/immunohistochemistry-protocol/all-in-one-kit-for-immunohistochemical-staining-for-tissues-with-antibodies.html,application-note,all in one kit for immunohistochemical staining for tissues with antibodies,GDTI,P3
www.thermofisher.com,https://www.thermofisher.com/us/en/home/references/protocols/cell-and-tissue-analysis/staining-protocol.html,application-note,staining protocol,GDTI,P3
www.thermofisher.com,https://www.thermofisher.com/us/en/home/references/protocols/cell-and-tissue-analysis/staining-protocol/culture-of-peripheral-blood-lymphocytes-for-chromosome-analysis.html,application-note,culture of peripheral blood lymphocytes for chromosome analysis,GDTI,P3
www.thermofisher.com,https://www.thermofisher.com/us/en/home/references/protocols/cell-and-tissue-analysis/staining-protocol/giemsa-banding.html,application-note,giemsa banding,GDTI,P3
www.thermofisher.com,https://www.thermofisher.com/us/en/home/references/protocols/cell-and-tissue-analysis/cell-viability-protocols.html,application-note,cell viability protocols,GDTI,P3
www.thermofisher.com,https://www.thermofisher.com/us/en/home/references/protocols/cell-and-tissue-analysis/cell-structure-protocols.html,application-note,cell structure protocols,GDTI,P3
www.thermofisher.com,https://www.thermofisher.com/us/en/home/references/protocols/cell-and-tissue-analysis/protocols.html,application-note,protocols,GDTI,P3
www.thermofisher.com,https://www.thermofisher.com/us/en/home/references/protocols/cell-and-tissue-analysis/protocols/brdu-labeling-and-detection-protocol.html,application-note,brdu labeling and detection protocol,GDTI,P3
www.thermofisher.com,https://www.thermofisher.com/us/en/home/references/protocols/cell-and-tissue-analysis/protocols/celltrace-cfse-cell-proliferation-protocol.html,application-note,celltrace cfse cell proliferation protocol,GDTI,P3
www.thermofisher.com,https://www.thermofisher.com/us/en/home/references/protocols/cell-and-tissue-analysis/protocols/celltrace-far-red-cell-proliferation-protocol.html,application-note,celltrace far red cell proliferation protocol,GDTI,P3
www.thermofisher.com,https://www.thermofisher.com/us/en/home/references/protocols/cell-and-tissue-analysis/protocols/celltrace-violet-cell-proliferation-protocol.html,application-note,celltrace violet cell proliferation protocol,GDTI,P3
www.thermofisher.com,https://www.thermofisher.com/us/en/home/references/protocols/cell-and-tissue-analysis/protocols/click-it-edu-imaging-protocol.html,application-note,click it edu imaging protocol,GDTI,P3
www.thermofisher.com,https://www.thermofisher.com/us/en/home/references/protocols/cell-and-tissue-analysis/protocols/click-it-plus-edu-imaging-protocol.html,application-note,click it plus edu imaging protocol,GDTI,P3
www.thermofisher.com,https://www.thermofisher.com/us/en/home/references/protocols/cell-and-tissue-analysis/protocols/cyquant-direct-microplate-reagent-for-cell-viability-protocol.html,application-note,cyquant direct microplate reagent for cell viability protocol,GDTI,P3
www.thermofisher.com,https://www.thermofisher.com/us/en/home/references/protocols/cell-and-tissue-analysis/protocols/hcs-live-dead-green-kit-using-hcs-nuclearmask-deep-red.html,application-note,hcs live dead green kit using hcs nuclearmask deep red,GDTI,P3
www.thermofisher.com,https://www.thermofisher.com/us/en/home/references/protocols/cell-and-tissue-analysis/protocols/hcs-live-dead-green-kit-using-hoechst-33342.html,application-note,hcs live dead green kit using hoechst 3334,GDTI,P3
www.thermofisher.com,https://www.thermofisher.com/us/en/home/references/protocols/cell-and-tissue-analysis/protocols/hcs-mitochondrial-health-protocol.html,application-note,hcs mitochondrial health protocol,GDTI,P3
www.thermofisher.com,https://www.thermofisher.com/us/en/home/references/protocols/cell-and-tissue-analysis/protocols/image-it-dead-green-kit.html,application-note,image it dead green kit,GDTI,P3
www.thermofisher.com,https://www.thermofisher.com/us/en/home/references/protocols/cell-and-tissue-analysis/protocols/live-baclight-bacterial-gram-stain-protocol.html,application-note,live baclight bacterial gram stain protocol,GDTI,P3
www.thermofisher.com,https://www.thermofisher.com/us/en/home/references/protocols/cell-and-tissue-analysis/protocols/live-dead-cell-imaging-kit-488-570.html,application-note,live dead cell imaging kit 488 57,GDTI,P3
www.thermofisher.com,https://www.thermofisher.com/us/en/home/references/protocols/cell-and-tissue-analysis/protocols/live-dead-fixable-dead-cell-stains.html,application-note,live dead fixable dead cell stains,GDTI,P3
www.thermofisher.com,https://www.thermofisher.com/us/en/home/references/protocols/cell-and-tissue-analysis/protocols/live-dead-sperm-viability-kit-flow-cytometry-protocol.html,application-note,live dead sperm viability kit flow cytometry protocol,GDTI,P3
www.thermofisher.com,https://www.thermofisher.com/us/en/home/references/protocols/cell-and-tissue-analysis/protocols/live-dead-sperm-viability-imaging.html,application-note,live dead sperm viability imaging,GDTI,P3
www.thermofisher.com,https://www.thermofisher.com/us/en/home/references/protocols/cell-and-tissue-analysis/protocols/live-dead-viability-cytotoxicity-kit-for-mammalian-cells.html,application-note,live dead viability cytotoxicity kit for mammalian cells,GDTI,P3
www.thermofisher.com,https://www.thermofisher.com/us/en/home/references/protocols/cell-and-tissue-analysis/protocols/live-dead-yeast-viability-protocol.html,application-note,live dead yeast viability protocol,GDTI,P3
www.thermofisher.com,https://www.thermofisher.com/us/en/home/references/protocols/cell-and-tissue-analysis/protocols/nucgreen-dead-488-readyprobes-reagent.html,application-note,nucgreen dead 488 readyprobes reagent,GDTI,P3
www.thermofisher.com,https://www.thermofisher.com/us/en/home/references/protocols/cell-and-tissue-analysis/protocols/nucred-dead-647-readyprobes-reagent.html,application-note,nucred dead 647 readyprobes reagent,GDTI,P3
www.thermofisher.com,https://www.thermofisher.com/us/en/home/references/protocols/cell-and-tissue-analysis/protocols/prestoblue-cell-viability-reagent-for-microplates-protocol.html,application-note,prestoblue cell viability reagent for microplates protocol,GDTI,P3
www.thermofisher.com,https://www.thermofisher.com/us/en/home/references/protocols/cell-and-tissue-analysis/protocols/prestoblue-and-cyquant-direct-confirmation-assay-for-cell-viability-protocol.html,application-note,prestoblue and cyquant direct confirmation assay for cell viability protocol,GDTI,P3
www.thermofisher.com,https://www.thermofisher.com/us/en/home/references/protocols/cell-and-tissue-analysis/protocols/readyprobes-cell-viability-imaging-kit-blue-green.html,application-note,readyprobes cell viability imaging kit blue green,GDTI,P3
www.thermofisher.com,https://www.thermofisher.com/us/en/home/references/protocols/cell-and-tissue-analysis/protocols/readyprobes-cell-viability-imaging-kit-blue-red.html,application-note,readyprobes cell viability imaging kit blue red,GDTI,P3
www.thermofisher.com,https://www.thermofisher.com/us/en/home/references/protocols/cell-and-tissue-analysis/protocols/live-dead-baclight-bacterial-viability-protocol.html,application-note,live dead baclight bacterial viability protocol,GDTI,P3
www.thermofisher.com,https://www.thermofisher.com/us/en/home/references/protocols/cell-and-tissue-analysis/protocols/live-dead-violet-viability-vitality-protocol.html,application-note,live dead violet viability vitality protocol,GDTI,P3
www.thermofisher.com,https://www.thermofisher.com/us/en/home/references/protocols/cell-and-tissue-analysis/protocols/sytox-dead-cell-stains-protocol.html,application-note,sytox dead cell stains protocol,GDTI,P3
www.thermofisher.com,https://www.thermofisher.com/us/en/home/references/protocols/cell-and-tissue-analysis/protocols/click-it-edu-hcs-assays-protocol.html,application-note,click it edu hcs assays protocol,GDTI,P3
www.thermofisher.com,https://www.thermofisher.com/us/en/home/references/protocols/cell-and-tissue-analysis/protocols/vybrant-mtt-cell-proliferation-assay-protocol.html,application-note,vybrant mtt cell proliferation assay protocol,GDTI,P3
www.thermofisher.com,https://www.thermofisher.com/us/en/home/references/protocols/cell-and-tissue-analysis/protocols/hcs-nuclearmask-deep-red-protocol.html,application-note,hcs nuclearmask deep red protocol,GDTI,P3
www.thermofisher.com,https://www.thermofisher.com/us/en/home/references/protocols/cell-and-tissue-analysis/protocols/hoechst-33342-hca-protocol.html,application-note,hoechst 3334 hca protocol,GDTI,P3
www.thermofisher.com,https://www.thermofisher.com/us/en/home/references/protocols/cell-and-tissue-analysis/protocols/hoechst-33342-imaging-protocol.html,application-note,hoechst 3334 imaging protocol,GDTI,P3
www.thermofisher.com,https://www.thermofisher.com/us/en/home/references/protocols/cell-and-tissue-analysis/protocols/dapi-imaging-protocol.html,application-note,dapi imaging protocol,GDTI,P3
www.thermofisher.com,https://www.thermofisher.com/us/en/home/references/protocols/cell-and-tissue-analysis/protocols/hcs-cellmask-protocol.html,application-note,hcs cellmask protocol,GDTI,P3
www.thermofisher.com,https://www.thermofisher.com/us/en/home/references/protocols/cell-and-tissue-analysis/protocols/hcs-nuclearmask-blue-protocol.html,application-note,hcs nuclearmask blue protocol,GDTI,P3
www.thermofisher.com,https://www.thermofisher.com/us/en/home/references/protocols/cell-and-tissue-analysis/protocols/actin-green-488-readyprobes-protocol.html,application-note,actin green 488 readyprobes protocol,GDTI,P3
www.thermofisher.com,https://www.thermofisher.com/us/en/home/references/protocols/cell-and-tissue-analysis/protocols/actin-red-555-readyprobes-protocol.html,application-note,actin red 555 readyprobes protocol,GDTI,P3
www.thermofisher.com,https://www.thermofisher.com/us/en/home/references/protocols/cell-and-tissue-analysis/protocols/dapi-hca-protocol.html,application-note,dapi hca protocol,GDTI,P3
www.thermofisher.com,https://www.thermofisher.com/us/en/home/references/protocols/cell-and-tissue-analysis/protocols/hcs-nuclearmask-red-protocol.html,application-note,hcs nuclearmask red protocol,GDTI,P3
www.thermofisher.com,https://www.thermofisher.com/us/en/home/references/protocols/cell-and-tissue-analysis/protocols/nucblue-live-readyprobes-protocol.html,application-note,nucblue live readyprobes protocol,GDTI,P3
www.thermofisher.com,https://www.thermofisher.com/us/en/home/references/protocols/cell-and-tissue-analysis/protocols/nucblue-fixed-cell-readyprobes-protocol.html,application-note,nucblue fixed cell readyprobes protocol,GDTI,P3
www.thermofisher.com,https://www.thermofisher.com/us/en/home/references/protocols/cell-and-tissue-analysis/protocols/nucred-dead-647-readyprobes-protocol.html,application-note,nucred dead 647 readyprobes protocol,GDTI,P3
www.thermofisher.com,https://www.thermofisher.com/us/en/home/references/protocols/cell-and-tissue-analysis/protocols/nucred-live-647-readyprobes-protocol.html,application-note,nucred live 647 readyprobes protocol,GDTI,P3
www.thermofisher.com,https://www.thermofisher.com/us/en/home/references/protocols/cell-and-tissue-analysis/protocols/syto-59-protocol.html,application-note,syto 59 protocol,GDTI,P3
www.thermofisher.com,https://www.thermofisher.com/us/en/home/references/protocols/cell-and-tissue-analysis/protocols/syto-82-protocol.html,application-note,syto 8 protocol,GDTI,P3
www.thermofisher.com,https://www.thermofisher.com/us/en/home/references/protocols/cell-and-tissue-analysis/protocols/sytox-green-protocol.html,application-note,sytox green protocol,GDTI,P3
www.thermofisher.com,https://www.thermofisher.com/us/en/home/references/protocols/cell-and-tissue-analysis/protocols/to-pro-3-protocol.html,application-note,to pro 3 protocol,GDTI,P3
www.thermofisher.com,https://www.thermofisher.com/us/en/home/references/protocols/cell-and-tissue-analysis/protocols/nucgreen-dead-488-readyprobes-fixed-cell-protocol.html,application-note,nucgreen dead 488 readyprobes fixed cell protocol,GDTI,P3
www.thermofisher.com,https://www.thermofisher.com/us/en/home/references/protocols/cell-and-tissue-analysis/protocols/annexin-v-staining-flow-cytometry.html,application-note,annexin v staining flow cytometry,GDTI,P3
www.thermofisher.com,https://www.thermofisher.com/us/en/home/references/protocols/cell-and-tissue-analysis/protocols/brdu-staining-flow-cytometry.html,application-note,brdu staining flow cytometry,GDTI,P3
www.thermofisher.com,https://www.thermofisher.com/us/en/home/references/protocols/cell-and-tissue-analysis/protocols/cell-preparation-flow-cytometery.html,application-note,cell preparation flow cytometery,GDTI,P3
www.thermofisher.com,https://www.thermofisher.com/us/en/home/references/protocols/cell-and-tissue-analysis/protocols/onecomp-ultracomp-compensation-beads-flow-cytometry.html,application-note,onecomp ultracomp compensation beads flow cytometry,GDTI,P3
www.thermofisher.com,https://www.thermofisher.com/us/en/home/references/protocols/cell-and-tissue-analysis/protocols/pharmacological-induction-apoptosis-camptothecin.html,application-note,pharmacological induction apoptosis camptothecin,GDTI,P3
www.thermofisher.com,https://www.thermofisher.com/us/en/home/references/protocols/cell-and-tissue-analysis/protocols/efluor-proliferation-dyes-flow-cytometry.html,application-note,efluor proliferation dyes flow cytometry,GDTI,P3
www.thermofisher.com,https://www.thermofisher.com/us/en/home/references/protocols/cell-and-tissue-analysis/protocols/red-blood-cell-lysis.html,application-note,red blood cell lysis,GDTI,P3
www.thermofisher.com,https://www.thermofisher.com/us/en/home/references/protocols/cell-and-tissue-analysis/protocols/staining-cell-surface-targets-flow-cytometry.html,application-note,staining cell surface targets flow cytometry,GDTI,P3
www.thermofisher.com,https://www.thermofisher.com/us/en/home/references/protocols/cell-and-tissue-analysis/protocols/staining-intracellular-antigens-flow-cytometry.html,application-note,staining intracellular antigens flow cytometry,GDTI,P3
www.thermofisher.com,https://www.thermofisher.com/us/en/home/references/protocols/cell-and-tissue-analysis/protocols/viability-staining-flow-cytometry.html,application-note,viability staining flow cytometry,GDTI,P3
www.thermofisher.com,https://www.thermofisher.com/us/en/home/references/protocols/cell-and-tissue-analysis/protocols/immunofluorescence-staining-intracellular-antigens-cultured-cells.html,application-note,immunofluorescence staining intracellular antigens cultured cells,GDTI,P3
www.thermofisher.com,https://www.thermofisher.com/us/en/home/references/protocols/cell-and-tissue-analysis/protocols/ihc-frozen-tissue-direct-method.html,application-note,ihc frozen tissue direct method,GDTI,P3
www.thermofisher.com,https://www.thermofisher.com/us/en/home/references/protocols/cell-and-tissue-analysis/protocols/ihc-frozen-tissue-indirect-method-purified-ab.html,application-note,ihc frozen tissue indirect method purified ab,GDTI,P3
www.thermofisher.com,https://www.thermofisher.com/us/en/home/references/protocols/cell-and-tissue-analysis/protocols/ihc-frozen-tissue-indirect-method-biotin-ab.html,application-note,ihc frozen tissue indirect method biotin ab,GDTI,P3|P4
www.thermofisher.com,https://www.thermofisher.com/us/en/home/references/protocols/cell-and-tissue-analysis/protocols/ihc-ffpe-tissue-trypsin-digestion-direct-method.html,application-note,ihc ffpe tissue trypsin digestion direct method,GDTI,P3
www.thermofisher.com,https://www.thermofisher.com/us/en/home/references/protocols/cell-and-tissue-analysis/protocols/ihc-ffpe-tissue-trypsin-digestion-antigen-retrieval-indirect-method.html,application-note,ihc ffpe tissue trypsin digestion antigen retrieval indirect method,GDTI,P3
www.thermofisher.com,https://www.thermofisher.com/us/en/home/references/protocols/cell-and-tissue-analysis/protocols/ihc-ffpe-tissue-low-ph-antigen-retrieval-direct-method.html,application-note,ihc ffpe tissue low ph antigen retrieval direct method,GDTI,P3
www.thermofisher.com,https://www.thermofisher.com/us/en/home/references/protocols/cell-and-tissue-analysis/protocols/ihc-ffpe-tissue-low-ph-antigen-retrieval-indirect-method.html,application-note,ihc ffpe tissue low ph antigen retrieval indirect method,GDTI,P3
www.thermofisher.com,https://www.thermofisher.com/us/en/home/references/protocols/cell-and-tissue-analysis/protocols/ihc-ffpe-tissue-high-ph-antigen-retrieval-direct-method.html,application-note,ihc ffpe tissue high ph antigen retrieval direct method,GDTI,P3
www.thermofisher.com,https://www.thermofisher.com/us/en/home/references/protocols/cell-and-tissue-analysis/protocols/ihc-ffpe-tissue-high-ph-antigen-retrieval-indirect-method.html,application-note,ihc ffpe tissue high ph antigen retrieval indirect method,GDTI,P3
www.thermofisher.com,https://www.thermofisher.com/us/en/home/references/protocols/cell-and-tissue-analysis/protocols/ihc-staining-formalin-fixed-paraffin-embedded-tissues.html,application-note,ihc staining formalin fixed paraffin embedded tissues,GDTI,P3
www.thermofisher.com,https://www.thermofisher.com/us/en/home/references/protocols/cell-and-tissue-analysis/protocols/colorimetric-ffpe-high-ph-antigen-retrieval.html,application-note,colorimetric ffpe high ph antigen retrieval,GDTI,P3
www.thermofisher.com,https://www.thermofisher.com/us/en/home/references/protocols/cell-and-tissue-analysis/protocols/colorimetric-ffpe-low-ph-antigen-retrieval.html,application-note,colorimetric ffpe low ph antigen retrieval,GDTI,P3
www.thermofisher.com,https://www.thermofisher.com/us/en/home/references/protocols/cell-and-tissue-analysis/protocols/colorimetric-ffpe-trypsin-digestion.html,application-note,colorimetric ffpe trypsin digestion,GDTI,P3
www.thermofisher.com,https://www.thermofisher.com/us/en/home/references/protocols/cell-and-tissue-analysis/protocols/icc-formaldehyde-fixed-cells-direct-method.html,application-note,icc formaldehyde fixed cells direct method,GDTI,P3
www.thermofisher.com,https://www.thermofisher.com/us/en/home/references/protocols/cell-and-tissue-analysis/protocols/icc-formaldehyde-fixed-cells-indirect-method.html,application-note,icc formaldehyde fixed cells indirect method,GDTI,P3
www.thermofisher.com,https://www.thermofisher.com/us/en/home/references/protocols/cell-and-tissue-analysis/protocols/icc-formaldehyde-fixed-permeabilized-cells-direct-method.html,application-note,icc formaldehyde fixed permeabilized cells direct method,GDTI,P3
www.thermofisher.com,https://www.thermofisher.com/us/en/home/references/protocols/cell-and-tissue-analysis/protocols/icc-formaldehyde-fixed-permeabilized-cells-indirect-method.html,application-note,icc formaldehyde fixed permeabilized cells indirect method,GDTI,P3
www.thermofisher.com,https://www.thermofisher.com/us/en/home/references/protocols/cell-and-tissue-analysis/protocols/icc-methanol-fixed-cells-direct-method.html,application-note,icc methanol fixed cells direct method,GDTI,P3
www.thermofisher.com,https://www.thermofisher.com/us/en/home/references/protocols/cell-and-tissue-analysis/protocols/icc-methanol-fixed-cells-indirect-method.html,application-note,icc methanol fixed cells indirect method,GDTI,P3
www.thermofisher.com,https://www.thermofisher.com/us/en/home/references/protocols/cell-and-tissue-analysis/protocols/icc-unfixed-cells-direct-method.html,application-note,icc unfixed cells direct method,GDTI,P3
www.thermofisher.com,https://www.thermofisher.com/us/en/home/references/protocols/cell-and-tissue-analysis/protocols/alamarblue-cell-viability-reagent-for-microplates-protocol.html,application-note,alamarblue cell viability reagent for microplates protocol,GDTI,P3
www.thermofisher.com,https://www.thermofisher.com/us/en/home/references/protocols/cell-and-tissue-analysis/protocols/cyquant-xtt-cell-viability-assay-protocol.html,application-note,cyquant xtt cell viability assay protocol,GDTI,P3
www.thermofisher.com,https://www.thermofisher.com/us/en/home/references/protocols/cell-and-tissue-analysis/protocols/click-it-edu-imaging-in-vivo-labeling-protocol.html,application-note,click it edu imaging in vivo labeling protocol,GDTI,P3
www.thermofisher.com,https://www.thermofisher.com/us/en/home/references/protocols/cell-and-tissue-analysis/protocols/3d-organoid-staining.html,application-note,3d organoid staining,GDTI,P3
www.thermofisher.com,https://www.thermofisher.com/us/en/home/references/protocols/cell-and-tissue-analysis/protocols/multiplexed-tyramide-tissue-staining.html,application-note,multiplexed tyramide tissue staining,GDTI,P3
www.thermofisher.com,https://www.thermofisher.com/us/en/home/references/protocols/cell-and-tissue-analysis/protocols/viewrna-tissue-fluorescence-protocol.html,application-note,viewrna tissue fluorescence protocol,GDTI,P3
www.thermofisher.com,https://www.thermofisher.com/us/en/home/references/protocols/cell-and-tissue-analysis/protocols/viewrna-tissue-colorimetric-protocol.html,application-note,viewrna tissue colorimetric protocol,GDTI,P3
www.thermofisher.com,https://www.thermofisher.com/us/en/home/references/protocols/cell-and-tissue-analysis/protocols/multiplex-ihc-primary-antibodies.html,application-note,multiplex ihc primary antibodies,GDTI,P3
www.thermofisher.com,https://www.thermofisher.com/us/en/home/references/protocols/cell-and-tissue-analysis/protocols/multiplex-ihc-staining-aluora-kits.html,application-note,multiplex ihc staining aluora kits,GDTI,P3
www.thermofisher.com,https://www.thermofisher.com/us/en/home/references/protocols/cell-and-tissue-analysis/cell-proliferation-assay-protocols.html,application-note,cell proliferation assay protocols,GDTI,P3
www.thermofisher.com,https://www.thermofisher.com/us/en/home/references/protocols/cell-culture/3-d-cell-culture-protocol.html,application-note,3 d cell culture protocol,GDTI,P3
www.thermofisher.com,https://www.thermofisher.com/us/en/home/references/protocols/cell-culture/3-d-cell-culture-protocol/glioblastoma-gliosarcoma-organoid-protocols.html,application-note,glioblastoma gliosarcoma organoid protocols,GDTI,P3
www.thermofisher.com,https://www.thermofisher.com/us/en/home/references/protocols/cell-culture/3-d-cell-culture-protocol/algimatrix-3d-culture-system.html,application-note,algimatrix 3d culture system,GDTI,P3
www.thermofisher.com,https://www.thermofisher.com/us/en/home/references/protocols/cell-culture/3-d-cell-culture-protocol/geltrex-reduced-growth-factor-basement-membrane-matrix.html,application-note,geltrex reduced growth factor basement membrane matrix,GDTI,P3
www.thermofisher.com,https://www.thermofisher.com/us/en/home/references/protocols/cell-culture/3-d-cell-culture-protocol/harvesting-spheriods-from-algimatrix.html,application-note,harvesting spheriods from algimatrix,GDTI,P3
www.thermofisher.com,https://www.thermofisher.com/us/en/home/references/protocols/cell-culture/3-d-cell-culture-protocol/isolate-viable-spheroids-from-algimatrix.html,application-note,isolate viable spheroids from algimatrix,GDTI,P3
www.thermofisher.com,https://www.thermofisher.com/us/en/home/references/protocols/cell-culture/3-d-cell-culture-protocol/algimatrix-viability-using-cyquant.html,application-note,algimatrix viability using cyquant,GDTI,P3
www.thermofisher.com,https://www.thermofisher.com/us/en/home/references/protocols/cell-culture/3-d-cell-culture-protocol/using-algimatrix-firming-buffer-with-24-well-and-96-well-algimatrix-3d-culture-system-plates.html,application-note,using algimatrix firming buffer with 4 well and 96 well algimatrix 3d culture system plates,GDTI,P3
www.thermofisher.com,https://www.thermofisher.com/us/en/home/references/protocols/cell-culture/3-d-cell-culture-protocol/hepg2-cell-line-spheroid-generation.html,application-note,hepg cell line spheroid generation,GDTI,P3
www.thermofisher.com,https://www.thermofisher.com/us/en/home/references/protocols/cell-culture/3-d-cell-culture-protocol/lncap-cell-line-spheroid-generation.html,application-note,lncap cell line spheroid generation,GDTI,P3
www.thermofisher.com,https://www.thermofisher.com/us/en/home/references/protocols/cell-culture/3-d-cell-culture-protocol/mda-mb-231-cell-line-spheroid-generation.html,application-note,mda mb 31 cell line spheroid generation,GDTI,P3
www.thermofisher.com,https://www.thermofisher.com/us/en/home/references/protocols/cell-culture/3-d-cell-culture-protocol/pc-3-cell-line-spheroid-generation.html,application-note,pc 3 cell line spheroid generation,GDTI,P3
www.thermofisher.com,https://www.thermofisher.com/us/en/home/references/protocols/cell-culture/3-d-cell-culture-protocol/skov-3-cell-line-spheroid-generation.html,application-note,skov 3 cell line spheroid generation,GDTI,P3
www.thermofisher.com,https://www.thermofisher.com/us/en/home/references/protocols/cell-culture/3-d-cell-culture-protocol/t47d-cell-line-spheroid-generation.html,application-note,t47d cell line spheroid generation,GDTI,P3
www.thermofisher.com,https://www.thermofisher.com/us/en/home/references/protocols/cell-culture/3-d-cell-culture-protocol/panc1-cell-line-spheroid-generation.html,application-note,panc1 cell line spheroid generation,GDTI,P3
www.thermofisher.com,https://www.thermofisher.com/us/en/home/references/protocols/cell-culture/3-d-cell-culture-protocol/3d-spheroid-generation-sw480-ht-assays.html,application-note,3d spheroid generation sw48 ht assays,GDTI,P3
www.thermofisher.com,https://www.thermofisher.com/us/en/home/references/protocols/cell-culture/chinese-hamster-ovary-cell-culture-protocol.html,application-note,chinese hamster ovary cell culture protocol,GDTI,P3
www.thermofisher.com,https://www.thermofisher.com/us/en/home/references/protocols/cell-culture/chinese-hamster-ovary-cell-culture-protocol/transferring-cho-cells-from-monolayer-to-suspension-culture.html,application-note,transferring cho cells from monolayer to suspension culture,GDTI,P3
www.thermofisher.com,https://www.thermofisher.com/us/en/home/references/protocols/cell-culture/neural-cell-culture-protocols.html,application-note,neural cell culture protocols,GDTI,P3
www.thermofisher.com,https://www.thermofisher.com/us/en/home/references/protocols/cell-culture/primary-cell-protocols.html,application-note,primary cell protocols,GDTI,P3
www.thermofisher.com,https://www.thermofisher.com/us/en/home/references/protocols/cell-culture/primary-cell-protocols/fibroblast-protocols.html,application-note,fibroblast protocols,GDTI,P3
www.thermofisher.com,https://www.thermofisher.com/us/en/home/references/protocols/cell-culture/primary-cell-protocols/fibroblast-protocols/isolation-primary-culture-and-cryopreservation-of-human-neonatal-fibroblasts.html,application-note,isolation primary culture and cryopreservation of human neonatal fibroblasts,GDTI,P3
www.thermofisher.com,https://www.thermofisher.com/us/en/home/references/protocols/cell-culture/primary-cell-protocols/keratinocyte-protocols.html,application-note,keratinocyte protocols,GDTI,P3
www.thermofisher.com,https://www.thermofisher.com/us/en/home/references/protocols/cell-culture/primary-cell-protocols/keratinocyte-protocols/isolation-primary-culture-and-cryopreservation-of-human-keratinocytes.html,application-note,isolation primary culture and cryopreservation of human keratinocytes,GDTI,P3
www.thermofisher.com,https://www.thermofisher.com/us/en/home/references/protocols/cell-culture/primary-cell-protocols/keratinocyte-protocols/supplement-s7.html,application-note,supplement s7,GDTI,P3
www.thermofisher.com,https://www.thermofisher.com/us/en/home/references/protocols/cell-culture/primary-cell-protocols/isolation-and-digestion-of-postnatal-primary-hippocampal-and-cortical-neurons.html,application-note,isolation and digestion of postnatal primary hippocampal and cortical neurons,GDTI,P3
www.thermofisher.com,https://www.thermofisher.com/us/en/home/references/protocols/cell-culture/primary-cell-protocols/protocol-for-isolation-and-digestion-of-prenatal-primary-hippocampal-and-cortical-neurons.html,application-note,protocol for isolation and digestion of prenatal primary hippocampal and cortical neurons,GDTI,P3
www.thermofisher.com,https://www.thermofisher.com/us/en/home/references/protocols/cell-culture/primary-cell-protocols/plating-primary-hippocampal-cortical-neurons.html,application-note,plating primary hippocampal cortical neurons,GDTI,P3
www.thermofisher.com,https://www.thermofisher.com/us/en/home/references/protocols/cell-culture/serum-protocol.html,application-note,serum protocol,GDTI,P3
www.thermofisher.com,https://www.thermofisher.com/us/en/home/references/protocols/cell-culture/serum-protocol/adaptation-of-cell-cultures-to-a-serum-free-medium.html,application-note,adaptation of cell cultures to a serum free medium,GDTI,P3
www.thermofisher.com,https://www.thermofisher.com/us/en/home/references/protocols/cell-culture/serum-protocol/serum-protein-free-media-for-hybridoma-culture.html,application-note,serum protein free media for hybridoma culture,GDTI,P3
www.thermofisher.com,https://www.thermofisher.com/us/en/home/references/protocols/cell-culture/stem-cell-protocols.html,application-note,stem cell protocols,GDTI,P3
www.thermofisher.com,https://www.thermofisher.com/us/en/home/references/protocols/cell-culture/stem-cell-protocols/ipsc-protocols.html,application-note,ipsc protocols,GDTI,P3
www.thermofisher.com,https://www.thermofisher.com/us/en/home/references/protocols/cell-culture/stem-cell-protocols/ipsc-protocols/feeder-dependent-culture-hescs.html,application-note,feeder dependent culture hescs,GDTI,P3
www.thermofisher.com,https://www.thermofisher.com/us/en/home/references/protocols/cell-culture/stem-cell-protocols/ipsc-protocols/feeder-dependent-culture-hipscs.html,application-note,feeder dependent culture hipscs,GDTI,P3
www.thermofisher.com,https://www.thermofisher.com/us/en/home/references/protocols/cell-culture/stem-cell-protocols/ipsc-protocols/culture-hescs-conditioned-medium.html,application-note,culture hescs conditioned medium,GDTI,P3
www.thermofisher.com,https://www.thermofisher.com/us/en/home/references/protocols/cell-culture/stem-cell-protocols/ipsc-protocols/embryoid-bodies-from-ipscs.html,application-note,embryoid bodies from ipscs,GDTI,P3
www.thermofisher.com,https://www.thermofisher.com/us/en/home/references/protocols/cell-culture/stem-cell-protocols/ipsc-protocols/culturing-puripotent-stem-cells-essential-8-medium.html,application-note,culturing puripotent stem cells essential 8 medium,GDTI,P3
www.thermofisher.com,https://www.thermofisher.com/us/en/home/references/protocols/cell-culture/stem-cell-protocols/ipsc-protocols/generation-human-induced-pluripotent-stem-cells-fibroblasts.html,application-note,generation human induced pluripotent stem cells fibroblasts,GDTI,P3
www.thermofisher.com,https://www.thermofisher.com/us/en/home/references/protocols/cell-culture/stem-cell-protocols/ipsc-protocols/feeder-dependent-culture-passaging-mouse-embryonic-stem-cells-knockout-serum-replacement-leukemia-inhibitory-factor.html,application-note,feeder dependent culture passaging mouse embryonic stem cells knockout serum replacement leukemia inhibitory factor,GDTI,P3|P5
www.thermofisher.com,https://www.thermofisher.com/us/en/home/references/protocols/cell-culture/stem-cell-protocols/ipsc-protocols/culturing-human-mesenchymal-stem-cells-mscs-under-serum-free-and-xeno-free-conditions.html,application-note,culturing human mesenchymal stem cells mscs under serum free and xeno free conditions,GDTI,P3
www.thermofisher.com,https://www.thermofisher.com/us/en/home/references/protocols/cell-culture/stem-cell-protocols/ipsc-protocols/microglia-differentiation-protocols.html,application-note,microglia differentiation protocols,GDTI,P3
www.thermofisher.com,https://www.thermofisher.com/us/en/home/references/protocols/cell-culture/transfection-protocol.html,application-note,transfection protocol,GDTI,P3
www.thermofisher.com,https://www.thermofisher.com/us/en/home/references/protocols/cell-culture/transfection-protocol/293fectin-transfection-reagent.html,application-note,93fectin transfection reagent,GDTI,P3
www.thermofisher.com,https://www.thermofisher.com/us/en/home/references/protocols/cell-culture/transfection-protocol/fluorescent-oligo-as-rna-transfection-control.html,application-note,fluorescent oligo as rna transfection control,GDTI,P3
www.thermofisher.com,https://www.thermofisher.com/us/en/home/references/protocols/cell-culture/transfection-protocol/cellfectin-2-reagent.html,application-note,cellfectin reagent,GDTI,P3
www.thermofisher.com,https://www.thermofisher.com/us/en/home/references/protocols/cell-culture/transfection-protocol/dmrie-c-reagent.html,application-note,dmrie c reagent,GDTI,P3
www.thermofisher.com,https://www.thermofisher.com/us/en/home/references/protocols/cell-culture/transfection-protocol/cells-transfected-successfully.html,application-note,cells transfected successfully,GDTI,P3
www.thermofisher.com,https://www.thermofisher.com/us/en/home/references/protocols/cell-culture/transfection-protocol/freestyle-293-expression-system.html,application-note,freestyle 93 expression system,GDTI,P3
www.thermofisher.com,https://www.thermofisher.com/us/en/home/references/protocols/cell-culture/transfection-protocol/freestyle-max-reagent.html,application-note,freestyle max reagent,GDTI,P3
www.thermofisher.com,https://www.thermofisher.com/us/en/home/references/protocols/cell-culture/transfection-protocol/human-mesenchymal-stem-cells-lipofectamine.html,application-note,human mesenchymal stem cells lipofectamine,GDTI,P3
www.thermofisher.com,https://www.thermofisher.com/us/en/home/references/protocols/cell-culture/transfection-protocol/lipofectamine-2000.html,application-note,lipofectamine,GDTI,P3
www.thermofisher.com,https://www.thermofisher.com/us/en/home/references/protocols/cell-culture/transfection-protocol/lipofectamine-reagent-suitable-for-the-transfection-of-dna-into-eukaryotic-cells.html,application-note,lipofectamine reagent suitable for the transfection of dna into eukaryotic cells,GDTI,P3
www.thermofisher.com,https://www.thermofisher.com/us/en/home/references/protocols/cell-culture/transfection-protocol/lipofectin-reagent.html,application-note,lipofectin reagent,GDTI,P3
www.thermofisher.com,https://www.thermofisher.com/us/en/home/references/protocols/cell-culture/transfection-protocol/lipofectamine-ltx-plus-reagents.html,application-note,lipofectamine ltx plus reagents,GDTI,P3
www.thermofisher.com,https://www.thermofisher.com/us/en/home/references/protocols/cell-culture/transfection-protocol/plus-reagent.html,application-note,plus reagent,GDTI,P3
www.thermofisher.com,https://www.thermofisher.com/us/en/home/references/protocols/cell-culture/transfection-protocol/rnaimax-forward-transfections-lipofectamine.html,application-note,rnaimax forward transfections lipofectamine,GDTI,P3
www.thermofisher.com,https://www.thermofisher.com/us/en/home/references/protocols/cell-culture/transfection-protocol/rnaimax-reverse-transfections-lipofectamine.html,application-note,rnaimax reverse transfections lipofectamine,GDTI,P3
www.thermofisher.com,https://www.thermofisher.com/us/en/home/references/protocols/cell-culture/transfection-protocol/rnaimax-transfection-protocol-for-huvec-lipofectamine.html,application-note,rnaimax transfection protocol for huvec lipofectamine,GDTI,P3
www.thermofisher.com,https://www.thermofisher.com/us/en/home/references/protocols/cell-culture/transfection-protocol/plasmid-co-transfection-protocol-lipofectamine-sirna.html,application-note,plasmid co transfection protocol lipofectamine sirna,GDTI,P3
www.thermofisher.com,https://www.thermofisher.com/us/en/home/references/protocols/cell-culture/transfection-protocol/stealth-sirna-transfections-oligofectamine.html,application-note,stealth sirna transfections oligofectamine,GDTI,P3
www.thermofisher.com,https://www.thermofisher.com/us/en/home/references/protocols/cell-culture/transfection-protocol/stealth-sirna-transfection-lipofectamine.html,application-note,stealth sirna transfection lipofectamine,GDTI,P3
www.thermofisher.com,https://www.thermofisher.com/us/en/home/references/protocols/cell-culture/transfection-protocol/transfecting-plasmid-dna-into-a549-cells.html,application-note,transfecting plasmid dna into a549 cells,GDTI,P3
www.thermofisher.com,https://www.thermofisher.com/us/en/home/references/protocols/cell-culture/transfection-protocol/transfecting-plasmid-dna-into-achn-cells-using-lipofectamine-ltx-reagent.html,application-note,transfecting plasmid dna into achn cells using lipofectamine ltx reagent,GDTI,P3
www.thermofisher.com,https://www.thermofisher.com/us/en/home/references/protocols/cell-culture/transfection-protocol/transfecting-plasmid-dna-into-c6-cells-using-lipofectamine-ltx-reagent.html,application-note,transfecting plasmid dna into c6 cells using lipofectamine ltx reagent,GDTI,P3
www.thermofisher.com,https://www.thermofisher.com/us/en/home/references/protocols/cell-culture/transfection-protocol/transfecting-plasmid-dna-into-caco-2-cells-using-lipofectamine-ltx-reagent.html,application-note,transfecting plasmid dna into caco cells using lipofectamine ltx reagent,GDTI,P3
www.thermofisher.com,https://www.thermofisher.com/us/en/home/references/protocols/cell-culture/transfection-protocol/transfecting-plasmid-dna-into-cho-k1-cells-using-lipofectamine-ltx-reagent.html,application-note,transfecting plasmid dna into cho k1 cells using lipofectamine ltx reagent,GDTI,P3
www.thermofisher.com,https://www.thermofisher.com/us/en/home/references/protocols/cell-culture/transfection-protocol/transfecting-plasmid-dna-into-griptite-293-msr-cells-using-lipofectamine-ltx-reagent.html,application-note,transfecting plasmid dna into griptite 93 msr cells using lipofectamine ltx reagent,GDTI,P3
www.thermofisher.com,https://www.thermofisher.com/us/en/home/references/protocols/cell-culture/transfection-protocol/transfecting-plasmid-dna-into-hct-116-cells-using-lipofectamine-ltx-reagent.html,application-note,transfecting plasmid dna into hct 116 cells using lipofectamine ltx reagent,GDTI,P3
www.thermofisher.com,https://www.thermofisher.com/us/en/home/references/protocols/cell-culture/transfection-protocol/transfecting-plasmid-dna-into-hek-293-cells-using-lipofectamine-ltx-reagent.html,application-note,transfecting plasmid dna into hek 93 cells using lipofectamine ltx reagent,GDTI,P3
www.thermofisher.com,https://www.thermofisher.com/us/en/home/references/protocols/cell-culture/transfection-protocol/transfecting-plasmid-dna-into-hela-s3-cells-using-lipofectamine-ltx-reagent.html,application-note,transfecting plasmid dna into hela s3 cells using lipofectamine ltx reagent,GDTI,P3
www.thermofisher.com,https://www.thermofisher.com/us/en/home/references/protocols/cell-culture/transfection-protocol/transfecting-plasmid-dna-into-hep-g2-cells-using-lipofectamine-ltx-reagent.html,application-note,transfecting plasmid dna into hep g cells using lipofectamine ltx reagent,GDTI,P3
www.thermofisher.com,https://www.thermofisher.com/us/en/home/references/protocols/cell-culture/transfection-protocol/transfecting-plasmid-dna-into-hl-60-cells-using-lipofectamine-ltx-reagent.html,application-note,transfecting plasmid dna into hl 6 cells using lipofectamine ltx reagent,GDTI,P3
www.thermofisher.com,https://www.thermofisher.com/us/en/home/references/protocols/cell-culture/transfection-protocol/transfecting-plasmid-dna-into-ht-29-cells-using-lipofectamine-ltx-reagent.html,application-note,transfecting plasmid dna into ht 9 cells using lipofectamine ltx reagent,GDTI,P3
www.thermofisher.com,https://www.thermofisher.com/us/en/home/references/protocols/cell-culture/transfection-protocol/transfecting-plasmid-dna-into-ht-1080-cells-using-lipofectamine-ltx-reagent.html,application-note,transfecting plasmid dna into ht 1 8 cells using lipofectamine ltx reagent,GDTI,P3
www.thermofisher.com,https://www.thermofisher.com/us/en/home/references/protocols/cell-culture/transfection-protocol/transfecting-plasmid-dna-into-huvec-cells-using-lipofectamine-ltx-reagent.html,application-note,transfecting plasmid dna into huvec cells using lipofectamine ltx reagent,GDTI,P3
www.thermofisher.com,https://www.thermofisher.com/us/en/home/references/protocols/cell-culture/transfection-protocol/transfecting-plasmid-dna-into-imr-90-cells-using-lipofectamine-ltx-reagent.html,application-note,transfecting plasmid dna into imr 9 cells using lipofectamine ltx reagent,GDTI,P3
www.thermofisher.com,https://www.thermofisher.com/us/en/home/references/protocols/cell-culture/transfection-protocol/transfecting-plasmid-dna-into-jurkat-cells-using-lipofectamine-ltx-reagent.html,application-note,transfecting plasmid dna into jurkat cells using lipofectamine ltx reagent,GDTI,P3
www.thermofisher.com,https://www.thermofisher.com/us/en/home/references/protocols/cell-culture/transfection-protocol/transfecting-plasmid-dna-into-k562-cells-using-lipofectamine-ltx-reagent.html,application-note,transfecting plasmid dna into k56 cells using lipofectamine ltx reagent,GDTI,P3
www.thermofisher.com,https://www.thermofisher.com/us/en/home/references/protocols/cell-culture/transfection-protocol/transfecting-plasmid-dna-into-lncap-cells-using-lipofectamine-ltx-reagent.html,application-note,transfecting plasmid dna into lncap cells using lipofectamine ltx reagent,GDTI,P3
www.thermofisher.com,https://www.thermofisher.com/us/en/home/references/protocols/cell-culture/transfection-protocol/transfecting-plasmid-dna-into-mcf-7-cells-using-lipofectamine-ltx-reagent.html,application-note,transfecting plasmid dna into mcf 7 cells using lipofectamine ltx reagent,GDTI,P3
www.thermofisher.com,https://www.thermofisher.com/us/en/home/references/protocols/cell-culture/transfection-protocol/transfecting-plasmid-dna-into-mda-mb-231-atcc-cells-using-lipofectamine-ltx-reagent.html,application-note,transfecting plasmid dna into mda mb 31 atcc cells using lipofectamine ltx reagent,GDTI,P3
www.thermofisher.com,https://www.thermofisher.com/us/en/home/references/protocols/cell-culture/transfection-protocol/transfecting-plasmid-dna-into-mda-mb-435-cells-using-lipofectamine-ltx-reagent.html,application-note,transfecting plasmid dna into mda mb 435 cells using lipofectamine ltx reagent,GDTI,P3
www.thermofisher.com,https://www.thermofisher.com/us/en/home/references/protocols/cell-culture/transfection-protocol/transfecting-plasmid-dna-into-molt-4-cells-using-lipofectamine-ltx-reagent.html,application-note,transfecting plasmid dna into molt 4 cells using lipofectamine ltx reagent,GDTI,P3
www.thermofisher.com,https://www.thermofisher.com/us/en/home/references/protocols/cell-culture/transfection-protocol/transfecting-plasmid-dna-into-nci-h460-cells-using-lipofectamine-ltx-reagent.html,application-note,transfecting plasmid dna into nci h46 cells using lipofectamine ltx reagent,GDTI,P3
www.thermofisher.com,https://www.thermofisher.com/us/en/home/references/protocols/cell-culture/transfection-protocol/transfecting-plasmid-dna-into-normal-human-foreskin-fibroblasts-nhff-cells-using-lipofectamine-ltx-reagent.html,application-note,transfecting plasmid dna into normal human foreskin fibroblasts nhff cells using lipofectamine ltx reagent,GDTI,P3
www.thermofisher.com,https://www.thermofisher.com/us/en/home/references/protocols/cell-culture/transfection-protocol/transfecting-plasmid-dna-into-nih3t3-cells-using-lipofectamine-ltx-reagent.html,application-note,transfecting plasmid dna into nih3t3 cells using lipofectamine ltx reagent,GDTI,P3
www.thermofisher.com,https://www.thermofisher.com/us/en/home/references/protocols/cell-culture/transfection-protocol/transfecting-plasmid-dna-into-ntera2-cells-using-lipofectamine-ltx-reagent.html,application-note,transfecting plasmid dna into ntera cells using lipofectamine ltx reagent,GDTI,P3
www.thermofisher.com,https://www.thermofisher.com/us/en/home/references/protocols/cell-culture/transfection-protocol/transfecting-plasmid-dna-into-pc-3-cells-using-lipofectamine-ltx-reagent.html,application-note,transfecting plasmid dna into pc 3 cells using lipofectamine ltx reagent,GDTI,P3
www.thermofisher.com,https://www.thermofisher.com/us/en/home/references/protocols/cell-culture/transfection-protocol/transfecting-plasmid-dna-into-pc12-cells-using-lipofectamine-ltx-reagent.html,application-note,transfecting plasmid dna into pc1 cells using lipofectamine ltx reagent,GDTI,P3
www.thermofisher.com,https://www.thermofisher.com/us/en/home/references/protocols/cell-culture/transfection-protocol/transfecting-plasmid-dna-into-skbr-3-cells-using-lipofectamine-ltx-reagent.html,application-note,transfecting plasmid dna into skbr 3 cells using lipofectamine ltx reagent,GDTI,P3
www.thermofisher.com,https://www.thermofisher.com/us/en/home/references/protocols/cell-culture/transfection-protocol/transfecting-plasmid-dna-into-sk-mel-28-cells-using-lipofectamine-ltx-reagent.html,application-note,transfecting plasmid dna into sk mel 8 cells using lipofectamine ltx reagent,GDTI,P3
www.thermofisher.com,https://www.thermofisher.com/us/en/home/references/protocols/cell-culture/transfection-protocol/transfecting-plasmid-dna-into-sk-ov-3-cells-using-lipofectamine-ltx-reagent.html,application-note,transfecting plasmid dna into sk ov 3 cells using lipofectamine ltx reagent,GDTI,P3
www.thermofisher.com,https://www.thermofisher.com/us/en/home/references/protocols/cell-culture/transfection-protocol/transfecting-plasmid-dna-into-thp-1-cells-using-lipofectamine-ltx-reagent.html,application-note,transfecting plasmid dna into thp 1 cells using lipofectamine ltx reagent,GDTI,P3
www.thermofisher.com,https://www.thermofisher.com/us/en/home/references/protocols/cell-culture/transfection-protocol/transfecting-plasmid-dna-into-cos-7-cells-using-lipofectamine-ltx-reagent.html,application-note,transfecting plasmid dna into cos 7 cells using lipofectamine ltx reagent,GDTI,P3
www.thermofisher.com,https://www.thermofisher.com/us/en/home/references/protocols/cell-culture/transfection-protocol/zeocin.html,application-note,zeocin,GDTI,P3
www.thermofisher.com,https://www.thermofisher.com/us/en/home/references/protocols/cell-culture/transfection-protocol/growth-and-maintenance-of-the-293ft-cell-line.html,application-note,growth and maintenance of the 93ft cell line,GDTI,P3
www.thermofisher.com,https://www.thermofisher.com/us/en/home/references/protocols/cell-culture/transfection-protocol/reverse-transfection-of-stealth-rnai-or-sirna-using-lipofectamine-2000-in-a-96-well-plate-format.html,application-note,reverse transfection of stealth rnai or sirna using lipofectamine in a 96 well plate format,GDTI,P3
www.thermofisher.com,https://www.thermofisher.com/us/en/home/references/protocols/cell-culture/transfection-protocol/lipofectamine-2000-cd-reagent.html,application-note,lipofectamine cd reagent,GDTI,P3
www.thermofisher.com,https://www.thermofisher.com/us/en/home/references/protocols/cell-culture/transfection-protocol/transfecting-plasmid-dna-into-primary-mouse-neural-progenitor-cells-using-lipofectamine-ltx-reagent.html,application-note,transfecting plasmid dna into primary mouse neural progenitor cells using lipofectamine ltx reagent,GDTI,P3
www.thermofisher.com,https://www.thermofisher.com/us/en/home/references/protocols/cell-culture/transfection-protocol/transfecting-plasmid-dna-into-raw267-3-macrophage-cells-using-lipofectamine-ltx-reagent.html,application-note,transfecting plasmid dna into raw 67 3 macrophage cells using lipofectamine ltx reagent,GDTI,P3
www.thermofisher.com,https://www.thermofisher.com/us/en/home/references/protocols/cell-culture/transfection-protocol/hs-578t-cells-protocol.html,application-note,hs 578t cells protocol,GDTI,P3
www.thermofisher.com,https://www.thermofisher.com/us/en/home/references/protocols/cell-culture/transfection-protocol/mcf10a-cells-protocol.html,application-note,mcf1 a cells protocol,GDTI,P3
www.thermofisher.com,https://www.thermofisher.com/us/en/home/references/protocols/cell-culture/transfection-protocol/mcf7-cells-protocol.html,application-note,mcf7 cells protocol,GDTI,P3
www.thermofisher.com,https://www.thermofisher.com/us/en/home/references/protocols/cell-culture/transfection-protocol/mda-mb-231-cells-protocol.html,application-note,mda mb 31 cells protocol,GDTI,P3
www.thermofisher.com,https://www.thermofisher.com/us/en/home/references/protocols/cell-culture/transfection-protocol/mda-mb-453-cells-protocol.html,application-note,mda mb 453 cells protocol,GDTI,P3
www.thermofisher.com,https://www.thermofisher.com/us/en/home/references/protocols/cell-culture/transfection-protocol/mda-mb-468-cells-protocol.html,application-note,mda mb 468 cells protocol,GDTI,P3
www.thermofisher.com,https://www.thermofisher.com/us/en/home/references/protocols/cell-culture/transfection-protocol/sk-br-3-cells-protocol.html,application-note,sk br 3 cells protocol,GDTI,P3
www.thermofisher.com,https://www.thermofisher.com/us/en/home/references/protocols/cell-culture/transfection-protocol/hep-3b21-7-cells-protocol.html,application-note,hep 3b 1 7 cells protocol,GDTI,P3
www.thermofisher.com,https://www.thermofisher.com/us/en/home/references/protocols/cell-culture/transfection-protocol/hepa-1-6-cells-protocol.html,application-note,hepa 1 6 cells protocol,GDTI,P3
www.thermofisher.com,https://www.thermofisher.com/us/en/home/references/protocols/cell-culture/transfection-protocol/hepg2-cells-protocol.html,application-note,hepg cells protocol,GDTI,P3
www.thermofisher.com,https://www.thermofisher.com/us/en/home/references/protocols/cell-culture/transfection-protocol/a549-cells-protocol.html,application-note,a549 cells protocol,GDTI,P3
www.thermofisher.com,https://www.thermofisher.com/us/en/home/references/protocols/cell-culture/transfection-protocol/nci-h23-cells-protocol.html,application-note,nci h 3 cells protocol,GDTI,P3
www.thermofisher.com,https://www.thermofisher.com/us/en/home/references/protocols/cell-culture/transfection-protocol/nci-h460-cells-protocol.html,application-note,nci h46 cells protocol,GDTI,P3
www.thermofisher.com,https://www.thermofisher.com/us/en/home/references/protocols/cell-culture/transfection-protocol/du-145-cells-protocol.html,application-note,du 145 cells protocol,GDTI,P3
www.thermofisher.com,https://www.thermofisher.com/us/en/home/references/protocols/cell-culture/transfection-protocol/lncap-cells-protocol.html,application-note,lncap cells protocol,GDTI,P3
www.thermofisher.com,https://www.thermofisher.com/us/en/home/references/protocols/cell-culture/transfection-protocol/transfection-pscs-lipofectamine-stem-transfection-reagent-stemflex-medium.html,application-note,transfection pscs lipofectamine stem transfection reagent stemflex medium,GDTI,P3
www.thermofisher.com,https://www.thermofisher.com/us/en/home/references/protocols/cell-culture/transfection-protocol/transfection-pscs-lipofectamine-stem-transfection-reagent-essential8-medium.html,application-note,transfection pscs lipofectamine stem transfection reagent essential8 medium,GDTI,P3
www.thermofisher.com,https://www.thermofisher.com/us/en/home/references/protocols/cell-culture/transfection-protocol/transfection-pscs-lipofectamine-stem-transfection-reagent-mtesr1-medium-geltrex-matrix.html,application-note,transfection pscs lipofectamine stem transfection reagent mtesr1 medium geltrex matrix,GDTI,P3
www.thermofisher.com,https://www.thermofisher.com/us/en/home/references/protocols/cell-culture/transfection-protocol/transfection-neural-stem-cells-lipofectamine-stem-transfection-reagent-stempro-medium.html,application-note,transfection neural stem cells lipofectamine stem transfection reagent stempro medium,GDTI,P3
www.thermofisher.com,https://www.thermofisher.com/us/en/home/references/protocols/cell-culture/transfection-protocol/calu-1-cells-protocol.html,application-note,calu 1 cells protocol,GDTI,P3
www.thermofisher.com,https://www.thermofisher.com/us/en/home/references/protocols/cell-culture/transfection-protocol/calu-6-cells-protocol.html,application-note,calu 6 cells protocol,GDTI,P3
www.thermofisher.com,https://www.thermofisher.com/us/en/home/references/protocols/cell-culture/transfection-protocol/mor-cells-protocol.html,application-note,mor cells protocol,GDTI,P3
www.thermofisher.com,https://www.thermofisher.com/us/en/home/references/protocols/cell-culture/transfection-protocol/v79-hg04-cells-protocol.html,application-note,v79 hg 4 cells protocol,GDTI,P3
www.thermofisher.com,https://www.thermofisher.com/us/en/home/references/protocols/cell-culture/transfection-protocol/jc-cells-protocol.html,application-note,jc cells protocol,GDTI,P3
www.thermofisher.com,https://www.thermofisher.com/us/en/home/references/protocols/cell-culture/transfection-protocol/d17-cells-protocol.html,application-note,d17 cells protocol,GDTI,P3
www.thermofisher.com,https://www.thermofisher.com/us/en/home/references/protocols/cell-culture/transfection-protocol/hcc-827-cells-protocol.html,application-note,hcc 8 7 cells protocol,GDTI,P3
www.thermofisher.com,https://www.thermofisher.com/us/en/home/references/protocols/cell-culture/transfection-protocol/llc1-cells-protocol.html,application-note,llc1 cells protocol,GDTI,P3
www.thermofisher.com,https://www.thermofisher.com/us/en/home/references/protocols/cell-culture/transfection-protocol/nci-h520-cells-protocol.html,application-note,nci h5 cells protocol,GDTI,P3
www.thermofisher.com,https://www.thermofisher.com/us/en/home/references/protocols/cell-culture/transfection-protocol/nci-h522-cells-protocol.html,application-note,nci h5 cells protocol,GDTI,P3
www.thermofisher.com,https://www.thermofisher.com/us/en/home/references/protocols/cell-culture/transfection-protocol/nci-h1650-cells-protocol.html,application-note,nci h165 cells protocol,GDTI,P3
www.thermofisher.com,https://www.thermofisher.com/us/en/home/references/protocols/cell-culture/transfection-protocol/nci-h1299-cells-protocol.html,application-note,nci h1 99 cells protocol,GDTI,P3
www.thermofisher.com,https://www.thermofisher.com/us/en/home/references/protocols/cell-culture/transfection-protocol/nci-h1975-cells-protocol.html,application-note,nci h1975 cells protocol,GDTI,P3
www.thermofisher.com,https://www.thermofisher.com/us/en/home/references/protocols/cell-culture/transfection-protocol/gct-cells-protocol.html,application-note,gct cells protocol,GDTI,P3
www.thermofisher.com,https://www.thermofisher.com/us/en/home/references/protocols/cell-culture/transfection-protocol/nci-h441-cells-protocol.html,application-note,nci h441 cells protocol,GDTI,P3
www.thermofisher.com,https://www.thermofisher.com/us/en/home/references/protocols/cell-culture/transfection-protocol/nci-h292-cells-protocol.html,application-note,nci h 9 cells protocol,GDTI,P3
www.thermofisher.com,https://www.thermofisher.com/us/en/home/references/protocols/cell-culture/transfection-protocol/nci-h358-cells-protocol.html,application-note,nci h358 cells protocol,GDTI,P3
www.thermofisher.com,https://www.thermofisher.com/us/en/home/references/protocols/cell-culture/transfection-protocol/t84-cells-protocol.html,application-note,t84 cells protocol,GDTI,P3
www.thermofisher.com,https://www.thermofisher.com/us/en/home/references/protocols/cell-culture/transfection-protocol/calu-3-cells-protocol.html,application-note,calu 3 cells protocol,GDTI,P3
www.thermofisher.com,https://www.thermofisher.com/us/en/home/references/protocols/cloning/cloning-protocol.html,application-note,cloning protocol,GDTI,P3
www.thermofisher.com,https://www.thermofisher.com/us/en/home/references/protocols/cloning/cloning-protocol/cdna-library-construction.html,application-note,cdna library construction,GDTI,P3
www.thermofisher.com,https://www.thermofisher.com/us/en/home/references/protocols/cloning/competent-cells-protocol.html,application-note,competent cells protocol,GDTI,P3
www.thermofisher.com,https://www.thermofisher.com/us/en/home/references/protocols/cloning/competent-cells-protocol/high-throughput-transformations-using-top10-chemically-competent-e-coli.html,application-note,high throughput transformations using top1 chemically competent e coli,GDTI,P3
www.thermofisher.com,https://www.thermofisher.com/us/en/home/references/protocols/cloning/competent-cells-protocol/t1-phage-resistant-competent-cells.html,application-note,t1 phage resistant competent cells,GDTI,P3
www.thermofisher.com,https://www.thermofisher.com/us/en/home/references/protocols/cloning/competent-cells-protocol/routine-cloning-using-top10-competent-cells.html,application-note,routine cloning using top1 competent cells,GDTI,P3
www.thermofisher.com,https://www.thermofisher.com/us/en/home/references/protocols/cloning/ligation-protocol.html,application-note,ligation protocol,GDTI,P3
www.thermofisher.com,https://www.thermofisher.com/us/en/home/references/protocols/cloning/ligation-protocol/cloning-of-a-tailed-pcr-fragments-using-conventional-ligase-method.html,application-note,cloning of a tailed pcr fragments using conventional ligase method,GDTI,P3
www.thermofisher.com,https://www.thermofisher.com/us/en/home/references/protocols/cloning/transformation-protocol.html,application-note,transformation protocol,GDTI,P3
www.thermofisher.com,https://www.thermofisher.com/us/en/home/references/protocols/cloning/transformation-protocol/blasticidin-s-hcl.html,application-note,blasticidin s hcl,GDTI,P3
www.thermofisher.com,https://www.thermofisher.com/us/en/home/references/protocols/cloning/transformation-protocol/cloning-transformation.html,application-note,cloning transformation,GDTI,P3
www.thermofisher.com,https://www.thermofisher.com/us/en/home/references/protocols/cloning/transformation-protocol/high-efficiency-transformation-for-cloning-applications.html,application-note,high efficiency transformation for cloning applications,GDTI,P3
www.thermofisher.com,https://www.thermofisher.com/us/en/home/references/protocols/cloning/transformation-protocol/zeocin.html,application-note,zeocin,GDTI,P3
www.thermofisher.com,https://www.thermofisher.com/us/en/home/references/protocols/drug-discovery/adme-tox-protocols.html,application-note,adme tox protocols,GDTI,P3
www.thermofisher.com,https://www.thermofisher.com/us/en/home/references/protocols/drug-discovery/adme-tox-protocols/cell-counting-instructions.html,manual,cell counting instructions,GDTI,P3
www.thermofisher.com,https://www.thermofisher.com/us/en/home/references/protocols/drug-discovery/adme-tox-protocols/hepatocytes-troubleshooting-tips.html,application-note,hepatocytes troubleshooting tips,GDTI,P3
www.thermofisher.com,https://www.thermofisher.com/us/en/home/references/protocols/drug-discovery/adme-tox-protocols/induction-protocol.html,application-note,induction protocol,GDTI,P3
www.thermofisher.com,https://www.thermofisher.com/us/en/home/references/protocols/drug-discovery/adme-tox-protocols/plated-metabolism-stability-protocol.html,application-note,plated metabolism stability protocol,GDTI,P3
www.thermofisher.com,https://www.thermofisher.com/us/en/home/references/protocols/drug-discovery/adme-tox-protocols/suspension-metabolism-stability-protocol.html,application-note,suspension metabolism stability protocol,GDTI,P3
www.thermofisher.com,https://www.thermofisher.com/us/en/home/references/protocols/drug-discovery/adme-tox-protocols/in-vitro-assessment-of-transporter-mediated-uptake-in-plated-cryopreserved-hepatocytes.html,application-note,in vitro assessment of transporter mediated uptake in plated cryopreserved hepatocytes,GDTI,P3
www.thermofisher.com,https://www.thermofisher.com/us/en/home/references/protocols/drug-discovery/adme-tox-protocols/transporter-uptake-protocol.html,application-note,transporter uptake protocol,GDTI,P3
www.thermofisher.com,https://www.thermofisher.com/us/en/home/references/protocols/drug-discovery/adme-tox-protocols/media-supplement-guide.html,application-note,media supplement guide,GDTI,P3
www.thermofisher.com,https://www.thermofisher.com/us/en/home/references/protocols/drug-discovery/adme-tox-protocols/rat-hepatocyte-isolation-specialty-media.html,application-note,rat hepatocyte isolation specialty media,GDTI,P3
www.thermofisher.com,https://www.thermofisher.com/us/en/home/references/protocols/drug-discovery/adme-tox-protocols/microsomes-protocol.html,application-note,microsomes protocol,GDTI,P3
www.thermofisher.com,https://www.thermofisher.com/us/en/home/references/protocols/drug-discovery/adme-tox-protocols/thawing-and-plating-hepatocytes-protocol.html,application-note,thawing and plating hepatocytes protocol,GDTI,P3
www.thermofisher.com,https://www.thermofisher.com/us/en/home/references/protocols/drug-discovery/adme-tox-protocols/plating-rat-cryopreserved-kupffer-cells-and-rat-kupffer-hepatocyte-co-cultures.html,application-note,plating rat cryopreserved kupffer cells and rat kupffer hepatocyte co cultures,GDTI,P3
www.thermofisher.com,https://www.thermofisher.com/us/en/home/references/protocols/drug-discovery/kinase-protocols.html,application-note,kinase protocols,GDTI,P3
www.thermofisher.com,https://www.thermofisher.com/us/en/home/references/protocols/drug-discovery/kinase-protocols/lanthascreen-kinase-assay-basic-training-module.html,application-note,lanthascreen kinase assay basic training module,GDTI,P3
www.thermofisher.com,https://www.thermofisher.com/us/en/home/references/protocols/drug-discovery/kinase-protocols/lanthascreen-kinase-assay-basic-training-module/kinase.html,application-note,kinase,GDTI,P3
www.thermofisher.com,https://www.thermofisher.com/us/en/home/references/protocols/drug-discovery/kinase-protocols/lanthascreen-kinase-assay-basic-training-module/comparison-table-materials-required-for-activity-and-binding-assays.html,application-note,comparison table materials required for activity and binding assays,GDTI,P3
www.thermofisher.com,https://www.thermofisher.com/us/en/home/references/protocols/drug-discovery/kinase-protocols/lanthascreen-kinase-assay-basic-training-module/things-to-know-before-starting.html,application-note,things to know before starting,GDTI,P3
www.thermofisher.com,https://www.thermofisher.com/us/en/home/references/protocols/drug-discovery/kinase-protocols/lanthascreen-kinase-assay-basic-training-module/lanthascreen-kinase-activity-assays.html,application-note,lanthascreen kinase activity assays,GDTI,P3
www.thermofisher.com,https://www.thermofisher.com/us/en/home/references/protocols/drug-discovery/kinase-protocols/lanthascreen-kinase-assay-basic-training-module/lanthascreen-eu-kinase-binding-assays.html,application-note,lanthascreen eu kinase binding assays,GDTI,P3
www.thermofisher.com,https://www.thermofisher.com/us/en/home/references/protocols/drug-discovery/kinase-protocols/lanthascreen-kinase-assay-basic-training-module/calculation-worksheets-for-lanthascreen-kinase-activity-assay.html,application-note,calculation worksheets for lanthascreen kinase activity assay,GDTI,P3
www.thermofisher.com,https://www.thermofisher.com/us/en/home/references/protocols/drug-discovery/kinase-protocols/lanthascreen-kinase-assay-basic-training-module/calculation-worksheet-for-lanthascreen-eu-kinase-binding-assay.html,application-note,calculation worksheet for lanthascreen eu kinase binding assay,GDTI,P3
www.thermofisher.com,https://www.thermofisher.com/us/en/home/references/protocols/drug-discovery/kinase-protocols/lanthascreen-kinase-assay-basic-training-module/kinase-basic-training-faqs.html,application-note,kinase basic training faqs,GDTI,P3
www.thermofisher.com,https://www.thermofisher.com/us/en/home/references/protocols/immunology/immunology-protocols/preparation-of-peripheral-blood-cells-for-chromosome-analysis.html,application-note,preparation of peripheral blood cells for chromosome analysis,GDTI,P3
www.thermofisher.com,https://www.thermofisher.com/us/en/home/references/protocols/neurobiology/neurobiology-protocols.html,application-note,neurobiology protocols,GDTI,P3
www.thermofisher.com,https://www.thermofisher.com/us/en/home/references/protocols/neurobiology/neurobiology-protocols/cell-viability-assays-for-neural-stem-cells.html,application-note,cell viability assays for neural stem cells,GDTI,P3
www.thermofisher.com,https://www.thermofisher.com/us/en/home/references/protocols/neurobiology/neurobiology-protocols/characterizing-neural-cells-by-qpcr.html,application-note,characterizing neural cells by qpcr,GDTI,P3
www.thermofisher.com,https://www.thermofisher.com/us/en/home/references/protocols/neurobiology/neurobiology-protocols/cryopreservation-and-recovery-of-mature-differentiated-neural-cells.html,application-note,cryopreservation and recovery of mature differentiated neural cells,GDTI,P3
www.thermofisher.com,https://www.thermofisher.com/us/en/home/references/protocols/neurobiology/neurobiology-protocols/immune-response-biomarker-profiling.html,application-note,immune response biomarker profiling,GDTI,P3
www.thermofisher.com,https://www.thermofisher.com/us/en/home/references/protocols/neurobiology/neurobiology-protocols/derivation-of-dopaminergic-neurons-from-human-embryonic-stem-cells.html,application-note,derivation of dopaminergic neurons from human embryonic stem cells,GDTI,P3
www.thermofisher.com,https://www.thermofisher.com/us/en/home/references/protocols/neurobiology/neurobiology-protocols/derivation-and-culture-of-dopaminergic-neurons-from-midbrains-of-rodents.html,application-note,derivation and culture of dopaminergic neurons from midbrains of rodents,GDTI,P3
www.thermofisher.com,https://www.thermofisher.com/us/en/home/references/protocols/neurobiology/neurobiology-protocols/differentiating-glial-precursor-cells-into-astrocytes-and-oligodendrocytes.html,application-note,differentiating glial precursor cells into astrocytes and oligodendrocytes,GDTI,P3
www.thermofisher.com,https://www.thermofisher.com/us/en/home/references/protocols/neurobiology/neurobiology-protocols/differentiating-neural-stem-cells-into-neurons-and-glial-cells.html,application-note,differentiating neural stem cells into neurons and glial cells,GDTI,P3
www.thermofisher.com,https://www.thermofisher.com/us/en/home/references/protocols/neurobiology/neurobiology-protocols/electrophysiology.html,application-note,electrophysiology,GDTI,P3
www.thermofisher.com,https://www.thermofisher.com/us/en/home/references/protocols/neurobiology/neurobiology-protocols/immunocytochemistry.html,application-note,immunocytochemistry,GDTI,P3
www.thermofisher.com,https://www.thermofisher.com/us/en/home/references/protocols/neurobiology/neurobiology-protocols/induction-of-neural-stem-cells-from-human-pluripotent-stem-cells-using-gibco-pscneural-induction-medium.html,application-note,induction of neural stem cells from human pluripotent stem cells using gibco pscneural induction medium,GDTI,P3
www.thermofisher.com,https://www.thermofisher.com/us/en/home/references/protocols/neurobiology/neurobiology-protocols/isolation-culture-and-characterization-of-cortical-and-hippocampal-neurons.html,application-note,isolation culture and characterization of cortical and hippocampal neurons,GDTI,P3
www.thermofisher.com,https://www.thermofisher.com/us/en/home/references/protocols/neurobiology/neurobiology-protocols/isolation-of-mouse-primary-neurons.html,application-note,isolation of mouse primary neurons,GDTI,P3
www.thermofisher.com,https://www.thermofisher.com/us/en/home/references/protocols/neurobiology/neurobiology-protocols/lipid-mediated-transfection-of-human-astrocytes.html,application-note,lipid mediated transfection of human astrocytes,GDTI,P3
www.thermofisher.com,https://www.thermofisher.com/us/en/home/references/protocols/neurobiology/neurobiology-protocols/markers-for-characterizing-neural-subtypes.html,application-note,markers for characterizing neural subtypes,GDTI,P3
www.thermofisher.com,https://www.thermofisher.com/us/en/home/references/protocols/neurobiology/neurobiology-protocols/measuring-neuronal-cell-health.html,application-note,measuring neuronal cell health,GDTI,P3
www.thermofisher.com,https://www.thermofisher.com/us/en/home/references/protocols/neurobiology/neurobiology-protocols/using-neural-cells-for-cell-therapy.html,application-note,using neural cells for cell therapy,GDTI,P3
www.thermofisher.com,https://www.thermofisher.com/us/en/home/references/protocols/neurobiology/neurobiology-protocols/pcr-primers-molecular-characterization-neural-subtypes.html,application-note,pcr primers molecular characterization neural subtypes,GDTI,P3
www.thermofisher.com,https://www.thermofisher.com/us/en/home/references/protocols/neurobiology/neurobiology-protocols/rna-isolation-and-cdna-preparation-from-neural-stem-cells.html,application-note,rna isolation and cdna preparation from neural stem cells,GDTI,P3
www.thermofisher.com,https://www.thermofisher.com/us/en/home/references/protocols/neurobiology/neurobiology-protocols/surface-marker-analysis-by-flow-cytometry.html,application-note,surface marker analysis by flow cytometry,GDTI,P3
www.thermofisher.com,https://www.thermofisher.com/us/en/home/references/protocols/neurobiology/neurobiology-protocols/transfecting-neural-cells-using-the-neon-transfection-system.html,application-note,transfecting neural cells using the neon transfection system,GDTI,P3
www.thermofisher.com,https://www.thermofisher.com/us/en/home/references/protocols/nucleic-acid-amplification-and-expression-profiling/cdna-protocol.html,application-note,cdna protocol,GDTI,P3
www.thermofisher.com,https://www.thermofisher.com/us/en/home/references/protocols/nucleic-acid-amplification-and-expression-profiling/cdna-protocol/3-race-system-for-rapid-amplification-of-cdna-ends.html,application-note,3 race system for rapid amplification of cdna ends,GDTI,P3
www.thermofisher.com,https://www.thermofisher.com/us/en/home/references/protocols/nucleic-acid-amplification-and-expression-profiling/cdna-protocol/5-race-system-for-rapid-amplification-of-cdna-ends.html,application-note,5 race system for rapid amplification of cdna ends,GDTI,P3
www.thermofisher.com,https://www.thermofisher.com/us/en/home/references/protocols/nucleic-acid-amplification-and-expression-profiling/cdna-protocol/cdna-synthesis-directly-from-cells-using-superscript.html,application-note,cdna synthesis directly from cells using superscript,GDTI,P3
www.thermofisher.com,https://www.thermofisher.com/us/en/home/references/protocols/nucleic-acid-amplification-and-expression-profiling/cdna-protocol/first-strand-cdna-synthesis-from-total-rna-or-poly-a-rna.html,application-note,first strand cdna synthesis from total rna or poly a rna,GDTI,P3
www.thermofisher.com,https://www.thermofisher.com/us/en/home/references/protocols/nucleic-acid-amplification-and-expression-profiling/cdna-protocol/superscript-indirect-cdna-labeling-system.html,application-note,superscript indirect cdna labeling system,GDTI,P3
www.thermofisher.com,https://www.thermofisher.com/us/en/home/references/protocols/nucleic-acid-amplification-and-expression-profiling/pcr-protocol.html,application-note,pcr protocol,GDTI,P3
www.thermofisher.com,https://www.thermofisher.com/us/en/home/references/protocols/nucleic-acid-amplification-and-expression-profiling/pcr-protocol/cloning-of-taq-polymerase-amplified-pcr-products.html,application-note,cloning of taq polymerase amplified pcr products,GDTI,P1|P3
www.thermofisher.com,https://www.thermofisher.com/us/en/home/references/protocols/nucleic-acid-amplification-and-expression-profiling/pcr-protocol/directional-topo-cloning.html,application-note,directional topo cloning,GDTI,P3
www.thermofisher.com,https://www.thermofisher.com/us/en/home/references/protocols/nucleic-acid-amplification-and-expression-profiling/pcr-protocol/pcr-cloning-kit-quick-reference-kit.html,application-note,pcr cloning kit quick reference kit,GDTI,P3
www.thermofisher.com,https://www.thermofisher.com/us/en/home/references/protocols/nucleic-acid-amplification-and-expression-profiling/pcr-protocol/qpcr-for-snp-genotyping.html,application-note,qpcr for snp genotyping,GDTI,P3
www.thermofisher.com,https://www.thermofisher.com/us/en/home/references/protocols/nucleic-acid-amplification-and-expression-profiling/pcr-protocol/sybr-greener-qpcr-supermix-for-abi-prism.html,application-note,sybr greener qpcr supermix for abi prism,GDTI,P3
www.thermofisher.com,https://www.thermofisher.com/us/en/home/references/protocols/nucleic-acid-amplification-and-expression-profiling/pcr-protocol/sybr-greener-qpcr-supermix-universal.html,application-note,sybr greener qpcr supermix universal,GDTI,P3
www.thermofisher.com,https://www.thermofisher.com/us/en/home/references/protocols/nucleic-acid-amplification-and-expression-profiling/pcr-protocol/cloning-of-blunt-end-pcr-products.html,application-note,cloning of blunt end pcr products,GDTI,P1|P3
www.thermofisher.com,https://www.thermofisher.com/us/en/home/references/protocols/nucleic-acid-amplification-and-expression-profiling/pcr-protocol/topo-tools-elements-for-in-vitro-transcription-translation.html,application-note,topo tools elements for in vitro transcription translation,GDTI,P3
www.thermofisher.com,https://www.thermofisher.com/us/en/home/references/protocols/nucleic-acid-amplification-and-expression-profiling/pcr-protocol/phusion-pcr-protocol.html,application-note,phusion pcr protocol,GDTI,P3
www.thermofisher.com,https://www.thermofisher.com/us/en/home/references/protocols/nucleic-acid-amplification-and-expression-profiling/pcr-protocol/platinum-taq-pcr-protocol.html,application-note,platinum taq pcr protocol,GDTI,P3
www.thermofisher.com,https://www.thermofisher.com/us/en/home/references/protocols/nucleic-acid-amplification-and-expression-profiling/pcr-protocol/superfi-pcr-protocol.html,application-note,superfi pcr protocol,GDTI,P3
www.thermofisher.com,https://www.thermofisher.com/us/en/home/references/protocols/nucleic-acid-purification-and-analysis/agarose-protocol.html,application-note,agarose protocol,GDTI,P3
www.thermofisher.com,https://www.thermofisher.com/us/en/home/references/protocols/nucleic-acid-purification-and-analysis/agarose-protocol/e-gel-clonewell-agarose-gels.html,application-note,e gel clonewell agarose gels,GDTI,P3
www.thermofisher.com,https://www.thermofisher.com/us/en/home/references/protocols/nucleic-acid-purification-and-analysis/agarose-protocol/protein-a-agarose.html,application-note,protein a agarose,GDTI,P3
www.thermofisher.com,https://www.thermofisher.com/us/en/home/references/protocols/nucleic-acid-purification-and-analysis/dna-protocol.html,application-note,dna protocol,GDTI,P3
www.thermofisher.com,https://www.thermofisher.com/us/en/home/references/protocols/nucleic-acid-purification-and-analysis/dna-protocol/bioprime-array-cgh-genomic-labeling-system.html,application-note,bioprime array cgh genomic labeling system,GDTI,P3
www.thermofisher.com,https://www.thermofisher.com/us/en/home/references/protocols/nucleic-acid-purification-and-analysis/dna-protocol/clonechecker-system.html,application-note,clonechecker system,GDTI,P3
www.thermofisher.com,https://www.thermofisher.com/us/en/home/references/protocols/nucleic-acid-purification-and-analysis/dna-protocol/genomic-dna-purification-protocols.html,application-note,genomic dna purification protocols,GDTI,P3
www.thermofisher.com,https://www.thermofisher.com/us/en/home/references/protocols/nucleic-acid-purification-and-analysis/dna-protocol/high-resolution-agarose-gel-electrophoresis.html,application-note,high resolution agarose gel electrophoresis,GDTI,P3
www.thermofisher.com,https://www.thermofisher.com/us/en/home/references/protocols/nucleic-acid-purification-and-analysis/dna-protocol/plasmid-dna-purification-protocols.html,application-note,plasmid dna purification protocols,GDTI,P3
www.thermofisher.com,https://www.thermofisher.com/us/en/home/references/protocols/nucleic-acid-purification-and-analysis/dna-protocol/pre-cast-gels-for-gel-shift-assays.html,application-note,pre cast gels for gel shift assays,GDTI,P3
www.thermofisher.com,https://www.thermofisher.com/us/en/home/references/protocols/nucleic-acid-purification-and-analysis/dna-protocol/pre-cast-denaturing-gels-for-high-resolution-nucleic-acid-analysis.html,application-note,pre cast denaturing gels for high resolution nucleic acid analysis,GDTI,P3
www.thermofisher.com,https://www.thermofisher.com/us/en/home/references/protocols/nucleic-acid-purification-and-analysis/dna-protocol/pre-cast-gels-for-low-throughput-nucleic-acid-analysis.html,application-note,pre cast gels for low throughput nucleic acid analysis,GDTI,P3
www.thermofisher.com,https://www.thermofisher.com/us/en/home/references/protocols/nucleic-acid-purification-and-analysis/dna-protocol/pre-cast-gels-for-medium-high-throughput-nucleic-acid-analysis.html,application-note,pre cast gels for medium high throughput nucleic acid analysis,GDTI,P3
www.thermofisher.com,https://www.thermofisher.com/us/en/home/references/protocols/nucleic-acid-purification-and-analysis/dna-protocol/pre-cast-gels-for-safe-nucleic-acid-analysis.html,application-note,pre cast gels for safe nucleic acid analysis,GDTI,P3
www.thermofisher.com,https://www.thermofisher.com/us/en/home/references/protocols/nucleic-acid-purification-and-analysis/dna-protocol/sodium-acetate-precipitation-of-small-nucleic-acids.html,application-note,sodium acetate precipitation of small nucleic acids,GDTI,P3
www.thermofisher.com,https://www.thermofisher.com/us/en/home/references/protocols/nucleic-acid-purification-and-analysis/dna-protocol/ultrapure-agarose.html,application-note,ultrapure agarose,GDTI,P3
www.thermofisher.com,https://www.thermofisher.com/us/en/home/references/protocols/nucleic-acid-purification-and-analysis/dna-protocol/ultrapure-agarose-1000.html,application-note,ultrapure agarose 1,GDTI,P3
www.thermofisher.com,https://www.thermofisher.com/us/en/home/references/protocols/nucleic-acid-purification-and-analysis/dna-extraction-protocols.html,application-note,dna extraction protocols,GDTI,P3
www.thermofisher.com,https://www.thermofisher.com/us/en/home/references/protocols/nucleic-acid-purification-and-analysis/dna-extraction-protocols/cosmid-dnaisolation-.html,application-note,cosmid dnaisolation,GDTI,P3
www.thermofisher.com,https://www.thermofisher.com/us/en/home/references/protocols/nucleic-acid-purification-and-analysis/dna-extraction-protocols/dynabeads-streptavidin-trial-kit.html,application-note,dynabeads streptavidin trial kit,GDTI,P3
www.thermofisher.com,https://www.thermofisher.com/us/en/home/references/protocols/nucleic-acid-purification-and-analysis/dna-extraction-protocols/enhanced-automated-immunomagnetic-separation-for-escherichia-coli-o157.html,application-note,enhanced automated immunomagnetic separation for escherichia coli o157,GDTI,P3
www.thermofisher.com,https://www.thermofisher.com/us/en/home/references/protocols/nucleic-acid-purification-and-analysis/dna-extraction-protocols/extraction-of-dna-using-reagent.html,application-note,extraction of dna using reagent,GDTI,P3
www.thermofisher.com,https://www.thermofisher.com/us/en/home/references/protocols/nucleic-acid-purification-and-analysis/dna-extraction-protocols/extraction-of-dna-from-plants-using-plant-dnazol-reagent.html,application-note,extraction of dna from plants using plant dnazol reagent,GDTI,P3
www.thermofisher.com,https://www.thermofisher.com/us/en/home/references/protocols/nucleic-acid-purification-and-analysis/dna-extraction-protocols/phenol-chloroform-extraction.html,application-note,phenol chloroform extraction,GDTI,P3
www.thermofisher.com,https://www.thermofisher.com/us/en/home/references/protocols/nucleic-acid-purification-and-analysis/dna-extraction-protocols/genomic-dnaextractiion-purelink.html,application-note,genomic dnaextractiion purelink,GDTI,P3
www.thermofisher.com,https://www.thermofisher.com/us/en/home/references/protocols/nucleic-acid-purification-and-analysis/dna-extraction-protocols/purification-of-genomic-dna.html,application-note,purification of genomic dna,GDTI,P3
www.thermofisher.com,https://www.thermofisher.com/us/en/home/references/protocols/nucleic-acid-purification-and-analysis/dna-extraction-protocols/purelink-hipure-plasmid-filter-purification-kits.html,application-note,purelink hipure plasmid filter purification kits,GDTI,P3
www.thermofisher.com,https://www.thermofisher.com/us/en/home/references/protocols/nucleic-acid-purification-and-analysis/dna-extraction-protocols/qualitative-verification-of-target-sequence-using-platinum-taq-dna-polymerase.html,application-note,qualitative verification of target sequence using platinum taq dna polymerase,GDTI,P3
www.thermofisher.com,https://www.thermofisher.com/us/en/home/references/protocols/nucleic-acid-purification-and-analysis/dna-extraction-protocols/silane-genomic-dna.html,application-note,silane genomic dna,GDTI,P2|P3
www.thermofisher.com,https://www.thermofisher.com/us/en/home/references/protocols/nucleic-acid-purification-and-analysis/dna-extraction-protocols/ssm13dna-isolation.html,application-note,ssm13dna isolation,GDTI,P3
www.thermofisher.com,https://www.thermofisher.com/us/en/home/references/protocols/nucleic-acid-purification-and-analysis/dna-extraction-protocols/tri-reagent-dna-protein-isolation-protocol.html,application-note,tri reagent dna protein isolation protocol,GDTI,P3
www.thermofisher.com,https://www.thermofisher.com/us/en/home/references/protocols/nucleic-acid-purification-and-analysis/mrna-protocols.html,application-note,mrna protocols,GDTI,P3
www.thermofisher.com,https://www.thermofisher.com/us/en/home/references/protocols/nucleic-acid-purification-and-analysis/mrna-protocols/dynabeads-mrna-direct-kit.html,application-note,dynabeads mrna direct kit,GDTI,P3
www.thermofisher.com,https://www.thermofisher.com/us/en/home/references/protocols/nucleic-acid-purification-and-analysis/mrna-protocols/mrna-isolation-for-rt-pcr-amplification.html,application-note,mrna isolation for rt pcr amplification,GDTI,P3
www.thermofisher.com,https://www.thermofisher.com/us/en/home/references/protocols/nucleic-acid-purification-and-analysis/mrna-protocols/dynabeads-mrna-purification-kit.html,application-note,dynabeads mrna purification kit,GDTI,P3
www.thermofisher.com,https://www.thermofisher.com/us/en/home/references/protocols/nucleic-acid-purification-and-analysis/mrna-protocols/dynabeads-oligo-dt-25.html,application-note,dynabeads oligo dt 5,GDTI,P3
www.thermofisher.com,https://www.thermofisher.com/us/en/home/references/protocols/nucleic-acid-purification-and-analysis/mrna-protocols/dynabeads-oligo-dt-25-61002.html,application-note,dynabeads oligo dt 5 61,GDTI,P3
www.thermofisher.com,https://www.thermofisher.com/us/en/home/references/protocols/nucleic-acid-purification-and-analysis/mrna-protocols/fasttrack-mag-mrna-isolation-kits.html,application-note,fasttrack mag mrna isolation kits,GDTI,P3
www.thermofisher.com,https://www.thermofisher.com/us/en/home/references/protocols/nucleic-acid-purification-and-analysis/mrna-protocols/purelink-mirna-isolation-kit.html,application-note,purelink mirna isolation kit,GDTI,P3
www.thermofisher.com,https://www.thermofisher.com/us/en/home/references/protocols/nucleic-acid-purification-and-analysis/mrna-protocols/purelink-rna-mini-kit.html,application-note,purelink rna mini kit,GDTI,P3
www.thermofisher.com,https://www.thermofisher.com/us/en/home/references/protocols/nucleic-acid-purification-and-analysis/mrna-protocols/ribonucleas-h.html,application-note,ribonucleas h,GDTI,P3
www.thermofisher.com,https://www.thermofisher.com/us/en/home/references/protocols/nucleic-acid-purification-and-analysis/mrna-protocols/trizol-plus-rna-purification-kit.html,application-note,trizol plus rna purification kit,GDTI,P3
www.thermofisher.com,https://www.thermofisher.com/us/en/home/references/protocols/nucleic-acid-purification-and-analysis/rna-protocol.html,application-note,rna protocol,GDTI,P3
www.thermofisher.com,https://www.thermofisher.com/us/en/home/references/protocols/nucleic-acid-purification-and-analysis/rna-protocol/agarose-gel-electrophoresis-of-rna.html,application-note,agarose gel electrophoresis of rna,GDTI,P3
www.thermofisher.com,https://www.thermofisher.com/us/en/home/references/protocols/nucleic-acid-purification-and-analysis/rna-protocol/alternative-protocol-extraction-of-rna-from-cells-captured-on-leukolock-filters-using-tri-reagent.html,application-note,alternative protocol extraction of rna from cells captured on leukolock filters using tri reagent,GDTI,P3
www.thermofisher.com,https://www.thermofisher.com/us/en/home/references/protocols/nucleic-acid-purification-and-analysis/rna-protocol/alternate-protocol-isolation-of-small-rnas-using-the-ribopure-blood-kit.html,application-note,alternate protocol isolation of small rnas using the ribopure blood kit,GDTI,P3
www.thermofisher.com,https://www.thermofisher.com/us/en/home/references/protocols/nucleic-acid-purification-and-analysis/rna-protocol/blood-fractionation-protocol-for-collection-of-white-blood-cells.html,application-note,blood fractionation protocol for collection of white blood cells,GDTI,P3
www.thermofisher.com,https://www.thermofisher.com/us/en/home/references/protocols/nucleic-acid-purification-and-analysis/rna-protocol/fluorescently-labeling-long-dsrna-with-the-silencer-sirna-labeling-kit.html,application-note,fluorescently labeling long dsrna with the silencer sirna labeling kit,GDTI,P3
www.thermofisher.com,https://www.thermofisher.com/us/en/home/references/protocols/nucleic-acid-purification-and-analysis/rna-protocol/gel-purification-of-mirna-from-total-rna.html,application-note,gel purification of mirna from total rna,GDTI,P3
www.thermofisher.com,https://www.thermofisher.com/us/en/home/references/protocols/nucleic-acid-purification-and-analysis/rna-protocol/genomic-dna-preparation-from-rnalater-preserved-tissues.html,application-note,genomic dna preparation from rnalater preserved tissues,GDTI,P3
www.thermofisher.com,https://www.thermofisher.com/us/en/home/references/protocols/nucleic-acid-purification-and-analysis/rna-protocol/indirect-all-in-one-kit-from-sample-prep-to-hybridization.html,application-note,indirect all in one kit from sample prep to hybridization,GDTI,P3
www.thermofisher.com,https://www.thermofisher.com/us/en/home/references/protocols/nucleic-acid-purification-and-analysis/rna-protocol/indirect-cdna-labeling-for-microarrays.html,application-note,indirect cdna labeling for microarrays,GDTI,P3
www.thermofisher.com,https://www.thermofisher.com/us/en/home/references/protocols/nucleic-acid-purification-and-analysis/rna-protocol/isolating-small-rnaas-using-the-magmax-96-for-microarrays-kit.html,application-note,isolating small rnaas using the magmax 96 for microarrays kit,GDTI,P3
www.thermofisher.com,https://www.thermofisher.com/us/en/home/references/protocols/nucleic-acid-purification-and-analysis/rna-protocol/protocol-for-3-prime-end-labeling-rna.html,application-note,protocol for 3 prime end labeling rna,GDTI,P3
www.thermofisher.com,https://www.thermofisher.com/us/en/home/references/protocols/nucleic-acid-purification-and-analysis/rna-protocol/protocol-for-5-prime-end-labeling-rna.html,application-note,protocol for 5 prime end labeling rna,GDTI,P3
www.thermofisher.com,https://www.thermofisher.com/us/en/home/references/protocols/nucleic-acid-purification-and-analysis/rna-protocol/protocol-for-synthesizing-biotinylated-arna.html,application-note,protocol for synthesizing biotinylated arna,GDTI,P3|P4
www.thermofisher.com,https://www.thermofisher.com/us/en/home/references/protocols/nucleic-acid-purification-and-analysis/rna-protocol/protocol-for-trichloroacetic-acid-tca-precipitation.html,application-note,protocol for trichloroacetic acid tca precipitation,GDTI,P3
www.thermofisher.com,https://www.thermofisher.com/us/en/home/references/protocols/nucleic-acid-purification-and-analysis/rna-protocol/ribominus-transcriptome-isolation-kit-yeast-and-bacteria.html,application-note,ribominus transcriptome isolation kit yeast and bacteria,GDTI,P3
www.thermofisher.com,https://www.thermofisher.com/us/en/home/references/protocols/nucleic-acid-purification-and-analysis/rna-protocol/rnaqueous-96-rna-isolation-kit-automation-protocol.html,application-note,rnaqueous 96 rna isolation kit automation protocol,GDTI,P3
www.thermofisher.com,https://www.thermofisher.com/us/en/home/references/protocols/nucleic-acid-purification-and-analysis/rna-protocol/rna-purification-protocols.html,application-note,rna purification protocols,GDTI,P3
www.thermofisher.com,https://www.thermofisher.com/us/en/home/references/protocols/nucleic-acid-purification-and-analysis/rna-protocol/rna-structure-function-protocols.html,application-note,rna structure function protocols,GDTI,P3
www.thermofisher.com,https://www.thermofisher.com/us/en/home/references/protocols/proteins-expression-isolation-and-analysis/adenovirus-protocol.html,application-note,adenovirus protocol,GDTI,P3
www.thermofisher.com,https://www.thermofisher.com/us/en/home/references/protocols/proteins-expression-isolation-and-analysis/adenovirus-protocol/virapower-adenoviral-expression-system.html,application-note,virapower adenoviral expression system,GDTI,P3
www.thermofisher.com,https://www.thermofisher.com/us/en/home/references/protocols/proteins-expression-isolation-and-analysis/antibody-protocol.html,application-note,antibody protocol,GDTI,P3
www.thermofisher.com,https://www.thermofisher.com/us/en/home/references/protocols/proteins-expression-isolation-and-analysis/antibody-protocol/antibody-coupling-kit.html,application-note,antibody coupling kit,GDTI,P3
www.thermofisher.com,https://www.thermofisher.com/us/en/home/references/protocols/proteins-expression-isolation-and-analysis/antibody-protocol/anti-v5-and-anti-v5-hrp-antibody.html,application-note,anti v5 and anti v5 hrp antibody,GDTI,P3
www.thermofisher.com,https://www.thermofisher.com/us/en/home/references/protocols/proteins-expression-isolation-and-analysis/antibody-protocol/dynabeads-co-immunoprecipitation-kit.html,application-note,dynabeads co immunoprecipitation kit,GDTI,P3
www.thermofisher.com,https://www.thermofisher.com/us/en/home/references/protocols/proteins-expression-isolation-and-analysis/antibody-protocol/mouse-igg-labeling.html,application-note,mouse igg labeling,GDTI,P3
www.thermofisher.com,https://www.thermofisher.com/us/en/home/references/protocols/proteins-expression-isolation-and-analysis/cell-separation-methods.html,application-note,cell separation methods,GDTI,P3
www.thermofisher.com,https://www.thermofisher.com/us/en/home/references/protocols/proteins-expression-isolation-and-analysis/cell-separation-methods/human-cell-separation-protocols.html,application-note,human cell separation protocols,GDTI,P3
www.thermofisher.com,https://www.thermofisher.com/us/en/home/references/protocols/proteins-expression-isolation-and-analysis/cell-separation-methods/human-cell-separation-protocols/dynabeads-human-treg-expander.html,application-note,dynabeads human treg expander,GDTI,P3
www.thermofisher.com,https://www.thermofisher.com/us/en/home/references/protocols/proteins-expression-isolation-and-analysis/cell-separation-methods/human-cell-separation-protocols/dynabeads-flowcomp-human-cd4.html,application-note,dynabeads flowcomp human cd4,GDTI,P3
www.thermofisher.com,https://www.thermofisher.com/us/en/home/references/protocols/proteins-expression-isolation-and-analysis/cell-separation-methods/human-cell-separation-protocols/dynabeads-human-dc-enrichment-kit.html,application-note,dynabeads human dc enrichment kit,GDTI,P3
www.thermofisher.com,https://www.thermofisher.com/us/en/home/references/protocols/proteins-expression-isolation-and-analysis/cell-separation-methods/human-cell-separation-protocols/dynal-cd34-progenitor-cell-selection-system.html,application-note,dynal cd34 progenitor cell selection system,GDTI,P3
www.thermofisher.com,https://www.thermofisher.com/us/en/home/references/protocols/proteins-expression-isolation-and-analysis/cell-separation-methods/human-cell-separation-protocols/dynabeads-cd4-isolate-or-deplete-human-cd4--t-cells-directly-from-whole-blood-buffy-coat-or-mnc.html,certificate,dynabeads cd4 isolate or deplete human cd4 t cells directly from whole blood buffy coat or mnc,GDTI,P3
www.thermofisher.com,https://www.thermofisher.com/us/en/home/references/protocols/proteins-expression-isolation-and-analysis/cell-separation-methods/human-cell-separation-protocols/dynabeads-cd31-endothelial-cell-isolate-or-deplete-cd31-human-microvessel-endothelial-cells.html,application-note,dynabeads cd31 endothelial cell isolate or deplete cd31 human microvessel endothelial cells,GDTI,P3
www.thermofisher.com,https://www.thermofisher.com/us/en/home/references/protocols/proteins-expression-isolation-and-analysis/cell-separation-methods/human-cell-separation-protocols/dynabeads-epithelial-enrich.html,application-note,dynabeads epithelial enrich,GDTI,P3
www.thermofisher.com,https://www.thermofisher.com/us/en/home/references/protocols/proteins-expression-isolation-and-analysis/cell-separation-methods/human-cell-separation-protocols/isolation-of-untouched-human-b-cells-by-depletion-of-non-b-cells.html,application-note,isolation of untouched human b cells by depletion of non b cells,GDTI,P3
www.thermofisher.com,https://www.thermofisher.com/us/en/home/references/protocols/proteins-expression-isolation-and-analysis/cell-separation-methods/human-cell-separation-protocols/isolation-of-untouched-human-cd4-t-cells.html,application-note,isolation of untouched human cd4 t cells,GDTI,P3
www.thermofisher.com,https://www.thermofisher.com/us/en/home/references/protocols/proteins-expression-isolation-and-analysis/cell-separation-methods/human-cell-separation-protocols/isolation-of-untouched-human-cd8-t-cells.html,application-note,isolation of untouched human cd8 t cells,GDTI,P3
www.thermofisher.com,https://www.thermofisher.com/us/en/home/references/protocols/proteins-expression-isolation-and-analysis/cell-separation-methods/human-cell-separation-protocols/isolation-of-untouched-human-monocytes-cells-by-depletion-of-non-monocytes-cells.html,application-note,isolation of untouched human monocytes cells by depletion of non monocytes cells,GDTI,P3
www.thermofisher.com,https://www.thermofisher.com/us/en/home/references/protocols/proteins-expression-isolation-and-analysis/cell-separation-methods/human-cell-separation-protocols/isolation-of-untouched-human-nk-cells-by-depletion-of-non-nk-cells.html,application-note,isolation of untouched human nk cells by depletion of non nk cells,GDTI,P3
www.thermofisher.com,https://www.thermofisher.com/us/en/home/references/protocols/proteins-expression-isolation-and-analysis/cell-separation-methods/human-cell-separation-protocols/isolation-of-untouched-human-t-cells-.html,application-note,isolation of untouched human t cells,GDTI,P3
www.thermofisher.com,https://www.thermofisher.com/us/en/home/references/protocols/proteins-expression-isolation-and-analysis/cell-separation-methods/human-cell-separation-protocols/magnetic-isolation-of-cd4-cd25-t-cells.html,application-note,magnetic isolation of cd4 cd 5 t cells,GDTI,P3
www.thermofisher.com,https://www.thermofisher.com/us/en/home/references/protocols/proteins-expression-isolation-and-analysis/cell-separation-methods/human-cell-separation-protocols/dynabeads-human-t-activator-cd3-cd28.html,application-note,dynabeads human t activator cd3 cd 8,GDTI,P3
www.thermofisher.com,https://www.thermofisher.com/us/en/home/references/protocols/proteins-expression-isolation-and-analysis/cell-separation-methods/human-cell-separation-protocols/positive-magnetic-isolation-ofcd3-t-cells-from-human-peripheral-blood-mononuclear-cells.html,application-note,positive magnetic isolation ofcd3 t cells from human peripheral blood mononuclear cells,GDTI,P3
www.thermofisher.com,https://www.thermofisher.com/us/en/home/references/protocols/proteins-expression-isolation-and-analysis/cell-separation-methods/human-cell-separation-protocols/dynabeads-cd25-for-positive-magnetic-isolation-or-depletion-of-cd25high-t-cells-from-human-samples.html,application-note,dynabeads cd 5 for positive magnetic isolation or depletion of cd 5high t cells from human samples,GDTI,P3
www.thermofisher.com,https://www.thermofisher.com/us/en/home/references/protocols/proteins-expression-isolation-and-analysis/cell-separation-methods/human-cell-separation-protocols/rapid-quantification-of-human-peripheral.html,application-note,rapid quantification of human peripheral,GDTI,P3
www.thermofisher.com,https://www.thermofisher.com/us/en/home/references/protocols/proteins-expression-isolation-and-analysis/cell-separation-methods/human-cell-separation-protocols/smooth-muscle-differentiation-supplement.html,application-note,smooth muscle differentiation supplement,GDTI,P3
www.thermofisher.com,https://www.thermofisher.com/us/en/home/references/protocols/proteins-expression-isolation-and-analysis/cell-separation-methods/mouse-cell-separation-protocols.html,application-note,mouse cell separation protocols,GDTI,P3
www.thermofisher.com,https://www.thermofisher.com/us/en/home/references/protocols/proteins-expression-isolation-and-analysis/cell-separation-methods/mouse-cell-separation-protocols/enrich-untouched-mouse-dendritic-cells.html,application-note,enrich untouched mouse dendritic cells,GDTI,P3
www.thermofisher.com,https://www.thermofisher.com/us/en/home/references/protocols/proteins-expression-isolation-and-analysis/cell-separation-methods/mouse-cell-separation-protocols/flowcomp-mouse-cd8.html,application-note,flowcomp mouse cd8,GDTI,P3
www.thermofisher.com,https://www.thermofisher.com/us/en/home/references/protocols/proteins-expression-isolation-and-analysis/cell-separation-methods/mouse-cell-separation-protocols/isolate-untouched-mouse-cd4-t-cells-by-depleting-non-cd4-t-cells.html,application-note,isolate untouched mouse cd4 t cells by depleting non cd4 t cells,GDTI,P3
www.thermofisher.com,https://www.thermofisher.com/us/en/home/references/protocols/proteins-expression-isolation-and-analysis/cell-separation-methods/mouse-cell-separation-protocols/isolate-untouched-mouse-cd8-t-cells-by-depleting-non-cd8-t-cells.html,application-note,isolate untouched mouse cd8 t cells by depleting non cd8 t cells,GDTI,P3
www.thermofisher.com,https://www.thermofisher.com/us/en/home/references/protocols/proteins-expression-isolation-and-analysis/cell-separation-methods/mouse-cell-separation-protocols/isolate-untouched-mouse-t-cells.html,application-note,isolate untouched mouse t cells,GDTI,P3
www.thermofisher.com,https://www.thermofisher.com/us/en/home/references/protocols/proteins-expression-isolation-and-analysis/cell-separation-methods/mouse-cell-separation-protocols/mouse-cd4-l3t4.html,application-note,mouse cd4 l3t4,GDTI,P3
www.thermofisher.com,https://www.thermofisher.com/us/en/home/references/protocols/proteins-expression-isolation-and-analysis/cell-separation-methods/mouse-cell-separation-protocols/mouse-cd8-lyt-2.html,application-note,mouse cd8 lyt,GDTI,P3
www.thermofisher.com,https://www.thermofisher.com/us/en/home/references/protocols/proteins-expression-isolation-and-analysis/cell-separation-methods/mouse-cell-separation-protocols/mouse-pan-b-b220.html,application-note,mouse pan b b,GDTI,P3
www.thermofisher.com,https://www.thermofisher.com/us/en/home/references/protocols/proteins-expression-isolation-and-analysis/cell-separation-methods/mouse-cell-separation-protocols/mouse-pan-t-thy-1-2.html,application-note,mouse pan t thy 1,GDTI,P3
www.thermofisher.com,https://www.thermofisher.com/us/en/home/references/protocols/proteins-expression-isolation-and-analysis/cell-separation-methods/any-species.html,application-note,any species,GDTI,P3
www.thermofisher.com,https://www.thermofisher.com/us/en/home/references/protocols/proteins-expression-isolation-and-analysis/cell-separation-methods/any-species/dynabeads-biotin-binder.html,application-note,dynabeads biotin binder,GDTI,P3|P4
www.thermofisher.com,https://www.thermofisher.com/us/en/home/references/protocols/proteins-expression-isolation-and-analysis/cell-separation-methods/any-species/dynabeads-goat-anti-mouse-igm.html,application-note,dynabeads goat anti mouse igm,GDTI,P3
www.thermofisher.com,https://www.thermofisher.com/us/en/home/references/protocols/proteins-expression-isolation-and-analysis/cell-separation-methods/any-species/dynabeads-pan-mouse-igg.html,application-note,dynabeads pan mouse igg,GDTI,P3
www.thermofisher.com,https://www.thermofisher.com/us/en/home/references/protocols/proteins-expression-isolation-and-analysis/cell-separation-methods/any-species/dynabeads-rat-anti-mouse-igm.html,application-note,dynabeads rat anti mouse igm,GDTI,P3
www.thermofisher.com,https://www.thermofisher.com/us/en/home/references/protocols/proteins-expression-isolation-and-analysis/cell-separation-methods/any-species/dynabeads-sheep-anti-mouse-igg.html,application-note,dynabeads sheep anti mouse igg,GDTI,P3
www.thermofisher.com,https://www.thermofisher.com/us/en/home/references/protocols/proteins-expression-isolation-and-analysis/cell-separation-methods/any-species/dynabeads-sheep-anti-rat-igg.html,application-note,dynabeads sheep anti rat igg,GDTI,P3
www.thermofisher.com,https://www.thermofisher.com/us/en/home/references/protocols/proteins-expression-isolation-and-analysis/cell-separation-methods/blood-buffy-mnc-marrow.html,application-note,blood buffy mnc marrow,GDTI,P3
www.thermofisher.com,https://www.thermofisher.com/us/en/home/references/protocols/proteins-expression-isolation-and-analysis/cell-separation-methods/blood-buffy-mnc-marrow/detachabead-cd19.html,application-note,detachabead cd19,GDTI,P3
www.thermofisher.com,https://www.thermofisher.com/us/en/home/references/protocols/proteins-expression-isolation-and-analysis/cell-separation-methods/blood-buffy-mnc-marrow/flexi-part-a-flow-compatible-and-tube-based-cell-isolation.html,application-note,flexi part a flow compatible and tube based cell isolation,GDTI,P3|P5
www.thermofisher.com,https://www.thermofisher.com/us/en/home/references/protocols/proteins-expression-isolation-and-analysis/cell-separation-methods/blood-buffy-mnc-marrow/isolate-cd4-t-cells.html,application-note,isolate cd4 t cells,GDTI,P3
www.thermofisher.com,https://www.thermofisher.com/us/en/home/references/protocols/proteins-expression-isolation-and-analysis/cell-separation-methods/blood-buffy-mnc-marrow/isolate-cd8-t-cells-whole-blood-buffy-coat-mnc-bone-marrow.html,certificate,isolate cd8 t cells whole blood buffy coat mnc bone marrow,GDTI,P3
www.thermofisher.com,https://www.thermofisher.com/us/en/home/references/protocols/proteins-expression-isolation-and-analysis/cell-separation-methods/blood-buffy-mnc-marrow/dynabeads-cd14-isolate-or-deplete-cd14--cells-directly-from-whole-blood-buffy-coat-mnc-suspensions-or-tissue-digests.html,certificate,dynabeads cd14 isolate or deplete cd14 cells directly from whole blood buffy coat mnc suspensions or tissue digests,GDTI,P3
www.thermofisher.com,https://www.thermofisher.com/us/en/home/references/protocols/proteins-expression-isolation-and-analysis/cell-separation-methods/blood-buffy-mnc-marrow/dynabeads-cd15.html,application-note,dynabeads cd15,GDTI,P3
www.thermofisher.com,https://www.thermofisher.com/us/en/home/references/protocols/proteins-expression-isolation-and-analysis/cell-separation-methods/blood-buffy-mnc-marrow/dynabeads-cd19-pan-b.html,application-note,dynabeads cd19 pan b,GDTI,P3
www.thermofisher.com,https://www.thermofisher.com/us/en/home/references/protocols/proteins-expression-isolation-and-analysis/cell-separation-methods/blood-buffy-mnc-marrow/dynabeads-cd3-isolate-or-deplete-cd3--t-cells-directly-from-whole-blood-buffy-coat-or-mnc-suspensions.html,certificate,dynabeads cd3 isolate or deplete cd3 t cells directly from whole blood buffy coat or mnc suspensions,GDTI,P3
www.thermofisher.com,https://www.thermofisher.com/us/en/home/references/protocols/proteins-expression-isolation-and-analysis/cell-separation-methods/blood-buffy-mnc-marrow/dynabeads-cd45-isolate-or-deplete-cd45-cells-directly-from-whole-blood-buffy-coat-or-mnc-suspensions.html,certificate,dynabeads cd45 isolate or deplete cd45 cells directly from whole blood buffy coat or mnc suspensions,GDTI,P3
www.thermofisher.com,https://www.thermofisher.com/us/en/home/references/protocols/proteins-expression-isolation-and-analysis/cell-separation-methods/blood-buffy-mnc-marrow/dynabeads-cd2-pan-t-for-magnetic-isolation-or-depletion-of-cd2-cells-directly-from-whole-blood-buffy-coat-or-mnc.html,certificate,dynabeads cd pan t for magnetic isolation or depletion of cd cells directly from whole blood buffy coat or mnc,GDTI,P3
www.thermofisher.com,https://www.thermofisher.com/us/en/home/references/protocols/proteins-expression-isolation-and-analysis/fitc-protocol.html,application-note,fitc protocol,GDTI,P3
www.thermofisher.com,https://www.thermofisher.com/us/en/home/references/protocols/proteins-expression-isolation-and-analysis/fitc-protocol/fluorescein-isothiocyanate-fitc-conjugated-antibodies.html,application-note,fluorescein isothiocyanate fitc conjugated antibodies,GDTI,P3
www.thermofisher.com,https://www.thermofisher.com/us/en/home/references/protocols/proteins-expression-isolation-and-analysis/gfp-protocol.html,application-note,gfp protocol,GDTI,P3
www.thermofisher.com,https://www.thermofisher.com/us/en/home/references/protocols/proteins-expression-isolation-and-analysis/gfp-protocol/immunocytochemistry-protocol-using-anti-gfp.html,application-note,immunocytochemistry protocol using anti gfp,GDTI,P3
www.thermofisher.com,https://www.thermofisher.com/us/en/home/references/protocols/proteins-expression-isolation-and-analysis/gfp-protocol/immunoprecipitation-protocol-using-anti-gfp-antibodies.html,application-note,immunoprecipitation protocol using anti gfp antibodies,GDTI,P3
www.thermofisher.com,https://www.thermofisher.com/us/en/home/references/protocols/proteins-expression-isolation-and-analysis/gfp-protocol/yeast-gfp-clone-collection.html,application-note,yeast gfp clone collection,GDTI,P3
www.thermofisher.com,https://www.thermofisher.com/us/en/home/references/protocols/proteins-expression-isolation-and-analysis/immunoprecipitation-protocol.html,application-note,immunoprecipitation protocol,GDTI,P3
www.thermofisher.com,https://www.thermofisher.com/us/en/home/references/protocols/proteins-expression-isolation-and-analysis/immunoprecipitation-protocol/all-in-one-kit-for-immunohistochemical-staining-for-tissues.html,application-note,all in one kit for immunohistochemical staining for tissues,GDTI,P3
www.thermofisher.com,https://www.thermofisher.com/us/en/home/references/protocols/proteins-expression-isolation-and-analysis/immunoprecipitation-protocol/immunoprecipitation-crosslinking.html,application-note,immunoprecipitation crosslinking,GDTI,P3
www.thermofisher.com,https://www.thermofisher.com/us/en/home/references/protocols/proteins-expression-isolation-and-analysis/immunoprecipitation-protocol/dynabeads-protein-a-for-immunoprecipitation-10001d.html,application-note,dynabeads protein a for immunoprecipitation 1 1d,GDTI,P3
www.thermofisher.com,https://www.thermofisher.com/us/en/home/references/protocols/proteins-expression-isolation-and-analysis/immunoprecipitation-protocol/immunoprecipitation-kit-for-dynabeads-protein-a-10006d.html,application-note,immunoprecipitation kit for dynabeads protein a 1 6d,GDTI,P3
www.thermofisher.com,https://www.thermofisher.com/us/en/home/references/protocols/proteins-expression-isolation-and-analysis/immunoprecipitation-protocol/dynabeads-protein-g-for-immunoprecipitation-10003d.html,application-note,dynabeads protein g for immunoprecipitation 1 3d,GDTI,P3
www.thermofisher.com,https://www.thermofisher.com/us/en/home/references/protocols/proteins-expression-isolation-and-analysis/immunoprecipitation-protocol/dynabeads-protein-a-for-immunoprecipitation-10007d.html,application-note,dynabeads protein a for immunoprecipitation 1 7d,GDTI,P3
www.thermofisher.com,https://www.thermofisher.com/us/en/home/references/protocols/proteins-expression-isolation-and-analysis/immunoprecipitation-protocol/dynabeads-m-280-sheep-anti-mouse-igg.html,application-note,dynabeads m 8 sheep anti mouse igg,GDTI,P3
www.thermofisher.com,https://www.thermofisher.com/us/en/home/references/protocols/proteins-expression-isolation-and-analysis/immunoprecipitation-protocol/dynabeads-m-280-sheep-anti-rabbit-igg.html,application-note,dynabeads m 8 sheep anti rabbit igg,GDTI,P3
www.thermofisher.com,https://www.thermofisher.com/us/en/home/references/protocols/proteins-expression-isolation-and-analysis/immunoprecipitation-protocol/dynabeads-m-280-streptavidin.html,application-note,dynabeads m 8 streptavidin,GDTI,P3
www.thermofisher.com,https://www.thermofisher.com/us/en/home/references/protocols/proteins-expression-isolation-and-analysis/membrane-protein-protocols.html,application-note,membrane protein protocols,GDTI,P3
www.thermofisher.com,https://www.thermofisher.com/us/en/home/references/protocols/proteins-expression-isolation-and-analysis/membrane-protein-protocols/membranemax-protein-expression-kits.html,application-note,membranemax protein expression kits,GDTI,P3
www.thermofisher.com,https://www.thermofisher.com/us/en/home/references/protocols/proteins-expression-isolation-and-analysis/protein-expression-protocol.html,application-note,protein expression protocol,GDTI,P3
www.thermofisher.com,https://www.thermofisher.com/us/en/home/references/protocols/proteins-expression-isolation-and-analysis/protein-expression-protocol/constitutive-protein-expression-in-mammalian-cells.html,application-note,constitutive protein expression in mammalian cells,GDTI,P3
www.thermofisher.com,https://www.thermofisher.com/us/en/home/references/protocols/proteins-expression-isolation-and-analysis/protein-expression-protocol/flp-in-system-for-generating-constitutive-expression-cell-lines.html,application-note,flp in system for generating constitutive expression cell lines,GDTI,P3
www.thermofisher.com,https://www.thermofisher.com/us/en/home/references/protocols/proteins-expression-isolation-and-analysis/protein-expression-protocol/generation-of-isogenic-expression-cell-lines-using-flp-in-t-rex-system.html,application-note,generation of isogenic expression cell lines using flp in t rex system,GDTI,P3
www.thermofisher.com,https://www.thermofisher.com/us/en/home/references/protocols/proteins-expression-isolation-and-analysis/protein-expression-protocol/inducible-protein-expression-inducible-protein-expression-using-geneswitch-technology.html,application-note,inducible protein expression inducible protein expression using geneswitch technology,GDTI,P3
www.thermofisher.com,https://www.thermofisher.com/us/en/home/references/protocols/proteins-expression-isolation-and-analysis/protein-expression-protocol/inducible-protein-expression-using-the-trex-system.html,application-note,inducible protein expression using the trex system,GDTI,P3
www.thermofisher.com,https://www.thermofisher.com/us/en/home/references/protocols/proteins-expression-isolation-and-analysis/protein-expression-protocol/protein-expression.html,application-note,protein expression,GDTI,P3
www.thermofisher.com,https://www.thermofisher.com/us/en/home/references/protocols/proteins-expression-isolation-and-analysis/protein-expression-protocol/lentiviral-expression-systems.html,application-note,lentiviral expression systems,GDTI,P3
www.thermofisher.com,https://www.thermofisher.com/us/en/home/references/protocols/proteins-expression-isolation-and-analysis/protein-expression-protocol/expicho-expression-system-24-96-deep-well-blocks-mini-bioreactor-tubes.html,application-note,expicho expression system 4 96 deep well blocks mini bioreactor tubes,GDTI,P3
www.thermofisher.com,https://www.thermofisher.com/us/en/home/references/protocols/proteins-expression-isolation-and-analysis/protein-isolation-protocol.html,application-note,protein isolation protocol,GDTI,P3
www.thermofisher.com,https://www.thermofisher.com/us/en/home/references/protocols/proteins-expression-isolation-and-analysis/protein-isolation-protocol/dynabeads-myone-carboxylic-acid.html,application-note,dynabeads myone carboxylic acid,GDTI,P3
www.thermofisher.com,https://www.thermofisher.com/us/en/home/references/protocols/proteins-expression-isolation-and-analysis/protein-isolation-protocol/dynabeads-myone-streptavidin-c1.html,application-note,dynabeads myone streptavidin c1,GDTI,P3
www.thermofisher.com,https://www.thermofisher.com/us/en/home/references/protocols/proteins-expression-isolation-and-analysis/protein-isolation-protocol/m-270-amine.html,application-note,m 7 amine,GDTI,P3
www.thermofisher.com,https://www.thermofisher.com/us/en/home/references/protocols/proteins-expression-isolation-and-analysis/protein-isolation-protocol/m-270-carboxylic-acid.html,application-note,m 7 carboxylic acid,GDTI,P3
www.thermofisher.com,https://www.thermofisher.com/us/en/home/references/protocols/proteins-expression-isolation-and-analysis/protein-isolation-protocol/dynabeads-m-270-streptavidin.html,application-note,dynabeads m 7 streptavidin,GDTI,P3
www.thermofisher.com,https://www.thermofisher.com/us/en/home/references/protocols/proteins-expression-isolation-and-analysis/protein-isolation-protocol/m-450-epoxy.html,application-note,m 45 epoxy,GDTI,P3
www.thermofisher.com,https://www.thermofisher.com/us/en/home/references/protocols/proteins-expression-isolation-and-analysis/protein-isolation-protocol/m-450-tosylactivated.html,application-note,m 45 tosylactivated,GDTI,P3
www.thermofisher.com,https://www.thermofisher.com/us/en/home/references/protocols/proteins-expression-isolation-and-analysis/protein-purification-protocol.html,application-note,protein purification protocol,GDTI,P3
www.thermofisher.com,https://www.thermofisher.com/us/en/home/references/protocols/proteins-expression-isolation-and-analysis/protein-purification-protocol/detection-of-his-tagged-fusion-proteins-in-gels-using-invision-his-tag-in-gel-stain.html,application-note,detection of his tagged fusion proteins in gels using invision his tag in gel stain,GDTI,P3
www.thermofisher.com,https://www.thermofisher.com/us/en/home/references/protocols/proteins-expression-isolation-and-analysis/protein-purification-protocol/enrichment-of-phosphopeptides-with-captivate-microscale-phosphopeptide-isolation-kit.html,application-note,enrichment of phosphopeptides with captivate microscale phosphopeptide isolation kit,GDTI,P3
www.thermofisher.com,https://www.thermofisher.com/us/en/home/references/protocols/proteins-expression-isolation-and-analysis/protein-purification-protocol/enrichment-of-phosphoproteins-with-pro-q-diamond-phosphoprotein-enrichment-kit.html,application-note,enrichment of phosphoproteins with pro q diamond phosphoprotein enrichment kit,GDTI,P3
www.thermofisher.com,https://www.thermofisher.com/us/en/home/references/protocols/proteins-expression-isolation-and-analysis/protein-purification-protocol/immunoprecipitation-with-dynabeads-protein-a.html,application-note,immunoprecipitation with dynabeads protein a,GDTI,P3
www.thermofisher.com,https://www.thermofisher.com/us/en/home/references/protocols/proteins-expression-isolation-and-analysis/protein-purification-protocol/immunoprecipitation-with-dynabeads-protein-g.html,application-note,immunoprecipitation with dynabeads protein g,GDTI,P3
www.thermofisher.com,https://www.thermofisher.com/us/en/home/references/protocols/proteins-expression-isolation-and-analysis/protein-purification-protocol/purification-of-polyhistidine-containing-recombinant-proteins-with-ni-nta-purification-system.html,application-note,purification of polyhistidine containing recombinant proteins with ni nta purification system,GDTI,P3
www.thermofisher.com,https://www.thermofisher.com/us/en/home/references/protocols/proteins-expression-isolation-and-analysis/sds-page-protocol.html,sds,sds page protocol,GDTI,P3
www.thermofisher.com,https://www.thermofisher.com/us/en/home/references/protocols/proteins-expression-isolation-and-analysis/sds-page-protocol/benchmark-pre-stained-protein-ladder.html,sds,benchmark pre stained protein ladder,GDTI,P3
www.thermofisher.com,https://www.thermofisher.com/us/en/home/references/protocols/proteins-expression-isolation-and-analysis/sds-page-protocol/one-dimensional-sds-gel-electrophoresis-of-peptides-and-small-proteins-with-pre-cast-gels.html,sds,one dimensional sds gel electrophoresis of peptides and small proteins with pre cast gels,GDTI,P3
www.thermofisher.com,https://www.thermofisher.com/us/en/home/references/protocols/proteins-expression-isolation-and-analysis/sds-page-protocol/one-dimensional-sds-gel-electrophoresis-of-proteins-pre-cast-gels-.html,sds,one dimensional sds gel electrophoresis of proteins pre cast gels,GDTI,P3
www.thermofisher.com,https://www.thermofisher.com/us/en/home/references/protocols/proteins-expression-isolation-and-analysis/sds-page-protocol/one-dimensional-sds-and-non-denaturing-gel-electrophoresis.html,sds,one dimensional sds and non denaturing gel electrophoresis,GDTI,P3
www.thermofisher.com,https://www.thermofisher.com/us/en/home/references/protocols/proteins-expression-isolation-and-analysis/sds-page-protocol/pre-stained-protein-standards-seeblue-plus2-protein-standard.html,sds,pre stained protein standards seeblue plus protein standard,GDTI,P3
www.thermofisher.com,https://www.thermofisher.com/us/en/home/references/protocols/proteins-expression-isolation-and-analysis/sds-page-protocol/unstained-protein-standards-mark12-protein-standard-.html,sds,unstained protein standards mark1 protein standard,GDTI,P3
www.thermofisher.com,https://www.thermofisher.com/us/en/home/references/protocols/proteins-expression-isolation-and-analysis/t-cell-activation-and-expansion.html,application-note,t cell activation and expansion,GDTI,P3
www.thermofisher.com,https://www.thermofisher.com/us/en/home/references/protocols/proteins-expression-isolation-and-analysis/t-cell-activation-and-expansion/dynabeads-human-t-activator-cd3-cd28.html,application-note,dynabeads human t activator cd3 cd 8,GDTI,P3
www.thermofisher.com,https://www.thermofisher.com/us/en/home/references/protocols/proteins-expression-isolation-and-analysis/t-cell-activation-and-expansion/mouse-pan-t-cd90-2-flow-compatible-and-tube-based-isolation-of-mouse-t-cells.html,application-note,mouse pan t cd9 flow compatible and tube based isolation of mouse t cells,GDTI,P3|P5
www.thermofisher.com,https://www.thermofisher.com/us/en/home/references/protocols/proteins-expression-isolation-and-analysis/t-cell-activation-and-expansion/mouse-t-activator-cd3-cd28.html,application-note,mouse t activator cd3 cd 8,GDTI,P3
www.thermofisher.com,https://www.thermofisher.com/us/en/home/references/protocols/proteins-expression-isolation-and-analysis/staining-protein-gels.html,application-note,staining protein gels,GDTI,P3
www.thermofisher.com,https://www.thermofisher.com/us/en/home/references/protocols/proteins-expression-isolation-and-analysis/staining-protein-gels/silver-staining.html,application-note,silver staining,GDTI,P3
www.thermofisher.com,https://www.thermofisher.com/us/en/home/references/protocols/proteins-expression-isolation-and-analysis/staining-protein-gels/coomassie-staining.html,application-note,coomassie staining,GDTI,P3
www.thermofisher.com,https://www.thermofisher.com/us/en/home/references/protocols/rnai-epigenetics-and-gene-regulation/rnai-protocol.html,application-note,rnai protocol,GDTI,P3
www.thermofisher.com,https://www.thermofisher.com/us/en/home/references/protocols/rnai-epigenetics-and-gene-regulation/rnai-protocol/use-of-block-it-fluorescent-oligo-as-rna-transfection-control.html,application-note,use of block it fluorescent oligo as rna transfection control,GDTI,P3
www.thermofisher.com,https://www.thermofisher.com/us/en/home/references/protocols/rnai-epigenetics-and-gene-regulation/rnai-protocol/block-it-hiperform-lentiviral-pol-mir-rnai-expression-system-with-emgfp.html,application-note,block it hiperform lentiviral pol mir rnai expression system with emgfp,GDTI,P3
www.thermofisher.com,https://www.thermofisher.com/us/en/home/references/protocols/rnai-epigenetics-and-gene-regulation/rnai-protocol/megascript-rnai-kit.html,application-note,megascript rnai kit,GDTI,P3
www.thermofisher.com,https://www.thermofisher.com/us/en/home/references/protocols/rnai-epigenetics-and-gene-regulation/rnai-protocol/lipofectamine-rnaimax.html,application-note,lipofectamine rnaimax,GDTI,P3
www.thermofisher.com,https://www.thermofisher.com/us/en/home/references/protocols/rnai-epigenetics-and-gene-regulation/rnai-protocol/transfecting-stealth-rnai-or-sirna-into-3t3-l1-cells-using-lipofectamine-2000.html,application-note,transfecting stealth rnai or sirna into 3t3 l1 cells using lipofectamine,GDTI,P3
www.thermofisher.com,https://www.thermofisher.com/us/en/home/references/protocols/rnai-epigenetics-and-gene-regulation/sirna-protocol.html,application-note,sirna protocol,GDTI,P3
www.thermofisher.com,https://www.thermofisher.com/us/en/home/references/protocols/rnai-epigenetics-and-gene-regulation/sirna-protocol/handling-sirna-oligonucleotides.html,application-note,handling sirna oligonucleotides,GDTI,P3
www.thermofisher.com,https://www.thermofisher.com/us/en/home/references/protocols/rnai-epigenetics-and-gene-regulation/sirna-protocol/diced-sirna-pools-for-highly-effective-rnai-knockdown.html,application-note,diced sirna pools for highly effective rnai knockdown,GDTI,P3
www.thermofisher.com,https://www.thermofisher.com/us/en/home/references/protocols/rnai-epigenetics-and-gene-regulation/sirna-protocol/inducible-shrna-expression-vectors.html,application-note,inducible shrna expression vectors,GDTI,P3
www.thermofisher.com,https://www.thermofisher.com/us/en/home/references/protocols/rnai-epigenetics-and-gene-regulation/sirna-protocol/inducible-shrnalentiviral-vectors-.html,application-note,inducible shrnalentiviral vectors,GDTI,P3
www.thermofisher.com,https://www.thermofisher.com/us/en/home/references/gibco-cell-culture-basics/cell-culture-protocols.html,application-note,cell culture protocols,GDTI,P3
www.thermofisher.com,https://www.thermofisher.com/us/en/home/references/gibco-cell-culture-basics/cell-culture-protocols/counting-cells-in-a-hemacytometer.html,application-note,counting cells in a hemacytometer,GDTI,P3
www.thermofisher.com,https://www.thermofisher.com/us/en/home/references/gibco-cell-culture-basics/cell-culture-protocols/cell-dissociation-protocol.html,application-note,cell dissociation protocol,GDTI,P3
www.thermofisher.com,https://www.thermofisher.com/us/en/home/references/gibco-cell-culture-basics/cell-culture-protocols/media-preparation-from-powder-and-concentrates.html,application-note,media preparation from powder and concentrates,GDTI,P3
www.thermofisher.com,https://www.thermofisher.com/us/en/home/references/gibco-cell-culture-basics/cell-culture-protocols/subculturing-adherent-cells.html,application-note,subculturing adherent cells,GDTI,P3
www.thermofisher.com,https://www.thermofisher.com/us/en/home/references/gibco-cell-culture-basics/cell-culture-protocols/subculturing-suspension-cells.html,application-note,subculturing suspension cells,GDTI,P3
www.thermofisher.com,https://www.thermofisher.com/us/en/home/references/gibco-cell-culture-basics/cell-culture-protocols/freezing-cells.html,application-note,freezing cells,GDTI,P3
www.thermofisher.com,https://www.thermofisher.com/us/en/home/references/gibco-cell-culture-basics/cell-culture-protocols/thawing-cells.html,application-note,thawing cells,GDTI,P3
www.thermofisher.com,https://www.thermofisher.com/us/en/home/references/gibco-cell-culture-basics/cell-culture-protocols/trypan-blue-exclusion.html,application-note,trypan blue exclusion,GDTI,P3
www.thermofisher.com,https://www.thermofisher.com/us/en/home/references/gibco-cell-culture-basics/cell-culture-protocols/cell-culture-useful-numbers.html,application-note,cell culture useful numbers,GDTI,P3
www.thermofisher.com,https://www.thermofisher.com/us/en/home/references/gibco-cell-culture-basics/cell-culture-protocols/cell-counting-tryple-countess.html,application-note,cell counting tryple countess,GDTI,P3
www.thermofisher.com,https://www.thermofisher.com/us/en/home/references/gibco-cell-culture-basics/cell-culture-protocols/types-of-growth-factors.html,application-note,types of growth factors,GDTI,P3
www.thermofisher.com,https://www.thermofisher.com/us/en/home/references/ambion-tech-support/nuclease-enzymes/turbo-dna-free-second-digest-protocol.html,application-note,turbo dna free second digest protocol,GDTI,P3
www.thermofisher.com,https://www.thermofisher.com/us/en/home/support/documents-certificates.html,certificate,documents certificates,GDTI,
www.thermofisher.com,https://www.thermofisher.com/us/en/home/brands/thermo-scientific/molecular-biology/thermo-scientific-restriction-modifying-enzymes/restriction-enzymes-thermo-scientific/fastdigest-thermo-scientific/restriction-dephosphorylation-protocols.html,application-note,restriction dephosphorylation protocols,GDTI,P3
www.thermofisher.com,https://www.thermofisher.com/us/en/home/electron-microscopy/services/remote-operations.html,manual,remote operations,GDTI,P4
www.thermofisher.com,https://www.thermofisher.com/us/en/home/electron-microscopy/manufacturing-sustainability/operational-sustainability.html,manual,operational sustainability,GDTI,
www.thermofisher.com,https://www.thermofisher.com/us/en/home/materials-science/learning-center/applications/sem-automated-quality-control-coatings.html,certificate,sem automated quality control coatings,GDTI,
www.thermofisher.com,https://www.thermofisher.com/us/en/home/materials-science/learning-center/scanning-electron-microscopy/reduce-scrap-during-metal-conversion-coating.html,certificate,reduce scrap during metal conversion coating,GDTI,
www.thermofisher.com,https://www.thermofisher.com/us/en/home/virtual/sorvall-lynx-centrifuge-3d-tour.html,manual,sorvall lynx centrifuge 3d tour,GDTI,P3
www.thermofisher.com,https://www.thermofisher.com/us/en/home/virtual/sorvall-bios16-centrifuge-3d-tour.html,manual,sorvall bios16 centrifuge 3d tour,GDTI,P3
www.thermofisher.com,https://www.thermofisher.com/us/en/home/virtual/pro-centrifuge-series.html,manual,pro centrifuge series,GDTI,P3
www.thermofisher.com,https://www.thermofisher.com/us/en/home/virtual/dynaspin-single-use-centrifuge-3d-tour.html,manual,dynaspin single use centrifuge 3d tour,GDTI,P3
www.thermofisher.com,https://www.thermofisher.com/us/en/home/virtual/sorvall-wx-ultracentrifuge-3d-tour.html,manual,sorvall wx ultracentrifuge 3d tour,GDTI,P3
www.thermofisher.com,https://www.thermofisher.com/us/en/home/bioprocessing/products/single-use/equipment-automation/centrifuge-systems.html,manual,centrifuge systems,GDTI,P1|P3
www.thermofisher.com,https://www.thermofisher.com/us/en/home/bioprocessing/services/pharmaceutical-analytics/installation-operation-qualification.html,manual,installation operation qualification,GDTI,
